,SAMPLE_KEY,BATCH,PLATE,WELL,VIEW,CPD_NAME,ANNOT,CELL_LINE,DOSE,SPLIT
0,U2OS-01_1_B02_s1_14,U2OS-01,1,B02,s1,UNTREATED,negative_control,U2OS,,train
1,U2OS-01_1_B02_s1_15,U2OS-01,1,B02,s1,UNTREATED,negative_control,U2OS,,train
2,U2OS-01_1_B02_s1_16,U2OS-01,1,B02,s1,UNTREATED,negative_control,U2OS,,train
3,U2OS-01_1_B02_s1_19,U2OS-01,1,B02,s1,UNTREATED,negative_control,U2OS,,train
4,U2OS-01_1_B02_s1_22,U2OS-01,1,B02,s1,UNTREATED,negative_control,U2OS,,train
5,U2OS-01_1_B02_s1_23,U2OS-01,1,B02,s1,UNTREATED,negative_control,U2OS,,train
6,U2OS-01_1_B02_s1_24,U2OS-01,1,B02,s1,UNTREATED,negative_control,U2OS,,train
7,U2OS-01_1_B02_s1_25,U2OS-01,1,B02,s1,UNTREATED,negative_control,U2OS,,train
8,U2OS-01_1_B02_s1_26,U2OS-01,1,B02,s1,UNTREATED,negative_control,U2OS,,train
9,U2OS-01_1_B02_s1_27,U2OS-01,1,B02,s1,UNTREATED,negative_control,U2OS,,train
10,U2OS-01_1_B02_s1_28,U2OS-01,1,B02,s1,UNTREATED,negative_control,U2OS,,train
11,U2OS-01_1_B02_s1_30,U2OS-01,1,B02,s1,UNTREATED,negative_control,U2OS,,train
12,U2OS-01_1_B02_s1_33,U2OS-01,1,B02,s1,UNTREATED,negative_control,U2OS,,train
13,U2OS-01_1_B02_s1_34,U2OS-01,1,B02,s1,UNTREATED,negative_control,U2OS,,train
14,U2OS-01_1_B02_s1_38,U2OS-01,1,B02,s1,UNTREATED,negative_control,U2OS,,train
15,U2OS-01_1_B02_s1_40,U2OS-01,1,B02,s1,UNTREATED,negative_control,U2OS,,train
16,U2OS-01_1_B02_s1_41,U2OS-01,1,B02,s1,UNTREATED,negative_control,U2OS,,train
17,U2OS-01_1_B02_s1_43,U2OS-01,1,B02,s1,UNTREATED,negative_control,U2OS,,train
18,U2OS-01_1_B02_s1_44,U2OS-01,1,B02,s1,UNTREATED,negative_control,U2OS,,train
19,U2OS-01_1_B02_s1_45,U2OS-01,1,B02,s1,UNTREATED,negative_control,U2OS,,train
20,U2OS-01_1_B02_s1_48,U2OS-01,1,B02,s1,UNTREATED,negative_control,U2OS,,train
21,U2OS-01_1_B02_s1_50,U2OS-01,1,B02,s1,UNTREATED,negative_control,U2OS,,train
22,U2OS-01_1_B02_s1_51,U2OS-01,1,B02,s1,UNTREATED,negative_control,U2OS,,train
23,U2OS-01_1_B02_s1_52,U2OS-01,1,B02,s1,UNTREATED,negative_control,U2OS,,train
24,U2OS-01_1_B02_s1_55,U2OS-01,1,B02,s1,UNTREATED,negative_control,U2OS,,train
25,U2OS-01_1_B02_s1_56,U2OS-01,1,B02,s1,UNTREATED,negative_control,U2OS,,train
26,U2OS-01_1_B02_s1_57,U2OS-01,1,B02,s1,UNTREATED,negative_control,U2OS,,train
27,U2OS-01_1_B02_s1_59,U2OS-01,1,B02,s1,UNTREATED,negative_control,U2OS,,train
28,U2OS-01_1_B02_s1_61,U2OS-01,1,B02,s1,UNTREATED,negative_control,U2OS,,train
29,U2OS-01_1_B02_s1_63,U2OS-01,1,B02,s1,UNTREATED,negative_control,U2OS,,train
30,U2OS-01_1_B02_s1_66,U2OS-01,1,B02,s1,UNTREATED,negative_control,U2OS,,train
31,U2OS-01_1_B02_s1_69,U2OS-01,1,B02,s1,UNTREATED,negative_control,U2OS,,train
32,U2OS-01_1_B02_s1_71,U2OS-01,1,B02,s1,UNTREATED,negative_control,U2OS,,train
33,U2OS-01_1_B02_s1_72,U2OS-01,1,B02,s1,UNTREATED,negative_control,U2OS,,train
34,U2OS-01_1_B02_s1_73,U2OS-01,1,B02,s1,UNTREATED,negative_control,U2OS,,train
35,U2OS-01_1_B02_s1_75,U2OS-01,1,B02,s1,UNTREATED,negative_control,U2OS,,train
36,U2OS-01_1_B02_s1_76,U2OS-01,1,B02,s1,UNTREATED,negative_control,U2OS,,train
37,U2OS-01_1_B02_s1_79,U2OS-01,1,B02,s1,UNTREATED,negative_control,U2OS,,train
38,U2OS-01_1_B02_s1_80,U2OS-01,1,B02,s1,UNTREATED,negative_control,U2OS,,train
39,U2OS-01_1_B02_s1_81,U2OS-01,1,B02,s1,UNTREATED,negative_control,U2OS,,train
40,U2OS-01_1_B04_s1_3,U2OS-01,1,B04,s1,CHAF1A,treated,U2OS,,train
41,U2OS-01_1_B04_s1_4,U2OS-01,1,B04,s1,CHAF1A,treated,U2OS,,train
42,U2OS-01_1_B04_s1_5,U2OS-01,1,B04,s1,CHAF1A,treated,U2OS,,train
43,U2OS-01_1_B04_s1_7,U2OS-01,1,B04,s1,CHAF1A,treated,U2OS,,train
44,U2OS-01_1_B04_s1_11,U2OS-01,1,B04,s1,CHAF1A,treated,U2OS,,train
45,U2OS-01_1_B04_s1_12,U2OS-01,1,B04,s1,CHAF1A,treated,U2OS,,train
46,U2OS-01_1_B04_s1_13,U2OS-01,1,B04,s1,CHAF1A,treated,U2OS,,train
47,U2OS-01_1_B04_s1_15,U2OS-01,1,B04,s1,CHAF1A,treated,U2OS,,train
48,U2OS-01_1_B04_s1_16,U2OS-01,1,B04,s1,CHAF1A,treated,U2OS,,train
49,U2OS-01_1_B04_s1_17,U2OS-01,1,B04,s1,CHAF1A,treated,U2OS,,train
50,U2OS-01_1_B04_s1_18,U2OS-01,1,B04,s1,CHAF1A,treated,U2OS,,train
51,U2OS-01_1_B04_s1_19,U2OS-01,1,B04,s1,CHAF1A,treated,U2OS,,train
52,U2OS-01_1_B04_s1_20,U2OS-01,1,B04,s1,CHAF1A,treated,U2OS,,train
53,U2OS-01_1_B04_s1_21,U2OS-01,1,B04,s1,CHAF1A,treated,U2OS,,train
54,U2OS-01_1_B04_s1_25,U2OS-01,1,B04,s1,CHAF1A,treated,U2OS,,train
55,U2OS-01_1_B04_s1_26,U2OS-01,1,B04,s1,CHAF1A,treated,U2OS,,train
56,U2OS-01_1_B04_s1_27,U2OS-01,1,B04,s1,CHAF1A,treated,U2OS,,train
57,U2OS-01_1_B04_s1_28,U2OS-01,1,B04,s1,CHAF1A,treated,U2OS,,train
58,U2OS-01_1_B04_s1_29,U2OS-01,1,B04,s1,CHAF1A,treated,U2OS,,train
59,U2OS-01_1_B04_s1_30,U2OS-01,1,B04,s1,CHAF1A,treated,U2OS,,train
60,U2OS-01_1_B04_s1_31,U2OS-01,1,B04,s1,CHAF1A,treated,U2OS,,train
61,U2OS-01_1_B04_s1_33,U2OS-01,1,B04,s1,CHAF1A,treated,U2OS,,train
62,U2OS-01_1_B04_s1_35,U2OS-01,1,B04,s1,CHAF1A,treated,U2OS,,train
63,U2OS-01_1_B04_s1_36,U2OS-01,1,B04,s1,CHAF1A,treated,U2OS,,train
64,U2OS-01_1_B04_s1_37,U2OS-01,1,B04,s1,CHAF1A,treated,U2OS,,train
65,U2OS-01_1_B04_s1_38,U2OS-01,1,B04,s1,CHAF1A,treated,U2OS,,train
66,U2OS-01_1_B04_s1_39,U2OS-01,1,B04,s1,CHAF1A,treated,U2OS,,train
67,U2OS-01_1_B04_s1_40,U2OS-01,1,B04,s1,CHAF1A,treated,U2OS,,train
68,U2OS-01_1_B04_s1_41,U2OS-01,1,B04,s1,CHAF1A,treated,U2OS,,train
69,U2OS-01_1_B04_s1_42,U2OS-01,1,B04,s1,CHAF1A,treated,U2OS,,train
70,U2OS-01_1_B04_s1_44,U2OS-01,1,B04,s1,CHAF1A,treated,U2OS,,train
71,U2OS-01_1_B04_s1_45,U2OS-01,1,B04,s1,CHAF1A,treated,U2OS,,train
72,U2OS-01_1_B04_s1_47,U2OS-01,1,B04,s1,CHAF1A,treated,U2OS,,train
73,U2OS-01_1_B04_s1_48,U2OS-01,1,B04,s1,CHAF1A,treated,U2OS,,train
74,U2OS-01_1_B04_s1_49,U2OS-01,1,B04,s1,CHAF1A,treated,U2OS,,train
75,U2OS-01_1_B04_s1_51,U2OS-01,1,B04,s1,CHAF1A,treated,U2OS,,train
76,U2OS-01_1_B04_s1_52,U2OS-01,1,B04,s1,CHAF1A,treated,U2OS,,train
77,U2OS-01_1_B04_s2_1,U2OS-01,1,B04,s2,CHAF1A,treated,U2OS,,train
78,U2OS-01_1_B04_s2_2,U2OS-01,1,B04,s2,CHAF1A,treated,U2OS,,train
79,U2OS-01_1_B04_s2_4,U2OS-01,1,B04,s2,CHAF1A,treated,U2OS,,train
80,U2OS-01_1_B18_s1_10,U2OS-01,1,B18,s1,TSPAN32,treated,U2OS,,train
81,U2OS-01_1_B18_s1_11,U2OS-01,1,B18,s1,TSPAN32,treated,U2OS,,train
82,U2OS-01_1_B18_s1_13,U2OS-01,1,B18,s1,TSPAN32,treated,U2OS,,train
83,U2OS-01_1_B18_s1_15,U2OS-01,1,B18,s1,TSPAN32,treated,U2OS,,train
84,U2OS-01_1_B18_s1_17,U2OS-01,1,B18,s1,TSPAN32,treated,U2OS,,train
85,U2OS-01_1_B18_s1_19,U2OS-01,1,B18,s1,TSPAN32,treated,U2OS,,train
86,U2OS-01_1_B18_s1_20,U2OS-01,1,B18,s1,TSPAN32,treated,U2OS,,train
87,U2OS-01_1_B18_s1_22,U2OS-01,1,B18,s1,TSPAN32,treated,U2OS,,train
88,U2OS-01_1_B18_s1_23,U2OS-01,1,B18,s1,TSPAN32,treated,U2OS,,train
89,U2OS-01_1_B18_s1_25,U2OS-01,1,B18,s1,TSPAN32,treated,U2OS,,train
90,U2OS-01_1_B18_s1_27,U2OS-01,1,B18,s1,TSPAN32,treated,U2OS,,train
91,U2OS-01_1_B18_s1_28,U2OS-01,1,B18,s1,TSPAN32,treated,U2OS,,train
92,U2OS-01_1_B18_s1_29,U2OS-01,1,B18,s1,TSPAN32,treated,U2OS,,train
93,U2OS-01_1_B18_s1_31,U2OS-01,1,B18,s1,TSPAN32,treated,U2OS,,train
94,U2OS-01_1_B18_s1_36,U2OS-01,1,B18,s1,TSPAN32,treated,U2OS,,train
95,U2OS-01_1_B18_s1_38,U2OS-01,1,B18,s1,TSPAN32,treated,U2OS,,train
96,U2OS-01_1_B18_s1_40,U2OS-01,1,B18,s1,TSPAN32,treated,U2OS,,train
97,U2OS-01_1_B18_s1_41,U2OS-01,1,B18,s1,TSPAN32,treated,U2OS,,train
98,U2OS-01_1_B18_s1_43,U2OS-01,1,B18,s1,TSPAN32,treated,U2OS,,train
99,U2OS-01_1_B18_s1_44,U2OS-01,1,B18,s1,TSPAN32,treated,U2OS,,train
100,U2OS-01_1_B18_s1_45,U2OS-01,1,B18,s1,TSPAN32,treated,U2OS,,train
101,U2OS-01_1_B18_s1_47,U2OS-01,1,B18,s1,TSPAN32,treated,U2OS,,train
102,U2OS-01_1_B18_s1_48,U2OS-01,1,B18,s1,TSPAN32,treated,U2OS,,train
103,U2OS-01_1_B18_s1_50,U2OS-01,1,B18,s1,TSPAN32,treated,U2OS,,train
104,U2OS-01_1_B18_s1_51,U2OS-01,1,B18,s1,TSPAN32,treated,U2OS,,train
105,U2OS-01_1_B18_s1_52,U2OS-01,1,B18,s1,TSPAN32,treated,U2OS,,train
106,U2OS-01_1_B18_s1_53,U2OS-01,1,B18,s1,TSPAN32,treated,U2OS,,train
107,U2OS-01_1_B18_s1_55,U2OS-01,1,B18,s1,TSPAN32,treated,U2OS,,train
108,U2OS-01_1_B18_s1_56,U2OS-01,1,B18,s1,TSPAN32,treated,U2OS,,train
109,U2OS-01_1_B18_s1_57,U2OS-01,1,B18,s1,TSPAN32,treated,U2OS,,train
110,U2OS-01_1_B18_s1_60,U2OS-01,1,B18,s1,TSPAN32,treated,U2OS,,train
111,U2OS-01_1_B18_s1_62,U2OS-01,1,B18,s1,TSPAN32,treated,U2OS,,train
112,U2OS-01_1_B18_s1_66,U2OS-01,1,B18,s1,TSPAN32,treated,U2OS,,train
113,U2OS-01_1_B18_s1_67,U2OS-01,1,B18,s1,TSPAN32,treated,U2OS,,train
114,U2OS-01_1_B18_s1_68,U2OS-01,1,B18,s1,TSPAN32,treated,U2OS,,train
115,U2OS-01_1_B18_s1_70,U2OS-01,1,B18,s1,TSPAN32,treated,U2OS,,train
116,U2OS-01_1_B18_s1_71,U2OS-01,1,B18,s1,TSPAN32,treated,U2OS,,train
117,U2OS-01_1_B18_s1_73,U2OS-01,1,B18,s1,TSPAN32,treated,U2OS,,train
118,U2OS-01_1_B18_s2_2,U2OS-01,1,B18,s2,TSPAN32,treated,U2OS,,train
119,U2OS-01_1_B18_s2_3,U2OS-01,1,B18,s2,TSPAN32,treated,U2OS,,train
120,U2OS-01_1_E11_s1_5,U2OS-01,1,E11,s1,SPATA2,treated,U2OS,,train
121,U2OS-01_1_E11_s1_7,U2OS-01,1,E11,s1,SPATA2,treated,U2OS,,train
122,U2OS-01_1_E11_s1_8,U2OS-01,1,E11,s1,SPATA2,treated,U2OS,,train
123,U2OS-01_1_E11_s1_12,U2OS-01,1,E11,s1,SPATA2,treated,U2OS,,train
124,U2OS-01_1_E11_s1_13,U2OS-01,1,E11,s1,SPATA2,treated,U2OS,,train
125,U2OS-01_1_E11_s1_15,U2OS-01,1,E11,s1,SPATA2,treated,U2OS,,train
126,U2OS-01_1_E11_s1_16,U2OS-01,1,E11,s1,SPATA2,treated,U2OS,,train
127,U2OS-01_1_E11_s2_1,U2OS-01,1,E11,s2,SPATA2,treated,U2OS,,train
128,U2OS-01_1_E12_s1_12,U2OS-01,1,E12,s1,FAM13A,treated,U2OS,,train
129,U2OS-01_1_E12_s1_13,U2OS-01,1,E12,s1,FAM13A,treated,U2OS,,train
130,U2OS-01_1_E12_s1_15,U2OS-01,1,E12,s1,FAM13A,treated,U2OS,,train
131,U2OS-01_1_E12_s1_17,U2OS-01,1,E12,s1,FAM13A,treated,U2OS,,train
132,U2OS-01_1_E12_s1_20,U2OS-01,1,E12,s1,FAM13A,treated,U2OS,,train
133,U2OS-01_1_E12_s1_21,U2OS-01,1,E12,s1,FAM13A,treated,U2OS,,train
134,U2OS-01_1_E12_s1_23,U2OS-01,1,E12,s1,FAM13A,treated,U2OS,,train
135,U2OS-01_1_E12_s1_24,U2OS-01,1,E12,s1,FAM13A,treated,U2OS,,train
136,U2OS-01_1_E12_s1_26,U2OS-01,1,E12,s1,FAM13A,treated,U2OS,,train
137,U2OS-01_1_E12_s1_27,U2OS-01,1,E12,s1,FAM13A,treated,U2OS,,train
138,U2OS-01_1_E12_s1_29,U2OS-01,1,E12,s1,FAM13A,treated,U2OS,,train
139,U2OS-01_1_E12_s1_30,U2OS-01,1,E12,s1,FAM13A,treated,U2OS,,train
140,U2OS-01_1_E12_s1_31,U2OS-01,1,E12,s1,FAM13A,treated,U2OS,,train
141,U2OS-01_1_E12_s1_32,U2OS-01,1,E12,s1,FAM13A,treated,U2OS,,train
142,U2OS-01_1_E12_s1_36,U2OS-01,1,E12,s1,FAM13A,treated,U2OS,,train
143,U2OS-01_1_E12_s1_37,U2OS-01,1,E12,s1,FAM13A,treated,U2OS,,train
144,U2OS-01_1_E12_s1_38,U2OS-01,1,E12,s1,FAM13A,treated,U2OS,,train
145,U2OS-01_1_E12_s1_39,U2OS-01,1,E12,s1,FAM13A,treated,U2OS,,train
146,U2OS-01_1_E12_s1_41,U2OS-01,1,E12,s1,FAM13A,treated,U2OS,,train
147,U2OS-01_1_E12_s1_42,U2OS-01,1,E12,s1,FAM13A,treated,U2OS,,train
148,U2OS-01_1_E12_s1_43,U2OS-01,1,E12,s1,FAM13A,treated,U2OS,,train
149,U2OS-01_1_E12_s1_45,U2OS-01,1,E12,s1,FAM13A,treated,U2OS,,train
150,U2OS-01_1_E12_s1_47,U2OS-01,1,E12,s1,FAM13A,treated,U2OS,,train
151,U2OS-01_1_E12_s1_48,U2OS-01,1,E12,s1,FAM13A,treated,U2OS,,train
152,U2OS-01_1_E12_s1_49,U2OS-01,1,E12,s1,FAM13A,treated,U2OS,,train
153,U2OS-01_1_E12_s1_50,U2OS-01,1,E12,s1,FAM13A,treated,U2OS,,train
154,U2OS-01_1_E12_s1_52,U2OS-01,1,E12,s1,FAM13A,treated,U2OS,,train
155,U2OS-01_1_E12_s1_53,U2OS-01,1,E12,s1,FAM13A,treated,U2OS,,train
156,U2OS-01_1_E12_s1_54,U2OS-01,1,E12,s1,FAM13A,treated,U2OS,,train
157,U2OS-01_1_E12_s1_55,U2OS-01,1,E12,s1,FAM13A,treated,U2OS,,train
158,U2OS-01_1_E12_s1_57,U2OS-01,1,E12,s1,FAM13A,treated,U2OS,,train
159,U2OS-01_1_E12_s1_58,U2OS-01,1,E12,s1,FAM13A,treated,U2OS,,train
160,U2OS-01_1_E12_s1_60,U2OS-01,1,E12,s1,FAM13A,treated,U2OS,,train
161,U2OS-01_1_E12_s1_61,U2OS-01,1,E12,s1,FAM13A,treated,U2OS,,train
162,U2OS-01_1_E12_s1_63,U2OS-01,1,E12,s1,FAM13A,treated,U2OS,,train
163,U2OS-01_1_E12_s1_65,U2OS-01,1,E12,s1,FAM13A,treated,U2OS,,train
164,U2OS-01_1_E12_s1_66,U2OS-01,1,E12,s1,FAM13A,treated,U2OS,,train
165,U2OS-01_1_E12_s1_68,U2OS-01,1,E12,s1,FAM13A,treated,U2OS,,train
166,U2OS-01_1_E12_s1_69,U2OS-01,1,E12,s1,FAM13A,treated,U2OS,,train
167,U2OS-01_1_E12_s1_70,U2OS-01,1,E12,s1,FAM13A,treated,U2OS,,train
168,U2OS-01_1_F13_s1_1,U2OS-01,1,F13,s1,IST1,treated,U2OS,,train
169,U2OS-01_1_F13_s1_4,U2OS-01,1,F13,s1,IST1,treated,U2OS,,train
170,U2OS-01_1_F13_s1_5,U2OS-01,1,F13,s1,IST1,treated,U2OS,,train
171,U2OS-01_1_F13_s1_11,U2OS-01,1,F13,s1,IST1,treated,U2OS,,train
172,U2OS-01_1_F13_s1_12,U2OS-01,1,F13,s1,IST1,treated,U2OS,,train
173,U2OS-01_1_F13_s1_14,U2OS-01,1,F13,s1,IST1,treated,U2OS,,train
174,U2OS-01_1_F13_s2_7,U2OS-01,1,F13,s2,IST1,treated,U2OS,,train
175,U2OS-01_1_F13_s2_8,U2OS-01,1,F13,s2,IST1,treated,U2OS,,train
176,U2OS-01_1_F13_s2_9,U2OS-01,1,F13,s2,IST1,treated,U2OS,,train
177,U2OS-01_1_F13_s2_10,U2OS-01,1,F13,s2,IST1,treated,U2OS,,train
178,U2OS-01_1_F13_s2_11,U2OS-01,1,F13,s2,IST1,treated,U2OS,,train
179,U2OS-01_1_F13_s2_12,U2OS-01,1,F13,s2,IST1,treated,U2OS,,train
180,U2OS-01_1_F13_s2_13,U2OS-01,1,F13,s2,IST1,treated,U2OS,,train
181,U2OS-01_1_F13_s2_14,U2OS-01,1,F13,s2,IST1,treated,U2OS,,train
182,U2OS-01_1_F13_s2_17,U2OS-01,1,F13,s2,IST1,treated,U2OS,,train
183,U2OS-01_1_F13_s2_20,U2OS-01,1,F13,s2,IST1,treated,U2OS,,train
184,U2OS-01_1_F13_s2_22,U2OS-01,1,F13,s2,IST1,treated,U2OS,,train
185,U2OS-01_1_F13_s2_24,U2OS-01,1,F13,s2,IST1,treated,U2OS,,train
186,U2OS-01_1_F13_s2_26,U2OS-01,1,F13,s2,IST1,treated,U2OS,,train
187,U2OS-01_1_F13_s2_27,U2OS-01,1,F13,s2,IST1,treated,U2OS,,train
188,U2OS-01_1_F13_s2_29,U2OS-01,1,F13,s2,IST1,treated,U2OS,,train
189,U2OS-01_1_F13_s2_32,U2OS-01,1,F13,s2,IST1,treated,U2OS,,train
190,U2OS-01_1_G05_s1_22,U2OS-01,1,G05,s1,TTI1,treated,U2OS,,train
191,U2OS-01_1_G05_s1_23,U2OS-01,1,G05,s1,TTI1,treated,U2OS,,train
192,U2OS-01_1_G05_s1_24,U2OS-01,1,G05,s1,TTI1,treated,U2OS,,train
193,U2OS-01_1_G05_s1_27,U2OS-01,1,G05,s1,TTI1,treated,U2OS,,train
194,U2OS-01_1_G05_s1_30,U2OS-01,1,G05,s1,TTI1,treated,U2OS,,train
195,U2OS-01_1_G05_s1_31,U2OS-01,1,G05,s1,TTI1,treated,U2OS,,train
196,U2OS-01_1_G05_s1_32,U2OS-01,1,G05,s1,TTI1,treated,U2OS,,train
197,U2OS-01_1_G05_s1_33,U2OS-01,1,G05,s1,TTI1,treated,U2OS,,train
198,U2OS-01_1_G05_s1_35,U2OS-01,1,G05,s1,TTI1,treated,U2OS,,train
199,U2OS-01_1_G05_s1_37,U2OS-01,1,G05,s1,TTI1,treated,U2OS,,train
200,U2OS-01_1_G05_s1_38,U2OS-01,1,G05,s1,TTI1,treated,U2OS,,train
201,U2OS-01_1_G05_s1_39,U2OS-01,1,G05,s1,TTI1,treated,U2OS,,train
202,U2OS-01_1_G05_s1_40,U2OS-01,1,G05,s1,TTI1,treated,U2OS,,train
203,U2OS-01_1_G05_s1_41,U2OS-01,1,G05,s1,TTI1,treated,U2OS,,train
204,U2OS-01_1_G05_s1_45,U2OS-01,1,G05,s1,TTI1,treated,U2OS,,train
205,U2OS-01_1_G05_s1_47,U2OS-01,1,G05,s1,TTI1,treated,U2OS,,train
206,U2OS-01_1_G05_s1_50,U2OS-01,1,G05,s1,TTI1,treated,U2OS,,train
207,U2OS-01_1_G05_s1_51,U2OS-01,1,G05,s1,TTI1,treated,U2OS,,train
208,U2OS-01_1_G05_s1_54,U2OS-01,1,G05,s1,TTI1,treated,U2OS,,train
209,U2OS-01_1_G05_s1_56,U2OS-01,1,G05,s1,TTI1,treated,U2OS,,train
210,U2OS-01_1_G05_s1_57,U2OS-01,1,G05,s1,TTI1,treated,U2OS,,train
211,U2OS-01_1_G05_s1_63,U2OS-01,1,G05,s1,TTI1,treated,U2OS,,train
212,U2OS-01_1_G05_s1_66,U2OS-01,1,G05,s1,TTI1,treated,U2OS,,train
213,U2OS-01_1_G05_s1_67,U2OS-01,1,G05,s1,TTI1,treated,U2OS,,train
214,U2OS-01_1_G05_s1_68,U2OS-01,1,G05,s1,TTI1,treated,U2OS,,train
215,U2OS-01_1_G05_s2_11,U2OS-01,1,G05,s2,TTI1,treated,U2OS,,train
216,U2OS-01_1_G05_s2_14,U2OS-01,1,G05,s2,TTI1,treated,U2OS,,train
217,U2OS-01_1_G05_s2_15,U2OS-01,1,G05,s2,TTI1,treated,U2OS,,train
218,U2OS-01_1_G05_s2_16,U2OS-01,1,G05,s2,TTI1,treated,U2OS,,train
219,U2OS-01_1_G05_s2_17,U2OS-01,1,G05,s2,TTI1,treated,U2OS,,train
220,U2OS-01_1_G05_s2_19,U2OS-01,1,G05,s2,TTI1,treated,U2OS,,train
221,U2OS-01_1_G05_s2_20,U2OS-01,1,G05,s2,TTI1,treated,U2OS,,train
222,U2OS-01_1_G05_s2_22,U2OS-01,1,G05,s2,TTI1,treated,U2OS,,train
223,U2OS-01_1_G05_s2_23,U2OS-01,1,G05,s2,TTI1,treated,U2OS,,train
224,U2OS-01_1_G05_s2_25,U2OS-01,1,G05,s2,TTI1,treated,U2OS,,train
225,U2OS-01_1_G05_s2_28,U2OS-01,1,G05,s2,TTI1,treated,U2OS,,train
226,U2OS-01_1_G05_s2_29,U2OS-01,1,G05,s2,TTI1,treated,U2OS,,train
227,U2OS-01_1_G05_s2_33,U2OS-01,1,G05,s2,TTI1,treated,U2OS,,train
228,U2OS-01_1_G05_s2_34,U2OS-01,1,G05,s2,TTI1,treated,U2OS,,train
229,U2OS-01_1_G05_s2_35,U2OS-01,1,G05,s2,TTI1,treated,U2OS,,train
230,U2OS-01_1_G07_s1_11,U2OS-01,1,G07,s1,CDC42EP2,treated,U2OS,,train
231,U2OS-01_1_G07_s1_12,U2OS-01,1,G07,s1,CDC42EP2,treated,U2OS,,train
232,U2OS-01_1_G07_s1_14,U2OS-01,1,G07,s1,CDC42EP2,treated,U2OS,,train
233,U2OS-01_1_G07_s1_16,U2OS-01,1,G07,s1,CDC42EP2,treated,U2OS,,train
234,U2OS-01_1_G07_s1_19,U2OS-01,1,G07,s1,CDC42EP2,treated,U2OS,,train
235,U2OS-01_1_G07_s1_20,U2OS-01,1,G07,s1,CDC42EP2,treated,U2OS,,train
236,U2OS-01_1_G07_s1_23,U2OS-01,1,G07,s1,CDC42EP2,treated,U2OS,,train
237,U2OS-01_1_G07_s1_24,U2OS-01,1,G07,s1,CDC42EP2,treated,U2OS,,train
238,U2OS-01_1_G07_s1_25,U2OS-01,1,G07,s1,CDC42EP2,treated,U2OS,,train
239,U2OS-01_1_G07_s1_26,U2OS-01,1,G07,s1,CDC42EP2,treated,U2OS,,train
240,U2OS-01_1_G07_s1_28,U2OS-01,1,G07,s1,CDC42EP2,treated,U2OS,,train
241,U2OS-01_1_G07_s1_29,U2OS-01,1,G07,s1,CDC42EP2,treated,U2OS,,train
242,U2OS-01_1_G07_s1_30,U2OS-01,1,G07,s1,CDC42EP2,treated,U2OS,,train
243,U2OS-01_1_G07_s1_32,U2OS-01,1,G07,s1,CDC42EP2,treated,U2OS,,train
244,U2OS-01_1_G07_s1_39,U2OS-01,1,G07,s1,CDC42EP2,treated,U2OS,,train
245,U2OS-01_1_G07_s1_41,U2OS-01,1,G07,s1,CDC42EP2,treated,U2OS,,train
246,U2OS-01_1_G07_s1_43,U2OS-01,1,G07,s1,CDC42EP2,treated,U2OS,,train
247,U2OS-01_1_G07_s1_44,U2OS-01,1,G07,s1,CDC42EP2,treated,U2OS,,train
248,U2OS-01_1_G07_s1_46,U2OS-01,1,G07,s1,CDC42EP2,treated,U2OS,,train
249,U2OS-01_1_G07_s1_47,U2OS-01,1,G07,s1,CDC42EP2,treated,U2OS,,train
250,U2OS-01_1_G07_s1_48,U2OS-01,1,G07,s1,CDC42EP2,treated,U2OS,,train
251,U2OS-01_1_G07_s1_51,U2OS-01,1,G07,s1,CDC42EP2,treated,U2OS,,train
252,U2OS-01_1_G07_s1_52,U2OS-01,1,G07,s1,CDC42EP2,treated,U2OS,,train
253,U2OS-01_1_G07_s1_53,U2OS-01,1,G07,s1,CDC42EP2,treated,U2OS,,train
254,U2OS-01_1_G07_s1_55,U2OS-01,1,G07,s1,CDC42EP2,treated,U2OS,,train
255,U2OS-01_1_G07_s1_56,U2OS-01,1,G07,s1,CDC42EP2,treated,U2OS,,train
256,U2OS-01_1_G07_s1_57,U2OS-01,1,G07,s1,CDC42EP2,treated,U2OS,,train
257,U2OS-01_1_G07_s1_58,U2OS-01,1,G07,s1,CDC42EP2,treated,U2OS,,train
258,U2OS-01_1_G07_s1_61,U2OS-01,1,G07,s1,CDC42EP2,treated,U2OS,,train
259,U2OS-01_1_G07_s2_2,U2OS-01,1,G07,s2,CDC42EP2,treated,U2OS,,train
260,U2OS-01_1_G07_s2_4,U2OS-01,1,G07,s2,CDC42EP2,treated,U2OS,,train
261,U2OS-01_1_G07_s2_6,U2OS-01,1,G07,s2,CDC42EP2,treated,U2OS,,train
262,U2OS-01_1_G07_s2_8,U2OS-01,1,G07,s2,CDC42EP2,treated,U2OS,,train
263,U2OS-01_1_G07_s2_9,U2OS-01,1,G07,s2,CDC42EP2,treated,U2OS,,train
264,U2OS-01_1_G07_s2_11,U2OS-01,1,G07,s2,CDC42EP2,treated,U2OS,,train
265,U2OS-01_1_G07_s2_14,U2OS-01,1,G07,s2,CDC42EP2,treated,U2OS,,train
266,U2OS-01_1_G07_s2_15,U2OS-01,1,G07,s2,CDC42EP2,treated,U2OS,,train
267,U2OS-01_1_G07_s2_18,U2OS-01,1,G07,s2,CDC42EP2,treated,U2OS,,train
268,U2OS-01_1_G07_s2_19,U2OS-01,1,G07,s2,CDC42EP2,treated,U2OS,,train
269,U2OS-01_1_G07_s2_20,U2OS-01,1,G07,s2,CDC42EP2,treated,U2OS,,train
270,U2OS-01_1_G15_s1_15,U2OS-01,1,G15,s1,REC8,treated,U2OS,,train
271,U2OS-01_1_G15_s1_16,U2OS-01,1,G15,s1,REC8,treated,U2OS,,train
272,U2OS-01_1_G15_s1_17,U2OS-01,1,G15,s1,REC8,treated,U2OS,,train
273,U2OS-01_1_G15_s1_19,U2OS-01,1,G15,s1,REC8,treated,U2OS,,train
274,U2OS-01_1_G15_s1_21,U2OS-01,1,G15,s1,REC8,treated,U2OS,,train
275,U2OS-01_1_G15_s1_23,U2OS-01,1,G15,s1,REC8,treated,U2OS,,train
276,U2OS-01_1_G15_s1_24,U2OS-01,1,G15,s1,REC8,treated,U2OS,,train
277,U2OS-01_1_G15_s1_25,U2OS-01,1,G15,s1,REC8,treated,U2OS,,train
278,U2OS-01_1_G15_s1_26,U2OS-01,1,G15,s1,REC8,treated,U2OS,,train
279,U2OS-01_1_G15_s1_27,U2OS-01,1,G15,s1,REC8,treated,U2OS,,train
280,U2OS-01_1_G15_s1_28,U2OS-01,1,G15,s1,REC8,treated,U2OS,,train
281,U2OS-01_1_G15_s1_29,U2OS-01,1,G15,s1,REC8,treated,U2OS,,train
282,U2OS-01_1_G15_s1_30,U2OS-01,1,G15,s1,REC8,treated,U2OS,,train
283,U2OS-01_1_G15_s1_31,U2OS-01,1,G15,s1,REC8,treated,U2OS,,train
284,U2OS-01_1_G15_s1_38,U2OS-01,1,G15,s1,REC8,treated,U2OS,,train
285,U2OS-01_1_G15_s1_39,U2OS-01,1,G15,s1,REC8,treated,U2OS,,train
286,U2OS-01_1_G15_s1_40,U2OS-01,1,G15,s1,REC8,treated,U2OS,,train
287,U2OS-01_1_G15_s1_41,U2OS-01,1,G15,s1,REC8,treated,U2OS,,train
288,U2OS-01_1_G15_s1_44,U2OS-01,1,G15,s1,REC8,treated,U2OS,,train
289,U2OS-01_1_G15_s1_45,U2OS-01,1,G15,s1,REC8,treated,U2OS,,train
290,U2OS-01_1_G15_s1_46,U2OS-01,1,G15,s1,REC8,treated,U2OS,,train
291,U2OS-01_1_G15_s1_50,U2OS-01,1,G15,s1,REC8,treated,U2OS,,train
292,U2OS-01_1_G15_s1_51,U2OS-01,1,G15,s1,REC8,treated,U2OS,,train
293,U2OS-01_1_G15_s1_52,U2OS-01,1,G15,s1,REC8,treated,U2OS,,train
294,U2OS-01_1_G15_s1_53,U2OS-01,1,G15,s1,REC8,treated,U2OS,,train
295,U2OS-01_1_G15_s1_54,U2OS-01,1,G15,s1,REC8,treated,U2OS,,train
296,U2OS-01_1_G15_s1_55,U2OS-01,1,G15,s1,REC8,treated,U2OS,,train
297,U2OS-01_1_G15_s1_56,U2OS-01,1,G15,s1,REC8,treated,U2OS,,train
298,U2OS-01_1_G15_s1_57,U2OS-01,1,G15,s1,REC8,treated,U2OS,,train
299,U2OS-01_1_G15_s1_58,U2OS-01,1,G15,s1,REC8,treated,U2OS,,train
300,U2OS-01_1_G15_s1_61,U2OS-01,1,G15,s1,REC8,treated,U2OS,,train
301,U2OS-01_1_G15_s1_63,U2OS-01,1,G15,s1,REC8,treated,U2OS,,train
302,U2OS-01_1_G15_s1_66,U2OS-01,1,G15,s1,REC8,treated,U2OS,,train
303,U2OS-01_1_G15_s1_67,U2OS-01,1,G15,s1,REC8,treated,U2OS,,train
304,U2OS-01_1_G15_s1_68,U2OS-01,1,G15,s1,REC8,treated,U2OS,,train
305,U2OS-01_1_G15_s1_72,U2OS-01,1,G15,s1,REC8,treated,U2OS,,train
306,U2OS-01_1_G15_s1_73,U2OS-01,1,G15,s1,REC8,treated,U2OS,,train
307,U2OS-01_1_G15_s1_75,U2OS-01,1,G15,s1,REC8,treated,U2OS,,train
308,U2OS-01_1_G15_s1_76,U2OS-01,1,G15,s1,REC8,treated,U2OS,,train
309,U2OS-01_1_G15_s1_77,U2OS-01,1,G15,s1,REC8,treated,U2OS,,train
310,U2OS-01_1_H04_s1_11,U2OS-01,1,H04,s1,TIMM17A,treated,U2OS,,train
311,U2OS-01_1_H04_s1_12,U2OS-01,1,H04,s1,TIMM17A,treated,U2OS,,train
312,U2OS-01_1_H04_s1_16,U2OS-01,1,H04,s1,TIMM17A,treated,U2OS,,train
313,U2OS-01_1_H04_s1_20,U2OS-01,1,H04,s1,TIMM17A,treated,U2OS,,train
314,U2OS-01_1_H04_s1_21,U2OS-01,1,H04,s1,TIMM17A,treated,U2OS,,train
315,U2OS-01_1_H04_s1_22,U2OS-01,1,H04,s1,TIMM17A,treated,U2OS,,train
316,U2OS-01_1_H04_s1_23,U2OS-01,1,H04,s1,TIMM17A,treated,U2OS,,train
317,U2OS-01_1_H04_s1_25,U2OS-01,1,H04,s1,TIMM17A,treated,U2OS,,train
318,U2OS-01_1_H04_s1_26,U2OS-01,1,H04,s1,TIMM17A,treated,U2OS,,train
319,U2OS-01_1_H04_s1_27,U2OS-01,1,H04,s1,TIMM17A,treated,U2OS,,train
320,U2OS-01_1_H04_s1_28,U2OS-01,1,H04,s1,TIMM17A,treated,U2OS,,train
321,U2OS-01_1_H04_s1_29,U2OS-01,1,H04,s1,TIMM17A,treated,U2OS,,train
322,U2OS-01_1_H04_s1_30,U2OS-01,1,H04,s1,TIMM17A,treated,U2OS,,train
323,U2OS-01_1_H04_s1_32,U2OS-01,1,H04,s1,TIMM17A,treated,U2OS,,train
324,U2OS-01_1_H04_s1_33,U2OS-01,1,H04,s1,TIMM17A,treated,U2OS,,train
325,U2OS-01_1_H04_s1_34,U2OS-01,1,H04,s1,TIMM17A,treated,U2OS,,train
326,U2OS-01_1_H04_s1_40,U2OS-01,1,H04,s1,TIMM17A,treated,U2OS,,train
327,U2OS-01_1_H04_s1_41,U2OS-01,1,H04,s1,TIMM17A,treated,U2OS,,train
328,U2OS-01_1_H04_s1_42,U2OS-01,1,H04,s1,TIMM17A,treated,U2OS,,train
329,U2OS-01_1_H04_s1_44,U2OS-01,1,H04,s1,TIMM17A,treated,U2OS,,train
330,U2OS-01_1_H04_s1_45,U2OS-01,1,H04,s1,TIMM17A,treated,U2OS,,train
331,U2OS-01_1_H04_s2_3,U2OS-01,1,H04,s2,TIMM17A,treated,U2OS,,train
332,U2OS-01_1_H04_s2_4,U2OS-01,1,H04,s2,TIMM17A,treated,U2OS,,train
333,U2OS-01_1_H04_s2_6,U2OS-01,1,H04,s2,TIMM17A,treated,U2OS,,train
334,U2OS-01_1_H04_s2_7,U2OS-01,1,H04,s2,TIMM17A,treated,U2OS,,train
335,U2OS-01_1_H04_s2_9,U2OS-01,1,H04,s2,TIMM17A,treated,U2OS,,train
336,U2OS-01_1_H04_s2_10,U2OS-01,1,H04,s2,TIMM17A,treated,U2OS,,train
337,U2OS-01_1_H04_s2_11,U2OS-01,1,H04,s2,TIMM17A,treated,U2OS,,train
338,U2OS-01_1_H04_s2_13,U2OS-01,1,H04,s2,TIMM17A,treated,U2OS,,train
339,U2OS-01_1_H04_s2_16,U2OS-01,1,H04,s2,TIMM17A,treated,U2OS,,train
340,U2OS-01_1_H04_s2_17,U2OS-01,1,H04,s2,TIMM17A,treated,U2OS,,train
341,U2OS-01_1_H04_s2_18,U2OS-01,1,H04,s2,TIMM17A,treated,U2OS,,train
342,U2OS-01_1_H04_s2_20,U2OS-01,1,H04,s2,TIMM17A,treated,U2OS,,train
343,U2OS-01_1_H04_s2_23,U2OS-01,1,H04,s2,TIMM17A,treated,U2OS,,train
344,U2OS-01_1_H04_s2_25,U2OS-01,1,H04,s2,TIMM17A,treated,U2OS,,train
345,U2OS-01_1_H04_s2_26,U2OS-01,1,H04,s2,TIMM17A,treated,U2OS,,train
346,U2OS-01_1_I05_s1_17,U2OS-01,1,I05,s1,EI24,treated,U2OS,,train
347,U2OS-01_1_I05_s1_18,U2OS-01,1,I05,s1,EI24,treated,U2OS,,train
348,U2OS-01_1_I05_s1_19,U2OS-01,1,I05,s1,EI24,treated,U2OS,,train
349,U2OS-01_1_I05_s1_21,U2OS-01,1,I05,s1,EI24,treated,U2OS,,train
350,U2OS-01_1_I05_s1_23,U2OS-01,1,I05,s1,EI24,treated,U2OS,,train
351,U2OS-01_1_I05_s1_24,U2OS-01,1,I05,s1,EI24,treated,U2OS,,train
352,U2OS-01_1_I05_s1_25,U2OS-01,1,I05,s1,EI24,treated,U2OS,,train
353,U2OS-01_1_I05_s1_26,U2OS-01,1,I05,s1,EI24,treated,U2OS,,train
354,U2OS-01_1_I05_s1_28,U2OS-01,1,I05,s1,EI24,treated,U2OS,,train
355,U2OS-01_1_I05_s1_29,U2OS-01,1,I05,s1,EI24,treated,U2OS,,train
356,U2OS-01_1_I05_s1_30,U2OS-01,1,I05,s1,EI24,treated,U2OS,,train
357,U2OS-01_1_I05_s1_31,U2OS-01,1,I05,s1,EI24,treated,U2OS,,train
358,U2OS-01_1_I05_s1_34,U2OS-01,1,I05,s1,EI24,treated,U2OS,,train
359,U2OS-01_1_I05_s1_35,U2OS-01,1,I05,s1,EI24,treated,U2OS,,train
360,U2OS-01_1_I05_s1_39,U2OS-01,1,I05,s1,EI24,treated,U2OS,,train
361,U2OS-01_1_I05_s1_40,U2OS-01,1,I05,s1,EI24,treated,U2OS,,train
362,U2OS-01_1_I05_s1_41,U2OS-01,1,I05,s1,EI24,treated,U2OS,,train
363,U2OS-01_1_I05_s1_43,U2OS-01,1,I05,s1,EI24,treated,U2OS,,train
364,U2OS-01_1_I05_s1_45,U2OS-01,1,I05,s1,EI24,treated,U2OS,,train
365,U2OS-01_1_I05_s1_46,U2OS-01,1,I05,s1,EI24,treated,U2OS,,train
366,U2OS-01_1_I05_s1_47,U2OS-01,1,I05,s1,EI24,treated,U2OS,,train
367,U2OS-01_1_I05_s1_50,U2OS-01,1,I05,s1,EI24,treated,U2OS,,train
368,U2OS-01_1_I05_s1_51,U2OS-01,1,I05,s1,EI24,treated,U2OS,,train
369,U2OS-01_1_I05_s1_52,U2OS-01,1,I05,s1,EI24,treated,U2OS,,train
370,U2OS-01_1_I05_s1_53,U2OS-01,1,I05,s1,EI24,treated,U2OS,,train
371,U2OS-01_1_I05_s1_55,U2OS-01,1,I05,s1,EI24,treated,U2OS,,train
372,U2OS-01_1_I05_s1_57,U2OS-01,1,I05,s1,EI24,treated,U2OS,,train
373,U2OS-01_1_I05_s1_58,U2OS-01,1,I05,s1,EI24,treated,U2OS,,train
374,U2OS-01_1_I05_s1_59,U2OS-01,1,I05,s1,EI24,treated,U2OS,,train
375,U2OS-01_1_I05_s1_60,U2OS-01,1,I05,s1,EI24,treated,U2OS,,train
376,U2OS-01_1_I05_s1_62,U2OS-01,1,I05,s1,EI24,treated,U2OS,,train
377,U2OS-01_1_I05_s1_63,U2OS-01,1,I05,s1,EI24,treated,U2OS,,train
378,U2OS-01_1_I05_s1_65,U2OS-01,1,I05,s1,EI24,treated,U2OS,,train
379,U2OS-01_1_I05_s1_66,U2OS-01,1,I05,s1,EI24,treated,U2OS,,train
380,U2OS-01_1_I05_s1_68,U2OS-01,1,I05,s1,EI24,treated,U2OS,,train
381,U2OS-01_1_I05_s1_72,U2OS-01,1,I05,s1,EI24,treated,U2OS,,train
382,U2OS-01_1_I05_s1_73,U2OS-01,1,I05,s1,EI24,treated,U2OS,,train
383,U2OS-01_1_I05_s1_77,U2OS-01,1,I05,s1,EI24,treated,U2OS,,train
384,U2OS-01_1_I05_s1_78,U2OS-01,1,I05,s1,EI24,treated,U2OS,,train
385,U2OS-01_1_I05_s1_79,U2OS-01,1,I05,s1,EI24,treated,U2OS,,train
386,U2OS-01_1_J02_s1_17,U2OS-01,1,J02,s1,CRISP3,treated,U2OS,,train
387,U2OS-01_1_J02_s1_21,U2OS-01,1,J02,s1,CRISP3,treated,U2OS,,train
388,U2OS-01_1_J02_s1_22,U2OS-01,1,J02,s1,CRISP3,treated,U2OS,,train
389,U2OS-01_1_J02_s1_24,U2OS-01,1,J02,s1,CRISP3,treated,U2OS,,train
390,U2OS-01_1_J02_s1_28,U2OS-01,1,J02,s1,CRISP3,treated,U2OS,,train
391,U2OS-01_1_J02_s1_29,U2OS-01,1,J02,s1,CRISP3,treated,U2OS,,train
392,U2OS-01_1_J02_s1_30,U2OS-01,1,J02,s1,CRISP3,treated,U2OS,,train
393,U2OS-01_1_J02_s1_31,U2OS-01,1,J02,s1,CRISP3,treated,U2OS,,train
394,U2OS-01_1_J02_s1_34,U2OS-01,1,J02,s1,CRISP3,treated,U2OS,,train
395,U2OS-01_1_J02_s1_35,U2OS-01,1,J02,s1,CRISP3,treated,U2OS,,train
396,U2OS-01_1_J02_s1_36,U2OS-01,1,J02,s1,CRISP3,treated,U2OS,,train
397,U2OS-01_1_J02_s1_37,U2OS-01,1,J02,s1,CRISP3,treated,U2OS,,train
398,U2OS-01_1_J02_s1_39,U2OS-01,1,J02,s1,CRISP3,treated,U2OS,,train
399,U2OS-01_1_J02_s1_40,U2OS-01,1,J02,s1,CRISP3,treated,U2OS,,train
400,U2OS-01_1_J02_s1_47,U2OS-01,1,J02,s1,CRISP3,treated,U2OS,,train
401,U2OS-01_1_J02_s1_48,U2OS-01,1,J02,s1,CRISP3,treated,U2OS,,train
402,U2OS-01_1_J02_s1_49,U2OS-01,1,J02,s1,CRISP3,treated,U2OS,,train
403,U2OS-01_1_J02_s1_50,U2OS-01,1,J02,s1,CRISP3,treated,U2OS,,train
404,U2OS-01_1_J02_s1_51,U2OS-01,1,J02,s1,CRISP3,treated,U2OS,,train
405,U2OS-01_1_J02_s1_52,U2OS-01,1,J02,s1,CRISP3,treated,U2OS,,train
406,U2OS-01_1_J02_s1_53,U2OS-01,1,J02,s1,CRISP3,treated,U2OS,,train
407,U2OS-01_1_J02_s1_55,U2OS-01,1,J02,s1,CRISP3,treated,U2OS,,train
408,U2OS-01_1_J02_s1_56,U2OS-01,1,J02,s1,CRISP3,treated,U2OS,,train
409,U2OS-01_1_J02_s1_57,U2OS-01,1,J02,s1,CRISP3,treated,U2OS,,train
410,U2OS-01_1_J02_s1_60,U2OS-01,1,J02,s1,CRISP3,treated,U2OS,,train
411,U2OS-01_1_J02_s1_61,U2OS-01,1,J02,s1,CRISP3,treated,U2OS,,train
412,U2OS-01_1_J02_s1_63,U2OS-01,1,J02,s1,CRISP3,treated,U2OS,,train
413,U2OS-01_1_J02_s1_64,U2OS-01,1,J02,s1,CRISP3,treated,U2OS,,train
414,U2OS-01_1_J02_s1_65,U2OS-01,1,J02,s1,CRISP3,treated,U2OS,,train
415,U2OS-01_1_J02_s1_66,U2OS-01,1,J02,s1,CRISP3,treated,U2OS,,train
416,U2OS-01_1_J02_s1_69,U2OS-01,1,J02,s1,CRISP3,treated,U2OS,,train
417,U2OS-01_1_J02_s1_71,U2OS-01,1,J02,s1,CRISP3,treated,U2OS,,train
418,U2OS-01_1_J02_s1_73,U2OS-01,1,J02,s1,CRISP3,treated,U2OS,,train
419,U2OS-01_1_J02_s1_74,U2OS-01,1,J02,s1,CRISP3,treated,U2OS,,train
420,U2OS-01_1_J02_s1_75,U2OS-01,1,J02,s1,CRISP3,treated,U2OS,,train
421,U2OS-01_1_J02_s1_77,U2OS-01,1,J02,s1,CRISP3,treated,U2OS,,train
422,U2OS-01_1_J02_s1_79,U2OS-01,1,J02,s1,CRISP3,treated,U2OS,,train
423,U2OS-01_1_J02_s1_81,U2OS-01,1,J02,s1,CRISP3,treated,U2OS,,train
424,U2OS-01_1_J02_s1_82,U2OS-01,1,J02,s1,CRISP3,treated,U2OS,,train
425,U2OS-01_1_J02_s1_84,U2OS-01,1,J02,s1,CRISP3,treated,U2OS,,train
426,U2OS-01_1_J10_s1_7,U2OS-01,1,J10,s1,USP6NL,treated,U2OS,,train
427,U2OS-01_1_J10_s1_11,U2OS-01,1,J10,s1,USP6NL,treated,U2OS,,train
428,U2OS-01_1_J10_s1_12,U2OS-01,1,J10,s1,USP6NL,treated,U2OS,,train
429,U2OS-01_1_J10_s1_16,U2OS-01,1,J10,s1,USP6NL,treated,U2OS,,train
430,U2OS-01_1_J10_s1_18,U2OS-01,1,J10,s1,USP6NL,treated,U2OS,,train
431,U2OS-01_1_J10_s1_19,U2OS-01,1,J10,s1,USP6NL,treated,U2OS,,train
432,U2OS-01_1_J10_s1_22,U2OS-01,1,J10,s1,USP6NL,treated,U2OS,,train
433,U2OS-01_1_J10_s1_23,U2OS-01,1,J10,s1,USP6NL,treated,U2OS,,train
434,U2OS-01_1_J10_s1_24,U2OS-01,1,J10,s1,USP6NL,treated,U2OS,,train
435,U2OS-01_1_J10_s1_25,U2OS-01,1,J10,s1,USP6NL,treated,U2OS,,train
436,U2OS-01_1_J10_s1_26,U2OS-01,1,J10,s1,USP6NL,treated,U2OS,,train
437,U2OS-01_1_J10_s1_29,U2OS-01,1,J10,s1,USP6NL,treated,U2OS,,train
438,U2OS-01_1_J10_s1_30,U2OS-01,1,J10,s1,USP6NL,treated,U2OS,,train
439,U2OS-01_1_J10_s1_31,U2OS-01,1,J10,s1,USP6NL,treated,U2OS,,train
440,U2OS-01_1_J10_s1_36,U2OS-01,1,J10,s1,USP6NL,treated,U2OS,,train
441,U2OS-01_1_J10_s1_37,U2OS-01,1,J10,s1,USP6NL,treated,U2OS,,train
442,U2OS-01_1_J10_s1_38,U2OS-01,1,J10,s1,USP6NL,treated,U2OS,,train
443,U2OS-01_1_J10_s1_39,U2OS-01,1,J10,s1,USP6NL,treated,U2OS,,train
444,U2OS-01_1_J10_s1_40,U2OS-01,1,J10,s1,USP6NL,treated,U2OS,,train
445,U2OS-01_1_J10_s1_42,U2OS-01,1,J10,s1,USP6NL,treated,U2OS,,train
446,U2OS-01_1_J10_s1_43,U2OS-01,1,J10,s1,USP6NL,treated,U2OS,,train
447,U2OS-01_1_J10_s1_46,U2OS-01,1,J10,s1,USP6NL,treated,U2OS,,train
448,U2OS-01_1_J10_s1_47,U2OS-01,1,J10,s1,USP6NL,treated,U2OS,,train
449,U2OS-01_1_J10_s1_48,U2OS-01,1,J10,s1,USP6NL,treated,U2OS,,train
450,U2OS-01_1_J10_s1_49,U2OS-01,1,J10,s1,USP6NL,treated,U2OS,,train
451,U2OS-01_1_J10_s1_50,U2OS-01,1,J10,s1,USP6NL,treated,U2OS,,train
452,U2OS-01_1_J10_s1_52,U2OS-01,1,J10,s1,USP6NL,treated,U2OS,,train
453,U2OS-01_1_J10_s1_53,U2OS-01,1,J10,s1,USP6NL,treated,U2OS,,train
454,U2OS-01_1_J10_s1_54,U2OS-01,1,J10,s1,USP6NL,treated,U2OS,,train
455,U2OS-01_1_J10_s1_55,U2OS-01,1,J10,s1,USP6NL,treated,U2OS,,train
456,U2OS-01_1_J10_s1_58,U2OS-01,1,J10,s1,USP6NL,treated,U2OS,,train
457,U2OS-01_1_J10_s1_60,U2OS-01,1,J10,s1,USP6NL,treated,U2OS,,train
458,U2OS-01_1_J10_s1_63,U2OS-01,1,J10,s1,USP6NL,treated,U2OS,,train
459,U2OS-01_1_J10_s1_64,U2OS-01,1,J10,s1,USP6NL,treated,U2OS,,train
460,U2OS-01_1_J10_s1_65,U2OS-01,1,J10,s1,USP6NL,treated,U2OS,,train
461,U2OS-01_1_J10_s1_67,U2OS-01,1,J10,s1,USP6NL,treated,U2OS,,train
462,U2OS-01_1_J10_s1_68,U2OS-01,1,J10,s1,USP6NL,treated,U2OS,,train
463,U2OS-01_1_J10_s1_73,U2OS-01,1,J10,s1,USP6NL,treated,U2OS,,train
464,U2OS-01_1_J10_s1_74,U2OS-01,1,J10,s1,USP6NL,treated,U2OS,,train
465,U2OS-01_1_J10_s1_75,U2OS-01,1,J10,s1,USP6NL,treated,U2OS,,train
466,U2OS-01_1_L16_s1_15,U2OS-01,1,L16,s1,VGLL4,treated,U2OS,,train
467,U2OS-01_1_L16_s1_16,U2OS-01,1,L16,s1,VGLL4,treated,U2OS,,train
468,U2OS-01_1_L16_s1_17,U2OS-01,1,L16,s1,VGLL4,treated,U2OS,,train
469,U2OS-01_1_L16_s1_19,U2OS-01,1,L16,s1,VGLL4,treated,U2OS,,train
470,U2OS-01_1_L16_s1_21,U2OS-01,1,L16,s1,VGLL4,treated,U2OS,,train
471,U2OS-01_1_L16_s1_22,U2OS-01,1,L16,s1,VGLL4,treated,U2OS,,train
472,U2OS-01_1_L16_s1_25,U2OS-01,1,L16,s1,VGLL4,treated,U2OS,,train
473,U2OS-01_1_L16_s1_26,U2OS-01,1,L16,s1,VGLL4,treated,U2OS,,train
474,U2OS-01_1_L16_s1_27,U2OS-01,1,L16,s1,VGLL4,treated,U2OS,,train
475,U2OS-01_1_L16_s1_28,U2OS-01,1,L16,s1,VGLL4,treated,U2OS,,train
476,U2OS-01_1_L16_s1_29,U2OS-01,1,L16,s1,VGLL4,treated,U2OS,,train
477,U2OS-01_1_L16_s1_33,U2OS-01,1,L16,s1,VGLL4,treated,U2OS,,train
478,U2OS-01_1_L16_s1_34,U2OS-01,1,L16,s1,VGLL4,treated,U2OS,,train
479,U2OS-01_1_L16_s1_36,U2OS-01,1,L16,s1,VGLL4,treated,U2OS,,train
480,U2OS-01_1_L16_s1_41,U2OS-01,1,L16,s1,VGLL4,treated,U2OS,,train
481,U2OS-01_1_L16_s1_42,U2OS-01,1,L16,s1,VGLL4,treated,U2OS,,train
482,U2OS-01_1_L16_s1_43,U2OS-01,1,L16,s1,VGLL4,treated,U2OS,,train
483,U2OS-01_1_L16_s1_44,U2OS-01,1,L16,s1,VGLL4,treated,U2OS,,train
484,U2OS-01_1_L16_s1_46,U2OS-01,1,L16,s1,VGLL4,treated,U2OS,,train
485,U2OS-01_1_L16_s1_47,U2OS-01,1,L16,s1,VGLL4,treated,U2OS,,train
486,U2OS-01_1_L16_s1_48,U2OS-01,1,L16,s1,VGLL4,treated,U2OS,,train
487,U2OS-01_1_L16_s1_51,U2OS-01,1,L16,s1,VGLL4,treated,U2OS,,train
488,U2OS-01_1_L16_s1_53,U2OS-01,1,L16,s1,VGLL4,treated,U2OS,,train
489,U2OS-01_1_L16_s1_54,U2OS-01,1,L16,s1,VGLL4,treated,U2OS,,train
490,U2OS-01_1_L16_s1_55,U2OS-01,1,L16,s1,VGLL4,treated,U2OS,,train
491,U2OS-01_1_L16_s1_56,U2OS-01,1,L16,s1,VGLL4,treated,U2OS,,train
492,U2OS-01_1_L16_s1_57,U2OS-01,1,L16,s1,VGLL4,treated,U2OS,,train
493,U2OS-01_1_L16_s1_58,U2OS-01,1,L16,s1,VGLL4,treated,U2OS,,train
494,U2OS-01_1_L16_s1_59,U2OS-01,1,L16,s1,VGLL4,treated,U2OS,,train
495,U2OS-01_1_L16_s1_60,U2OS-01,1,L16,s1,VGLL4,treated,U2OS,,train
496,U2OS-01_1_L16_s1_63,U2OS-01,1,L16,s1,VGLL4,treated,U2OS,,train
497,U2OS-01_1_L16_s1_64,U2OS-01,1,L16,s1,VGLL4,treated,U2OS,,train
498,U2OS-01_1_L16_s1_66,U2OS-01,1,L16,s1,VGLL4,treated,U2OS,,train
499,U2OS-01_1_L16_s1_67,U2OS-01,1,L16,s1,VGLL4,treated,U2OS,,train
500,U2OS-01_1_L16_s1_69,U2OS-01,1,L16,s1,VGLL4,treated,U2OS,,train
501,U2OS-01_1_L16_s1_71,U2OS-01,1,L16,s1,VGLL4,treated,U2OS,,train
502,U2OS-01_1_L16_s1_72,U2OS-01,1,L16,s1,VGLL4,treated,U2OS,,train
503,U2OS-01_1_L16_s1_74,U2OS-01,1,L16,s1,VGLL4,treated,U2OS,,train
504,U2OS-01_1_L16_s1_76,U2OS-01,1,L16,s1,VGLL4,treated,U2OS,,train
505,U2OS-01_1_L16_s1_77,U2OS-01,1,L16,s1,VGLL4,treated,U2OS,,train
506,U2OS-01_1_L17_s1_11,U2OS-01,1,L17,s1,DOCK4,treated,U2OS,,train
507,U2OS-01_1_L17_s1_12,U2OS-01,1,L17,s1,DOCK4,treated,U2OS,,train
508,U2OS-01_1_L17_s1_14,U2OS-01,1,L17,s1,DOCK4,treated,U2OS,,train
509,U2OS-01_1_L17_s1_17,U2OS-01,1,L17,s1,DOCK4,treated,U2OS,,train
510,U2OS-01_1_L17_s1_19,U2OS-01,1,L17,s1,DOCK4,treated,U2OS,,train
511,U2OS-01_1_L17_s1_20,U2OS-01,1,L17,s1,DOCK4,treated,U2OS,,train
512,U2OS-01_1_L17_s1_21,U2OS-01,1,L17,s1,DOCK4,treated,U2OS,,train
513,U2OS-01_1_L17_s1_22,U2OS-01,1,L17,s1,DOCK4,treated,U2OS,,train
514,U2OS-01_1_L17_s1_23,U2OS-01,1,L17,s1,DOCK4,treated,U2OS,,train
515,U2OS-01_1_L17_s1_24,U2OS-01,1,L17,s1,DOCK4,treated,U2OS,,train
516,U2OS-01_1_L17_s1_25,U2OS-01,1,L17,s1,DOCK4,treated,U2OS,,train
517,U2OS-01_1_L17_s1_26,U2OS-01,1,L17,s1,DOCK4,treated,U2OS,,train
518,U2OS-01_1_L17_s1_27,U2OS-01,1,L17,s1,DOCK4,treated,U2OS,,train
519,U2OS-01_1_L17_s1_29,U2OS-01,1,L17,s1,DOCK4,treated,U2OS,,train
520,U2OS-01_1_L17_s1_34,U2OS-01,1,L17,s1,DOCK4,treated,U2OS,,train
521,U2OS-01_1_L17_s1_35,U2OS-01,1,L17,s1,DOCK4,treated,U2OS,,train
522,U2OS-01_1_L17_s1_36,U2OS-01,1,L17,s1,DOCK4,treated,U2OS,,train
523,U2OS-01_1_L17_s1_38,U2OS-01,1,L17,s1,DOCK4,treated,U2OS,,train
524,U2OS-01_1_L17_s1_39,U2OS-01,1,L17,s1,DOCK4,treated,U2OS,,train
525,U2OS-01_1_L17_s1_40,U2OS-01,1,L17,s1,DOCK4,treated,U2OS,,train
526,U2OS-01_1_L17_s1_42,U2OS-01,1,L17,s1,DOCK4,treated,U2OS,,train
527,U2OS-01_1_L17_s1_44,U2OS-01,1,L17,s1,DOCK4,treated,U2OS,,train
528,U2OS-01_1_L17_s1_45,U2OS-01,1,L17,s1,DOCK4,treated,U2OS,,train
529,U2OS-01_1_L17_s1_46,U2OS-01,1,L17,s1,DOCK4,treated,U2OS,,train
530,U2OS-01_1_L17_s1_47,U2OS-01,1,L17,s1,DOCK4,treated,U2OS,,train
531,U2OS-01_1_L17_s1_48,U2OS-01,1,L17,s1,DOCK4,treated,U2OS,,train
532,U2OS-01_1_L17_s1_49,U2OS-01,1,L17,s1,DOCK4,treated,U2OS,,train
533,U2OS-01_1_L17_s1_50,U2OS-01,1,L17,s1,DOCK4,treated,U2OS,,train
534,U2OS-01_1_L17_s1_51,U2OS-01,1,L17,s1,DOCK4,treated,U2OS,,train
535,U2OS-01_1_L17_s1_52,U2OS-01,1,L17,s1,DOCK4,treated,U2OS,,train
536,U2OS-01_1_L17_s1_56,U2OS-01,1,L17,s1,DOCK4,treated,U2OS,,train
537,U2OS-01_1_L17_s1_57,U2OS-01,1,L17,s1,DOCK4,treated,U2OS,,train
538,U2OS-01_1_L17_s1_60,U2OS-01,1,L17,s1,DOCK4,treated,U2OS,,train
539,U2OS-01_1_L17_s1_61,U2OS-01,1,L17,s1,DOCK4,treated,U2OS,,train
540,U2OS-01_1_L17_s1_62,U2OS-01,1,L17,s1,DOCK4,treated,U2OS,,train
541,U2OS-01_1_L17_s1_64,U2OS-01,1,L17,s1,DOCK4,treated,U2OS,,train
542,U2OS-01_1_L17_s1_65,U2OS-01,1,L17,s1,DOCK4,treated,U2OS,,train
543,U2OS-01_1_L17_s1_67,U2OS-01,1,L17,s1,DOCK4,treated,U2OS,,train
544,U2OS-01_1_L17_s1_68,U2OS-01,1,L17,s1,DOCK4,treated,U2OS,,train
545,U2OS-01_1_L17_s1_70,U2OS-01,1,L17,s1,DOCK4,treated,U2OS,,train
546,U2OS-01_1_M04_s1_8,U2OS-01,1,M04,s1,ITM2A,treated,U2OS,,train
547,U2OS-01_1_M04_s1_10,U2OS-01,1,M04,s1,ITM2A,treated,U2OS,,train
548,U2OS-01_1_M04_s1_12,U2OS-01,1,M04,s1,ITM2A,treated,U2OS,,train
549,U2OS-01_1_M04_s1_14,U2OS-01,1,M04,s1,ITM2A,treated,U2OS,,train
550,U2OS-01_1_M04_s1_16,U2OS-01,1,M04,s1,ITM2A,treated,U2OS,,train
551,U2OS-01_1_M04_s1_17,U2OS-01,1,M04,s1,ITM2A,treated,U2OS,,train
552,U2OS-01_1_M04_s1_18,U2OS-01,1,M04,s1,ITM2A,treated,U2OS,,train
553,U2OS-01_1_M04_s1_19,U2OS-01,1,M04,s1,ITM2A,treated,U2OS,,train
554,U2OS-01_1_M04_s1_20,U2OS-01,1,M04,s1,ITM2A,treated,U2OS,,train
555,U2OS-01_1_M04_s1_21,U2OS-01,1,M04,s1,ITM2A,treated,U2OS,,train
556,U2OS-01_1_M04_s1_22,U2OS-01,1,M04,s1,ITM2A,treated,U2OS,,train
557,U2OS-01_1_M04_s1_23,U2OS-01,1,M04,s1,ITM2A,treated,U2OS,,train
558,U2OS-01_1_M04_s1_24,U2OS-01,1,M04,s1,ITM2A,treated,U2OS,,train
559,U2OS-01_1_M04_s1_25,U2OS-01,1,M04,s1,ITM2A,treated,U2OS,,train
560,U2OS-01_1_M04_s1_29,U2OS-01,1,M04,s1,ITM2A,treated,U2OS,,train
561,U2OS-01_1_M04_s1_30,U2OS-01,1,M04,s1,ITM2A,treated,U2OS,,train
562,U2OS-01_1_M04_s1_31,U2OS-01,1,M04,s1,ITM2A,treated,U2OS,,train
563,U2OS-01_1_M04_s1_32,U2OS-01,1,M04,s1,ITM2A,treated,U2OS,,train
564,U2OS-01_1_M04_s1_33,U2OS-01,1,M04,s1,ITM2A,treated,U2OS,,train
565,U2OS-01_1_M04_s1_34,U2OS-01,1,M04,s1,ITM2A,treated,U2OS,,train
566,U2OS-01_1_M04_s1_36,U2OS-01,1,M04,s1,ITM2A,treated,U2OS,,train
567,U2OS-01_1_M04_s1_41,U2OS-01,1,M04,s1,ITM2A,treated,U2OS,,train
568,U2OS-01_1_M04_s1_42,U2OS-01,1,M04,s1,ITM2A,treated,U2OS,,train
569,U2OS-01_1_M04_s1_43,U2OS-01,1,M04,s1,ITM2A,treated,U2OS,,train
570,U2OS-01_1_M04_s2_6,U2OS-01,1,M04,s2,ITM2A,treated,U2OS,,train
571,U2OS-01_1_M04_s2_7,U2OS-01,1,M04,s2,ITM2A,treated,U2OS,,train
572,U2OS-01_1_M04_s2_9,U2OS-01,1,M04,s2,ITM2A,treated,U2OS,,train
573,U2OS-01_1_M04_s2_11,U2OS-01,1,M04,s2,ITM2A,treated,U2OS,,train
574,U2OS-01_1_M04_s2_12,U2OS-01,1,M04,s2,ITM2A,treated,U2OS,,train
575,U2OS-01_1_M04_s2_13,U2OS-01,1,M04,s2,ITM2A,treated,U2OS,,train
576,U2OS-01_1_M04_s2_18,U2OS-01,1,M04,s2,ITM2A,treated,U2OS,,train
577,U2OS-01_1_M04_s2_19,U2OS-01,1,M04,s2,ITM2A,treated,U2OS,,train
578,U2OS-01_1_M04_s2_21,U2OS-01,1,M04,s2,ITM2A,treated,U2OS,,train
579,U2OS-01_1_M04_s2_22,U2OS-01,1,M04,s2,ITM2A,treated,U2OS,,train
580,U2OS-01_1_M04_s2_23,U2OS-01,1,M04,s2,ITM2A,treated,U2OS,,train
581,U2OS-01_1_M04_s2_25,U2OS-01,1,M04,s2,ITM2A,treated,U2OS,,train
582,U2OS-01_1_M04_s2_27,U2OS-01,1,M04,s2,ITM2A,treated,U2OS,,train
583,U2OS-01_1_M04_s2_30,U2OS-01,1,M04,s2,ITM2A,treated,U2OS,,train
584,U2OS-01_1_M04_s2_31,U2OS-01,1,M04,s2,ITM2A,treated,U2OS,,train
585,U2OS-01_1_M04_s2_32,U2OS-01,1,M04,s2,ITM2A,treated,U2OS,,train
586,U2OS-01_1_M14_s1_9,U2OS-01,1,M14,s1,NSA2,treated,U2OS,,train
587,U2OS-01_1_M14_s1_11,U2OS-01,1,M14,s1,NSA2,treated,U2OS,,train
588,U2OS-01_1_M14_s1_12,U2OS-01,1,M14,s1,NSA2,treated,U2OS,,train
589,U2OS-01_1_M14_s2_2,U2OS-01,1,M14,s2,NSA2,treated,U2OS,,train
590,U2OS-01_1_M14_s2_3,U2OS-01,1,M14,s2,NSA2,treated,U2OS,,train
591,U2OS-01_1_M14_s2_4,U2OS-01,1,M14,s2,NSA2,treated,U2OS,,train
592,U2OS-01_1_M14_s2_5,U2OS-01,1,M14,s2,NSA2,treated,U2OS,,train
593,U2OS-01_1_M16_s1_16,U2OS-01,1,M16,s1,STAG1,treated,U2OS,,train
594,U2OS-01_1_M16_s1_18,U2OS-01,1,M16,s1,STAG1,treated,U2OS,,train
595,U2OS-01_1_M16_s1_19,U2OS-01,1,M16,s1,STAG1,treated,U2OS,,train
596,U2OS-01_1_M16_s1_21,U2OS-01,1,M16,s1,STAG1,treated,U2OS,,train
597,U2OS-01_1_M16_s1_23,U2OS-01,1,M16,s1,STAG1,treated,U2OS,,train
598,U2OS-01_1_M16_s1_24,U2OS-01,1,M16,s1,STAG1,treated,U2OS,,train
599,U2OS-01_1_M16_s1_25,U2OS-01,1,M16,s1,STAG1,treated,U2OS,,train
600,U2OS-01_1_M16_s1_26,U2OS-01,1,M16,s1,STAG1,treated,U2OS,,train
601,U2OS-01_1_M16_s1_28,U2OS-01,1,M16,s1,STAG1,treated,U2OS,,train
602,U2OS-01_1_M16_s1_30,U2OS-01,1,M16,s1,STAG1,treated,U2OS,,train
603,U2OS-01_1_M16_s1_31,U2OS-01,1,M16,s1,STAG1,treated,U2OS,,train
604,U2OS-01_1_M16_s1_32,U2OS-01,1,M16,s1,STAG1,treated,U2OS,,train
605,U2OS-01_1_M16_s1_34,U2OS-01,1,M16,s1,STAG1,treated,U2OS,,train
606,U2OS-01_1_M16_s1_35,U2OS-01,1,M16,s1,STAG1,treated,U2OS,,train
607,U2OS-01_1_M16_s1_39,U2OS-01,1,M16,s1,STAG1,treated,U2OS,,train
608,U2OS-01_1_M16_s1_40,U2OS-01,1,M16,s1,STAG1,treated,U2OS,,train
609,U2OS-01_1_M16_s1_41,U2OS-01,1,M16,s1,STAG1,treated,U2OS,,train
610,U2OS-01_1_M16_s1_42,U2OS-01,1,M16,s1,STAG1,treated,U2OS,,train
611,U2OS-01_1_M16_s1_43,U2OS-01,1,M16,s1,STAG1,treated,U2OS,,train
612,U2OS-01_1_M16_s1_44,U2OS-01,1,M16,s1,STAG1,treated,U2OS,,train
613,U2OS-01_1_M16_s1_45,U2OS-01,1,M16,s1,STAG1,treated,U2OS,,train
614,U2OS-01_1_M16_s1_47,U2OS-01,1,M16,s1,STAG1,treated,U2OS,,train
615,U2OS-01_1_M16_s1_49,U2OS-01,1,M16,s1,STAG1,treated,U2OS,,train
616,U2OS-01_1_M16_s1_50,U2OS-01,1,M16,s1,STAG1,treated,U2OS,,train
617,U2OS-01_1_M16_s1_51,U2OS-01,1,M16,s1,STAG1,treated,U2OS,,train
618,U2OS-01_1_M16_s1_52,U2OS-01,1,M16,s1,STAG1,treated,U2OS,,train
619,U2OS-01_1_M16_s1_54,U2OS-01,1,M16,s1,STAG1,treated,U2OS,,train
620,U2OS-01_1_M16_s1_55,U2OS-01,1,M16,s1,STAG1,treated,U2OS,,train
621,U2OS-01_1_M16_s1_56,U2OS-01,1,M16,s1,STAG1,treated,U2OS,,train
622,U2OS-01_1_M16_s1_57,U2OS-01,1,M16,s1,STAG1,treated,U2OS,,train
623,U2OS-01_1_M16_s1_59,U2OS-01,1,M16,s1,STAG1,treated,U2OS,,train
624,U2OS-01_1_M16_s1_60,U2OS-01,1,M16,s1,STAG1,treated,U2OS,,train
625,U2OS-01_1_M16_s1_63,U2OS-01,1,M16,s1,STAG1,treated,U2OS,,train
626,U2OS-01_1_M16_s1_65,U2OS-01,1,M16,s1,STAG1,treated,U2OS,,train
627,U2OS-01_1_M16_s1_66,U2OS-01,1,M16,s1,STAG1,treated,U2OS,,train
628,U2OS-01_1_M16_s1_69,U2OS-01,1,M16,s1,STAG1,treated,U2OS,,train
629,U2OS-01_1_M16_s1_70,U2OS-01,1,M16,s1,STAG1,treated,U2OS,,train
630,U2OS-01_1_M16_s1_73,U2OS-01,1,M16,s1,STAG1,treated,U2OS,,train
631,U2OS-01_1_M16_s1_74,U2OS-01,1,M16,s1,STAG1,treated,U2OS,,train
632,U2OS-01_1_M16_s1_76,U2OS-01,1,M16,s1,STAG1,treated,U2OS,,train
633,U2OS-01_1_N16_s1_12,U2OS-01,1,N16,s1,CLEC10A,treated,U2OS,,train
634,U2OS-01_1_N16_s1_13,U2OS-01,1,N16,s1,CLEC10A,treated,U2OS,,train
635,U2OS-01_1_N16_s1_14,U2OS-01,1,N16,s1,CLEC10A,treated,U2OS,,train
636,U2OS-01_1_N16_s1_16,U2OS-01,1,N16,s1,CLEC10A,treated,U2OS,,train
637,U2OS-01_1_N16_s1_18,U2OS-01,1,N16,s1,CLEC10A,treated,U2OS,,train
638,U2OS-01_1_N16_s1_19,U2OS-01,1,N16,s1,CLEC10A,treated,U2OS,,train
639,U2OS-01_1_N16_s1_20,U2OS-01,1,N16,s1,CLEC10A,treated,U2OS,,train
640,U2OS-01_1_N16_s1_21,U2OS-01,1,N16,s1,CLEC10A,treated,U2OS,,train
641,U2OS-01_1_N16_s1_25,U2OS-01,1,N16,s1,CLEC10A,treated,U2OS,,train
642,U2OS-01_1_N16_s1_26,U2OS-01,1,N16,s1,CLEC10A,treated,U2OS,,train
643,U2OS-01_1_N16_s1_28,U2OS-01,1,N16,s1,CLEC10A,treated,U2OS,,train
644,U2OS-01_1_N16_s1_29,U2OS-01,1,N16,s1,CLEC10A,treated,U2OS,,train
645,U2OS-01_1_N16_s1_30,U2OS-01,1,N16,s1,CLEC10A,treated,U2OS,,train
646,U2OS-01_1_N16_s1_31,U2OS-01,1,N16,s1,CLEC10A,treated,U2OS,,train
647,U2OS-01_1_N16_s1_37,U2OS-01,1,N16,s1,CLEC10A,treated,U2OS,,train
648,U2OS-01_1_N16_s1_38,U2OS-01,1,N16,s1,CLEC10A,treated,U2OS,,train
649,U2OS-01_1_N16_s1_40,U2OS-01,1,N16,s1,CLEC10A,treated,U2OS,,train
650,U2OS-01_1_N16_s1_41,U2OS-01,1,N16,s1,CLEC10A,treated,U2OS,,train
651,U2OS-01_1_N16_s1_42,U2OS-01,1,N16,s1,CLEC10A,treated,U2OS,,train
652,U2OS-01_1_N16_s1_43,U2OS-01,1,N16,s1,CLEC10A,treated,U2OS,,train
653,U2OS-01_1_N16_s1_44,U2OS-01,1,N16,s1,CLEC10A,treated,U2OS,,train
654,U2OS-01_1_N16_s1_47,U2OS-01,1,N16,s1,CLEC10A,treated,U2OS,,train
655,U2OS-01_1_N16_s1_49,U2OS-01,1,N16,s1,CLEC10A,treated,U2OS,,train
656,U2OS-01_1_N16_s1_51,U2OS-01,1,N16,s1,CLEC10A,treated,U2OS,,train
657,U2OS-01_1_N16_s1_52,U2OS-01,1,N16,s1,CLEC10A,treated,U2OS,,train
658,U2OS-01_1_N16_s1_53,U2OS-01,1,N16,s1,CLEC10A,treated,U2OS,,train
659,U2OS-01_1_N16_s1_54,U2OS-01,1,N16,s1,CLEC10A,treated,U2OS,,train
660,U2OS-01_1_N16_s1_56,U2OS-01,1,N16,s1,CLEC10A,treated,U2OS,,train
661,U2OS-01_1_N16_s1_59,U2OS-01,1,N16,s1,CLEC10A,treated,U2OS,,train
662,U2OS-01_1_N16_s1_60,U2OS-01,1,N16,s1,CLEC10A,treated,U2OS,,train
663,U2OS-01_1_N16_s1_63,U2OS-01,1,N16,s1,CLEC10A,treated,U2OS,,train
664,U2OS-01_1_N16_s1_65,U2OS-01,1,N16,s1,CLEC10A,treated,U2OS,,train
665,U2OS-01_1_N16_s1_67,U2OS-01,1,N16,s1,CLEC10A,treated,U2OS,,train
666,U2OS-01_1_N16_s1_69,U2OS-01,1,N16,s1,CLEC10A,treated,U2OS,,train
667,U2OS-01_1_N16_s1_70,U2OS-01,1,N16,s1,CLEC10A,treated,U2OS,,train
668,U2OS-01_1_N16_s1_72,U2OS-01,1,N16,s1,CLEC10A,treated,U2OS,,train
669,U2OS-01_1_N16_s1_73,U2OS-01,1,N16,s1,CLEC10A,treated,U2OS,,train
670,U2OS-01_1_N16_s1_75,U2OS-01,1,N16,s1,CLEC10A,treated,U2OS,,train
671,U2OS-01_1_N16_s1_77,U2OS-01,1,N16,s1,CLEC10A,treated,U2OS,,train
672,U2OS-01_1_N16_s1_78,U2OS-01,1,N16,s1,CLEC10A,treated,U2OS,,train
673,U2OS-01_1_O11_s1_14,U2OS-01,1,O11,s1,RBM12,treated,U2OS,,train
674,U2OS-01_1_O11_s1_18,U2OS-01,1,O11,s1,RBM12,treated,U2OS,,train
675,U2OS-01_1_O11_s1_19,U2OS-01,1,O11,s1,RBM12,treated,U2OS,,train
676,U2OS-01_1_O11_s1_21,U2OS-01,1,O11,s1,RBM12,treated,U2OS,,train
677,U2OS-01_1_O11_s1_25,U2OS-01,1,O11,s1,RBM12,treated,U2OS,,train
678,U2OS-01_1_O11_s1_26,U2OS-01,1,O11,s1,RBM12,treated,U2OS,,train
679,U2OS-01_1_O11_s1_27,U2OS-01,1,O11,s1,RBM12,treated,U2OS,,train
680,U2OS-01_1_O11_s1_28,U2OS-01,1,O11,s1,RBM12,treated,U2OS,,train
681,U2OS-01_1_O11_s1_29,U2OS-01,1,O11,s1,RBM12,treated,U2OS,,train
682,U2OS-01_1_O11_s1_32,U2OS-01,1,O11,s1,RBM12,treated,U2OS,,train
683,U2OS-01_1_O11_s1_33,U2OS-01,1,O11,s1,RBM12,treated,U2OS,,train
684,U2OS-01_1_O11_s1_35,U2OS-01,1,O11,s1,RBM12,treated,U2OS,,train
685,U2OS-01_1_O11_s1_36,U2OS-01,1,O11,s1,RBM12,treated,U2OS,,train
686,U2OS-01_1_O11_s1_37,U2OS-01,1,O11,s1,RBM12,treated,U2OS,,train
687,U2OS-01_1_O11_s1_42,U2OS-01,1,O11,s1,RBM12,treated,U2OS,,train
688,U2OS-01_1_O11_s1_43,U2OS-01,1,O11,s1,RBM12,treated,U2OS,,train
689,U2OS-01_1_O11_s1_44,U2OS-01,1,O11,s1,RBM12,treated,U2OS,,train
690,U2OS-01_1_O11_s1_45,U2OS-01,1,O11,s1,RBM12,treated,U2OS,,train
691,U2OS-01_1_O11_s1_46,U2OS-01,1,O11,s1,RBM12,treated,U2OS,,train
692,U2OS-01_1_O11_s1_48,U2OS-01,1,O11,s1,RBM12,treated,U2OS,,train
693,U2OS-01_1_O11_s1_50,U2OS-01,1,O11,s1,RBM12,treated,U2OS,,train
694,U2OS-01_1_O11_s1_52,U2OS-01,1,O11,s1,RBM12,treated,U2OS,,train
695,U2OS-01_1_O11_s1_53,U2OS-01,1,O11,s1,RBM12,treated,U2OS,,train
696,U2OS-01_1_O11_s1_54,U2OS-01,1,O11,s1,RBM12,treated,U2OS,,train
697,U2OS-01_1_O11_s1_55,U2OS-01,1,O11,s1,RBM12,treated,U2OS,,train
698,U2OS-01_1_O11_s1_56,U2OS-01,1,O11,s1,RBM12,treated,U2OS,,train
699,U2OS-01_1_O11_s1_57,U2OS-01,1,O11,s1,RBM12,treated,U2OS,,train
700,U2OS-01_1_O11_s1_58,U2OS-01,1,O11,s1,RBM12,treated,U2OS,,train
701,U2OS-01_1_O11_s1_60,U2OS-01,1,O11,s1,RBM12,treated,U2OS,,train
702,U2OS-01_1_O11_s1_61,U2OS-01,1,O11,s1,RBM12,treated,U2OS,,train
703,U2OS-01_1_O11_s1_63,U2OS-01,1,O11,s1,RBM12,treated,U2OS,,train
704,U2OS-01_1_O11_s1_64,U2OS-01,1,O11,s1,RBM12,treated,U2OS,,train
705,U2OS-01_1_O11_s1_67,U2OS-01,1,O11,s1,RBM12,treated,U2OS,,train
706,U2OS-01_1_O11_s1_68,U2OS-01,1,O11,s1,RBM12,treated,U2OS,,train
707,U2OS-01_1_O11_s1_70,U2OS-01,1,O11,s1,RBM12,treated,U2OS,,train
708,U2OS-01_1_O11_s1_72,U2OS-01,1,O11,s1,RBM12,treated,U2OS,,train
709,U2OS-01_1_O11_s1_73,U2OS-01,1,O11,s1,RBM12,treated,U2OS,,train
710,U2OS-01_1_O11_s1_77,U2OS-01,1,O11,s1,RBM12,treated,U2OS,,train
711,U2OS-01_1_O11_s1_78,U2OS-01,1,O11,s1,RBM12,treated,U2OS,,train
712,U2OS-01_1_O11_s1_80,U2OS-01,1,O11,s1,RBM12,treated,U2OS,,train
713,U2OS-01_1_O16_s1_10,U2OS-01,1,O16,s1,RGP1,treated,U2OS,,train
714,U2OS-01_1_O16_s1_11,U2OS-01,1,O16,s1,RGP1,treated,U2OS,,train
715,U2OS-01_1_O16_s1_12,U2OS-01,1,O16,s1,RGP1,treated,U2OS,,train
716,U2OS-01_1_O16_s1_15,U2OS-01,1,O16,s1,RGP1,treated,U2OS,,train
717,U2OS-01_1_O16_s1_17,U2OS-01,1,O16,s1,RGP1,treated,U2OS,,train
718,U2OS-01_1_O16_s1_19,U2OS-01,1,O16,s1,RGP1,treated,U2OS,,train
719,U2OS-01_1_O16_s1_20,U2OS-01,1,O16,s1,RGP1,treated,U2OS,,train
720,U2OS-01_1_O16_s2_5,U2OS-01,1,O16,s2,RGP1,treated,U2OS,,train
721,U2OS-01_1_O16_s2_6,U2OS-01,1,O16,s2,RGP1,treated,U2OS,,train
722,U2OS-01_1_O16_s2_8,U2OS-01,1,O16,s2,RGP1,treated,U2OS,,train
723,U2OS-01_1_O16_s2_9,U2OS-01,1,O16,s2,RGP1,treated,U2OS,,train
724,U2OS-01_1_O16_s2_10,U2OS-01,1,O16,s2,RGP1,treated,U2OS,,train
725,U2OS-01_1_O16_s2_11,U2OS-01,1,O16,s2,RGP1,treated,U2OS,,train
726,U2OS-01_1_O16_s2_13,U2OS-01,1,O16,s2,RGP1,treated,U2OS,,train
727,U2OS-01_1_O16_s2_14,U2OS-01,1,O16,s2,RGP1,treated,U2OS,,train
728,U2OS-01_4_B02_s1_8,U2OS-01,4,B02,s1,UNTREATED,negative_control,U2OS,,train
729,U2OS-01_4_B02_s1_9,U2OS-01,4,B02,s1,UNTREATED,negative_control,U2OS,,train
730,U2OS-01_4_B02_s1_10,U2OS-01,4,B02,s1,UNTREATED,negative_control,U2OS,,train
731,U2OS-01_4_B02_s1_13,U2OS-01,4,B02,s1,UNTREATED,negative_control,U2OS,,train
732,U2OS-01_4_B02_s1_16,U2OS-01,4,B02,s1,UNTREATED,negative_control,U2OS,,train
733,U2OS-01_4_B02_s1_17,U2OS-01,4,B02,s1,UNTREATED,negative_control,U2OS,,train
734,U2OS-01_4_B02_s1_21,U2OS-01,4,B02,s1,UNTREATED,negative_control,U2OS,,train
735,U2OS-01_4_B02_s1_22,U2OS-01,4,B02,s1,UNTREATED,negative_control,U2OS,,train
736,U2OS-01_4_B02_s1_23,U2OS-01,4,B02,s1,UNTREATED,negative_control,U2OS,,train
737,U2OS-01_4_B02_s1_24,U2OS-01,4,B02,s1,UNTREATED,negative_control,U2OS,,train
738,U2OS-01_4_B02_s1_25,U2OS-01,4,B02,s1,UNTREATED,negative_control,U2OS,,train
739,U2OS-01_4_B02_s1_26,U2OS-01,4,B02,s1,UNTREATED,negative_control,U2OS,,train
740,U2OS-01_4_B02_s1_27,U2OS-01,4,B02,s1,UNTREATED,negative_control,U2OS,,train
741,U2OS-01_4_B02_s1_28,U2OS-01,4,B02,s1,UNTREATED,negative_control,U2OS,,train
742,U2OS-01_4_B02_s1_34,U2OS-01,4,B02,s1,UNTREATED,negative_control,U2OS,,train
743,U2OS-01_4_B02_s1_35,U2OS-01,4,B02,s1,UNTREATED,negative_control,U2OS,,train
744,U2OS-01_4_B02_s1_37,U2OS-01,4,B02,s1,UNTREATED,negative_control,U2OS,,train
745,U2OS-01_4_B02_s1_38,U2OS-01,4,B02,s1,UNTREATED,negative_control,U2OS,,train
746,U2OS-01_4_B02_s1_39,U2OS-01,4,B02,s1,UNTREATED,negative_control,U2OS,,train
747,U2OS-01_4_B02_s1_41,U2OS-01,4,B02,s1,UNTREATED,negative_control,U2OS,,train
748,U2OS-01_4_B02_s1_42,U2OS-01,4,B02,s1,UNTREATED,negative_control,U2OS,,train
749,U2OS-01_4_B02_s1_46,U2OS-01,4,B02,s1,UNTREATED,negative_control,U2OS,,train
750,U2OS-01_4_B02_s1_47,U2OS-01,4,B02,s1,UNTREATED,negative_control,U2OS,,train
751,U2OS-01_4_B02_s1_48,U2OS-01,4,B02,s1,UNTREATED,negative_control,U2OS,,train
752,U2OS-01_4_B02_s1_49,U2OS-01,4,B02,s1,UNTREATED,negative_control,U2OS,,train
753,U2OS-01_4_B02_s1_50,U2OS-01,4,B02,s1,UNTREATED,negative_control,U2OS,,train
754,U2OS-01_4_B02_s1_51,U2OS-01,4,B02,s1,UNTREATED,negative_control,U2OS,,train
755,U2OS-01_4_B02_s1_52,U2OS-01,4,B02,s1,UNTREATED,negative_control,U2OS,,train
756,U2OS-01_4_B02_s1_54,U2OS-01,4,B02,s1,UNTREATED,negative_control,U2OS,,train
757,U2OS-01_4_B02_s1_55,U2OS-01,4,B02,s1,UNTREATED,negative_control,U2OS,,train
758,U2OS-01_4_B02_s1_57,U2OS-01,4,B02,s1,UNTREATED,negative_control,U2OS,,train
759,U2OS-01_4_B02_s1_59,U2OS-01,4,B02,s1,UNTREATED,negative_control,U2OS,,train
760,U2OS-01_4_B02_s1_61,U2OS-01,4,B02,s1,UNTREATED,negative_control,U2OS,,train
761,U2OS-01_4_B02_s1_62,U2OS-01,4,B02,s1,UNTREATED,negative_control,U2OS,,train
762,U2OS-01_4_B02_s1_63,U2OS-01,4,B02,s1,UNTREATED,negative_control,U2OS,,train
763,U2OS-01_4_B02_s1_66,U2OS-01,4,B02,s1,UNTREATED,negative_control,U2OS,,train
764,U2OS-01_4_B02_s1_67,U2OS-01,4,B02,s1,UNTREATED,negative_control,U2OS,,train
765,U2OS-01_4_B02_s1_69,U2OS-01,4,B02,s1,UNTREATED,negative_control,U2OS,,train
766,U2OS-01_4_B02_s1_70,U2OS-01,4,B02,s1,UNTREATED,negative_control,U2OS,,train
767,U2OS-01_4_B02_s1_71,U2OS-01,4,B02,s1,UNTREATED,negative_control,U2OS,,train
768,U2OS-01_4_B12_s1_10,U2OS-01,4,B12,s1,CDADC1,treated,U2OS,,train
769,U2OS-01_4_B12_s1_11,U2OS-01,4,B12,s1,CDADC1,treated,U2OS,,train
770,U2OS-01_4_B12_s1_13,U2OS-01,4,B12,s1,CDADC1,treated,U2OS,,train
771,U2OS-01_4_B12_s1_16,U2OS-01,4,B12,s1,CDADC1,treated,U2OS,,train
772,U2OS-01_4_B12_s1_18,U2OS-01,4,B12,s1,CDADC1,treated,U2OS,,train
773,U2OS-01_4_B12_s1_19,U2OS-01,4,B12,s1,CDADC1,treated,U2OS,,train
774,U2OS-01_4_B12_s1_20,U2OS-01,4,B12,s1,CDADC1,treated,U2OS,,train
775,U2OS-01_4_B12_s1_21,U2OS-01,4,B12,s1,CDADC1,treated,U2OS,,train
776,U2OS-01_4_B12_s1_23,U2OS-01,4,B12,s1,CDADC1,treated,U2OS,,train
777,U2OS-01_4_B12_s1_24,U2OS-01,4,B12,s1,CDADC1,treated,U2OS,,train
778,U2OS-01_4_B12_s1_25,U2OS-01,4,B12,s1,CDADC1,treated,U2OS,,train
779,U2OS-01_4_B12_s1_28,U2OS-01,4,B12,s1,CDADC1,treated,U2OS,,train
780,U2OS-01_4_B12_s1_29,U2OS-01,4,B12,s1,CDADC1,treated,U2OS,,train
781,U2OS-01_4_B12_s1_30,U2OS-01,4,B12,s1,CDADC1,treated,U2OS,,train
782,U2OS-01_4_B12_s1_35,U2OS-01,4,B12,s1,CDADC1,treated,U2OS,,train
783,U2OS-01_4_B12_s1_36,U2OS-01,4,B12,s1,CDADC1,treated,U2OS,,train
784,U2OS-01_4_B12_s1_37,U2OS-01,4,B12,s1,CDADC1,treated,U2OS,,train
785,U2OS-01_4_B12_s1_38,U2OS-01,4,B12,s1,CDADC1,treated,U2OS,,train
786,U2OS-01_4_B12_s1_43,U2OS-01,4,B12,s1,CDADC1,treated,U2OS,,train
787,U2OS-01_4_B12_s1_44,U2OS-01,4,B12,s1,CDADC1,treated,U2OS,,train
788,U2OS-01_4_B12_s1_45,U2OS-01,4,B12,s1,CDADC1,treated,U2OS,,train
789,U2OS-01_4_B12_s1_47,U2OS-01,4,B12,s1,CDADC1,treated,U2OS,,train
790,U2OS-01_4_B12_s1_48,U2OS-01,4,B12,s1,CDADC1,treated,U2OS,,train
791,U2OS-01_4_B12_s1_51,U2OS-01,4,B12,s1,CDADC1,treated,U2OS,,train
792,U2OS-01_4_B12_s1_52,U2OS-01,4,B12,s1,CDADC1,treated,U2OS,,train
793,U2OS-01_4_B12_s1_53,U2OS-01,4,B12,s1,CDADC1,treated,U2OS,,train
794,U2OS-01_4_B12_s1_54,U2OS-01,4,B12,s1,CDADC1,treated,U2OS,,train
795,U2OS-01_4_B12_s1_55,U2OS-01,4,B12,s1,CDADC1,treated,U2OS,,train
796,U2OS-01_4_B12_s1_57,U2OS-01,4,B12,s1,CDADC1,treated,U2OS,,train
797,U2OS-01_4_B12_s1_59,U2OS-01,4,B12,s1,CDADC1,treated,U2OS,,train
798,U2OS-01_4_B12_s1_61,U2OS-01,4,B12,s1,CDADC1,treated,U2OS,,train
799,U2OS-01_4_B12_s1_62,U2OS-01,4,B12,s1,CDADC1,treated,U2OS,,train
800,U2OS-01_4_B12_s1_66,U2OS-01,4,B12,s1,CDADC1,treated,U2OS,,train
801,U2OS-01_4_B12_s1_67,U2OS-01,4,B12,s1,CDADC1,treated,U2OS,,train
802,U2OS-01_4_B12_s1_69,U2OS-01,4,B12,s1,CDADC1,treated,U2OS,,train
803,U2OS-01_4_B12_s1_72,U2OS-01,4,B12,s1,CDADC1,treated,U2OS,,train
804,U2OS-01_4_B12_s2_1,U2OS-01,4,B12,s2,CDADC1,treated,U2OS,,train
805,U2OS-01_4_B12_s2_9,U2OS-01,4,B12,s2,CDADC1,treated,U2OS,,train
806,U2OS-01_4_B12_s2_10,U2OS-01,4,B12,s2,CDADC1,treated,U2OS,,train
807,U2OS-01_4_B12_s2_11,U2OS-01,4,B12,s2,CDADC1,treated,U2OS,,train
808,U2OS-01_4_C12_s1_8,U2OS-01,4,C12,s1,KREMEN1,treated,U2OS,,train
809,U2OS-01_4_C12_s1_9,U2OS-01,4,C12,s1,KREMEN1,treated,U2OS,,train
810,U2OS-01_4_C12_s1_11,U2OS-01,4,C12,s1,KREMEN1,treated,U2OS,,train
811,U2OS-01_4_C12_s1_14,U2OS-01,4,C12,s1,KREMEN1,treated,U2OS,,train
812,U2OS-01_4_C12_s1_17,U2OS-01,4,C12,s1,KREMEN1,treated,U2OS,,train
813,U2OS-01_4_C12_s1_19,U2OS-01,4,C12,s1,KREMEN1,treated,U2OS,,train
814,U2OS-01_4_C12_s1_20,U2OS-01,4,C12,s1,KREMEN1,treated,U2OS,,train
815,U2OS-01_4_C12_s1_22,U2OS-01,4,C12,s1,KREMEN1,treated,U2OS,,train
816,U2OS-01_4_C12_s1_23,U2OS-01,4,C12,s1,KREMEN1,treated,U2OS,,train
817,U2OS-01_4_C12_s1_24,U2OS-01,4,C12,s1,KREMEN1,treated,U2OS,,train
818,U2OS-01_4_C12_s1_25,U2OS-01,4,C12,s1,KREMEN1,treated,U2OS,,train
819,U2OS-01_4_C12_s1_26,U2OS-01,4,C12,s1,KREMEN1,treated,U2OS,,train
820,U2OS-01_4_C12_s1_27,U2OS-01,4,C12,s1,KREMEN1,treated,U2OS,,train
821,U2OS-01_4_C12_s1_28,U2OS-01,4,C12,s1,KREMEN1,treated,U2OS,,train
822,U2OS-01_4_C12_s1_32,U2OS-01,4,C12,s1,KREMEN1,treated,U2OS,,train
823,U2OS-01_4_C12_s1_33,U2OS-01,4,C12,s1,KREMEN1,treated,U2OS,,train
824,U2OS-01_4_C12_s1_34,U2OS-01,4,C12,s1,KREMEN1,treated,U2OS,,train
825,U2OS-01_4_C12_s1_35,U2OS-01,4,C12,s1,KREMEN1,treated,U2OS,,train
826,U2OS-01_4_C12_s1_36,U2OS-01,4,C12,s1,KREMEN1,treated,U2OS,,train
827,U2OS-01_4_C12_s1_37,U2OS-01,4,C12,s1,KREMEN1,treated,U2OS,,train
828,U2OS-01_4_C12_s1_39,U2OS-01,4,C12,s1,KREMEN1,treated,U2OS,,train
829,U2OS-01_4_C12_s1_41,U2OS-01,4,C12,s1,KREMEN1,treated,U2OS,,train
830,U2OS-01_4_C12_s1_42,U2OS-01,4,C12,s1,KREMEN1,treated,U2OS,,train
831,U2OS-01_4_C12_s1_43,U2OS-01,4,C12,s1,KREMEN1,treated,U2OS,,train
832,U2OS-01_4_C12_s1_45,U2OS-01,4,C12,s1,KREMEN1,treated,U2OS,,train
833,U2OS-01_4_C12_s1_46,U2OS-01,4,C12,s1,KREMEN1,treated,U2OS,,train
834,U2OS-01_4_C12_s1_48,U2OS-01,4,C12,s1,KREMEN1,treated,U2OS,,train
835,U2OS-01_4_C12_s1_49,U2OS-01,4,C12,s1,KREMEN1,treated,U2OS,,train
836,U2OS-01_4_C12_s1_50,U2OS-01,4,C12,s1,KREMEN1,treated,U2OS,,train
837,U2OS-01_4_C12_s1_51,U2OS-01,4,C12,s1,KREMEN1,treated,U2OS,,train
838,U2OS-01_4_C12_s1_53,U2OS-01,4,C12,s1,KREMEN1,treated,U2OS,,train
839,U2OS-01_4_C12_s1_54,U2OS-01,4,C12,s1,KREMEN1,treated,U2OS,,train
840,U2OS-01_4_C12_s1_56,U2OS-01,4,C12,s1,KREMEN1,treated,U2OS,,train
841,U2OS-01_4_C12_s1_57,U2OS-01,4,C12,s1,KREMEN1,treated,U2OS,,train
842,U2OS-01_4_C12_s1_58,U2OS-01,4,C12,s1,KREMEN1,treated,U2OS,,train
843,U2OS-01_4_C12_s1_60,U2OS-01,4,C12,s1,KREMEN1,treated,U2OS,,train
844,U2OS-01_4_C12_s1_62,U2OS-01,4,C12,s1,KREMEN1,treated,U2OS,,train
845,U2OS-01_4_C12_s1_64,U2OS-01,4,C12,s1,KREMEN1,treated,U2OS,,train
846,U2OS-01_4_C12_s1_66,U2OS-01,4,C12,s1,KREMEN1,treated,U2OS,,train
847,U2OS-01_4_C12_s1_67,U2OS-01,4,C12,s1,KREMEN1,treated,U2OS,,train
848,U2OS-01_4_C13_s1_15,U2OS-01,4,C13,s1,SLITRK2,treated,U2OS,,train
849,U2OS-01_4_C13_s1_17,U2OS-01,4,C13,s1,SLITRK2,treated,U2OS,,train
850,U2OS-01_4_C13_s1_18,U2OS-01,4,C13,s1,SLITRK2,treated,U2OS,,train
851,U2OS-01_4_C13_s1_21,U2OS-01,4,C13,s1,SLITRK2,treated,U2OS,,train
852,U2OS-01_4_C13_s1_24,U2OS-01,4,C13,s1,SLITRK2,treated,U2OS,,train
853,U2OS-01_4_C13_s1_25,U2OS-01,4,C13,s1,SLITRK2,treated,U2OS,,train
854,U2OS-01_4_C13_s1_27,U2OS-01,4,C13,s1,SLITRK2,treated,U2OS,,train
855,U2OS-01_4_C13_s1_28,U2OS-01,4,C13,s1,SLITRK2,treated,U2OS,,train
856,U2OS-01_4_C13_s1_29,U2OS-01,4,C13,s1,SLITRK2,treated,U2OS,,train
857,U2OS-01_4_C13_s1_30,U2OS-01,4,C13,s1,SLITRK2,treated,U2OS,,train
858,U2OS-01_4_C13_s1_31,U2OS-01,4,C13,s1,SLITRK2,treated,U2OS,,train
859,U2OS-01_4_C13_s1_32,U2OS-01,4,C13,s1,SLITRK2,treated,U2OS,,train
860,U2OS-01_4_C13_s1_33,U2OS-01,4,C13,s1,SLITRK2,treated,U2OS,,train
861,U2OS-01_4_C13_s1_35,U2OS-01,4,C13,s1,SLITRK2,treated,U2OS,,train
862,U2OS-01_4_C13_s1_40,U2OS-01,4,C13,s1,SLITRK2,treated,U2OS,,train
863,U2OS-01_4_C13_s1_41,U2OS-01,4,C13,s1,SLITRK2,treated,U2OS,,train
864,U2OS-01_4_C13_s1_42,U2OS-01,4,C13,s1,SLITRK2,treated,U2OS,,train
865,U2OS-01_4_C13_s1_44,U2OS-01,4,C13,s1,SLITRK2,treated,U2OS,,train
866,U2OS-01_4_C13_s1_46,U2OS-01,4,C13,s1,SLITRK2,treated,U2OS,,train
867,U2OS-01_4_C13_s1_47,U2OS-01,4,C13,s1,SLITRK2,treated,U2OS,,train
868,U2OS-01_4_C13_s1_48,U2OS-01,4,C13,s1,SLITRK2,treated,U2OS,,train
869,U2OS-01_4_C13_s1_52,U2OS-01,4,C13,s1,SLITRK2,treated,U2OS,,train
870,U2OS-01_4_C13_s1_53,U2OS-01,4,C13,s1,SLITRK2,treated,U2OS,,train
871,U2OS-01_4_C13_s1_54,U2OS-01,4,C13,s1,SLITRK2,treated,U2OS,,train
872,U2OS-01_4_C13_s1_56,U2OS-01,4,C13,s1,SLITRK2,treated,U2OS,,train
873,U2OS-01_4_C13_s1_58,U2OS-01,4,C13,s1,SLITRK2,treated,U2OS,,train
874,U2OS-01_4_C13_s1_59,U2OS-01,4,C13,s1,SLITRK2,treated,U2OS,,train
875,U2OS-01_4_C13_s1_61,U2OS-01,4,C13,s1,SLITRK2,treated,U2OS,,train
876,U2OS-01_4_C13_s1_62,U2OS-01,4,C13,s1,SLITRK2,treated,U2OS,,train
877,U2OS-01_4_C13_s1_63,U2OS-01,4,C13,s1,SLITRK2,treated,U2OS,,train
878,U2OS-01_4_C13_s1_65,U2OS-01,4,C13,s1,SLITRK2,treated,U2OS,,train
879,U2OS-01_4_C13_s1_66,U2OS-01,4,C13,s1,SLITRK2,treated,U2OS,,train
880,U2OS-01_4_C13_s1_69,U2OS-01,4,C13,s1,SLITRK2,treated,U2OS,,train
881,U2OS-01_4_C13_s1_70,U2OS-01,4,C13,s1,SLITRK2,treated,U2OS,,train
882,U2OS-01_4_C13_s1_72,U2OS-01,4,C13,s1,SLITRK2,treated,U2OS,,train
883,U2OS-01_4_C13_s1_74,U2OS-01,4,C13,s1,SLITRK2,treated,U2OS,,train
884,U2OS-01_4_C13_s1_75,U2OS-01,4,C13,s1,SLITRK2,treated,U2OS,,train
885,U2OS-01_4_C13_s1_77,U2OS-01,4,C13,s1,SLITRK2,treated,U2OS,,train
886,U2OS-01_4_C13_s1_78,U2OS-01,4,C13,s1,SLITRK2,treated,U2OS,,train
887,U2OS-01_4_C13_s1_80,U2OS-01,4,C13,s1,SLITRK2,treated,U2OS,,train
888,U2OS-01_4_D08_s1_7,U2OS-01,4,D08,s1,COL21A1,treated,U2OS,,train
889,U2OS-01_4_D08_s1_8,U2OS-01,4,D08,s1,COL21A1,treated,U2OS,,train
890,U2OS-01_4_D08_s1_9,U2OS-01,4,D08,s1,COL21A1,treated,U2OS,,train
891,U2OS-01_4_D08_s1_11,U2OS-01,4,D08,s1,COL21A1,treated,U2OS,,train
892,U2OS-01_4_D08_s1_14,U2OS-01,4,D08,s1,COL21A1,treated,U2OS,,train
893,U2OS-01_4_D08_s1_15,U2OS-01,4,D08,s1,COL21A1,treated,U2OS,,train
894,U2OS-01_4_D08_s1_16,U2OS-01,4,D08,s1,COL21A1,treated,U2OS,,train
895,U2OS-01_4_D08_s1_18,U2OS-01,4,D08,s1,COL21A1,treated,U2OS,,train
896,U2OS-01_4_D08_s1_20,U2OS-01,4,D08,s1,COL21A1,treated,U2OS,,train
897,U2OS-01_4_D08_s1_21,U2OS-01,4,D08,s1,COL21A1,treated,U2OS,,train
898,U2OS-01_4_D08_s1_22,U2OS-01,4,D08,s1,COL21A1,treated,U2OS,,train
899,U2OS-01_4_D08_s1_23,U2OS-01,4,D08,s1,COL21A1,treated,U2OS,,train
900,U2OS-01_4_D08_s1_24,U2OS-01,4,D08,s1,COL21A1,treated,U2OS,,train
901,U2OS-01_4_D08_s1_26,U2OS-01,4,D08,s1,COL21A1,treated,U2OS,,train
902,U2OS-01_4_D08_s1_32,U2OS-01,4,D08,s1,COL21A1,treated,U2OS,,train
903,U2OS-01_4_D08_s1_33,U2OS-01,4,D08,s1,COL21A1,treated,U2OS,,train
904,U2OS-01_4_D08_s1_35,U2OS-01,4,D08,s1,COL21A1,treated,U2OS,,train
905,U2OS-01_4_D08_s1_36,U2OS-01,4,D08,s1,COL21A1,treated,U2OS,,train
906,U2OS-01_4_D08_s1_37,U2OS-01,4,D08,s1,COL21A1,treated,U2OS,,train
907,U2OS-01_4_D08_s1_39,U2OS-01,4,D08,s1,COL21A1,treated,U2OS,,train
908,U2OS-01_4_D08_s1_40,U2OS-01,4,D08,s1,COL21A1,treated,U2OS,,train
909,U2OS-01_4_D08_s1_43,U2OS-01,4,D08,s1,COL21A1,treated,U2OS,,train
910,U2OS-01_4_D08_s1_44,U2OS-01,4,D08,s1,COL21A1,treated,U2OS,,train
911,U2OS-01_4_D08_s1_46,U2OS-01,4,D08,s1,COL21A1,treated,U2OS,,train
912,U2OS-01_4_D08_s1_48,U2OS-01,4,D08,s1,COL21A1,treated,U2OS,,train
913,U2OS-01_4_D08_s1_49,U2OS-01,4,D08,s1,COL21A1,treated,U2OS,,train
914,U2OS-01_4_D08_s1_51,U2OS-01,4,D08,s1,COL21A1,treated,U2OS,,train
915,U2OS-01_4_D08_s1_52,U2OS-01,4,D08,s1,COL21A1,treated,U2OS,,train
916,U2OS-01_4_D08_s1_53,U2OS-01,4,D08,s1,COL21A1,treated,U2OS,,train
917,U2OS-01_4_D08_s2_14,U2OS-01,4,D08,s2,COL21A1,treated,U2OS,,train
918,U2OS-01_4_D08_s2_16,U2OS-01,4,D08,s2,COL21A1,treated,U2OS,,train
919,U2OS-01_4_D08_s2_17,U2OS-01,4,D08,s2,COL21A1,treated,U2OS,,train
920,U2OS-01_4_D08_s2_19,U2OS-01,4,D08,s2,COL21A1,treated,U2OS,,train
921,U2OS-01_4_D08_s2_21,U2OS-01,4,D08,s2,COL21A1,treated,U2OS,,train
922,U2OS-01_4_D08_s2_23,U2OS-01,4,D08,s2,COL21A1,treated,U2OS,,train
923,U2OS-01_4_D08_s2_25,U2OS-01,4,D08,s2,COL21A1,treated,U2OS,,train
924,U2OS-01_4_D08_s2_26,U2OS-01,4,D08,s2,COL21A1,treated,U2OS,,train
925,U2OS-01_4_D08_s2_28,U2OS-01,4,D08,s2,COL21A1,treated,U2OS,,train
926,U2OS-01_4_D08_s2_30,U2OS-01,4,D08,s2,COL21A1,treated,U2OS,,train
927,U2OS-01_4_D08_s2_32,U2OS-01,4,D08,s2,COL21A1,treated,U2OS,,train
928,U2OS-01_4_D10_s1_9,U2OS-01,4,D10,s1,EPPK1,treated,U2OS,,train
929,U2OS-01_4_D10_s1_11,U2OS-01,4,D10,s1,EPPK1,treated,U2OS,,train
930,U2OS-01_4_D10_s1_12,U2OS-01,4,D10,s1,EPPK1,treated,U2OS,,train
931,U2OS-01_4_D10_s1_14,U2OS-01,4,D10,s1,EPPK1,treated,U2OS,,train
932,U2OS-01_4_D10_s1_17,U2OS-01,4,D10,s1,EPPK1,treated,U2OS,,train
933,U2OS-01_4_D10_s1_18,U2OS-01,4,D10,s1,EPPK1,treated,U2OS,,train
934,U2OS-01_4_D10_s1_20,U2OS-01,4,D10,s1,EPPK1,treated,U2OS,,train
935,U2OS-01_4_D10_s1_21,U2OS-01,4,D10,s1,EPPK1,treated,U2OS,,train
936,U2OS-01_4_D10_s1_22,U2OS-01,4,D10,s1,EPPK1,treated,U2OS,,train
937,U2OS-01_4_D10_s1_23,U2OS-01,4,D10,s1,EPPK1,treated,U2OS,,train
938,U2OS-01_4_D10_s1_24,U2OS-01,4,D10,s1,EPPK1,treated,U2OS,,train
939,U2OS-01_4_D10_s1_25,U2OS-01,4,D10,s1,EPPK1,treated,U2OS,,train
940,U2OS-01_4_D10_s1_26,U2OS-01,4,D10,s1,EPPK1,treated,U2OS,,train
941,U2OS-01_4_D10_s1_29,U2OS-01,4,D10,s1,EPPK1,treated,U2OS,,train
942,U2OS-01_4_D10_s1_33,U2OS-01,4,D10,s1,EPPK1,treated,U2OS,,train
943,U2OS-01_4_D10_s1_35,U2OS-01,4,D10,s1,EPPK1,treated,U2OS,,train
944,U2OS-01_4_D10_s1_36,U2OS-01,4,D10,s1,EPPK1,treated,U2OS,,train
945,U2OS-01_4_D10_s1_37,U2OS-01,4,D10,s1,EPPK1,treated,U2OS,,train
946,U2OS-01_4_D10_s1_38,U2OS-01,4,D10,s1,EPPK1,treated,U2OS,,train
947,U2OS-01_4_D10_s1_39,U2OS-01,4,D10,s1,EPPK1,treated,U2OS,,train
948,U2OS-01_4_D10_s1_40,U2OS-01,4,D10,s1,EPPK1,treated,U2OS,,train
949,U2OS-01_4_D10_s1_42,U2OS-01,4,D10,s1,EPPK1,treated,U2OS,,train
950,U2OS-01_4_D10_s1_43,U2OS-01,4,D10,s1,EPPK1,treated,U2OS,,train
951,U2OS-01_4_D10_s1_44,U2OS-01,4,D10,s1,EPPK1,treated,U2OS,,train
952,U2OS-01_4_D10_s1_45,U2OS-01,4,D10,s1,EPPK1,treated,U2OS,,train
953,U2OS-01_4_D10_s1_48,U2OS-01,4,D10,s1,EPPK1,treated,U2OS,,train
954,U2OS-01_4_D10_s1_49,U2OS-01,4,D10,s1,EPPK1,treated,U2OS,,train
955,U2OS-01_4_D10_s1_50,U2OS-01,4,D10,s1,EPPK1,treated,U2OS,,train
956,U2OS-01_4_D10_s1_51,U2OS-01,4,D10,s1,EPPK1,treated,U2OS,,train
957,U2OS-01_4_D10_s1_52,U2OS-01,4,D10,s1,EPPK1,treated,U2OS,,train
958,U2OS-01_4_D10_s1_55,U2OS-01,4,D10,s1,EPPK1,treated,U2OS,,train
959,U2OS-01_4_D10_s1_56,U2OS-01,4,D10,s1,EPPK1,treated,U2OS,,train
960,U2OS-01_4_D10_s1_58,U2OS-01,4,D10,s1,EPPK1,treated,U2OS,,train
961,U2OS-01_4_D10_s1_59,U2OS-01,4,D10,s1,EPPK1,treated,U2OS,,train
962,U2OS-01_4_D10_s1_60,U2OS-01,4,D10,s1,EPPK1,treated,U2OS,,train
963,U2OS-01_4_D10_s2_9,U2OS-01,4,D10,s2,EPPK1,treated,U2OS,,train
964,U2OS-01_4_D10_s2_10,U2OS-01,4,D10,s2,EPPK1,treated,U2OS,,train
965,U2OS-01_4_D10_s2_12,U2OS-01,4,D10,s2,EPPK1,treated,U2OS,,train
966,U2OS-01_4_D10_s2_13,U2OS-01,4,D10,s2,EPPK1,treated,U2OS,,train
967,U2OS-01_4_D10_s2_14,U2OS-01,4,D10,s2,EPPK1,treated,U2OS,,train
968,U2OS-01_4_D18_s1_13,U2OS-01,4,D18,s1,ACSS1,treated,U2OS,,train
969,U2OS-01_4_D18_s1_15,U2OS-01,4,D18,s1,ACSS1,treated,U2OS,,train
970,U2OS-01_4_D18_s1_16,U2OS-01,4,D18,s1,ACSS1,treated,U2OS,,train
971,U2OS-01_4_D18_s1_20,U2OS-01,4,D18,s1,ACSS1,treated,U2OS,,train
972,U2OS-01_4_D18_s1_22,U2OS-01,4,D18,s1,ACSS1,treated,U2OS,,train
973,U2OS-01_4_D18_s1_23,U2OS-01,4,D18,s1,ACSS1,treated,U2OS,,train
974,U2OS-01_4_D18_s1_24,U2OS-01,4,D18,s1,ACSS1,treated,U2OS,,train
975,U2OS-01_4_D18_s1_25,U2OS-01,4,D18,s1,ACSS1,treated,U2OS,,train
976,U2OS-01_4_D18_s1_26,U2OS-01,4,D18,s1,ACSS1,treated,U2OS,,train
977,U2OS-01_4_D18_s1_27,U2OS-01,4,D18,s1,ACSS1,treated,U2OS,,train
978,U2OS-01_4_D18_s1_28,U2OS-01,4,D18,s1,ACSS1,treated,U2OS,,train
979,U2OS-01_4_D18_s1_30,U2OS-01,4,D18,s1,ACSS1,treated,U2OS,,train
980,U2OS-01_4_D18_s1_32,U2OS-01,4,D18,s1,ACSS1,treated,U2OS,,train
981,U2OS-01_4_D18_s1_33,U2OS-01,4,D18,s1,ACSS1,treated,U2OS,,train
982,U2OS-01_4_D18_s1_38,U2OS-01,4,D18,s1,ACSS1,treated,U2OS,,train
983,U2OS-01_4_D18_s1_39,U2OS-01,4,D18,s1,ACSS1,treated,U2OS,,train
984,U2OS-01_4_D18_s1_41,U2OS-01,4,D18,s1,ACSS1,treated,U2OS,,train
985,U2OS-01_4_D18_s1_42,U2OS-01,4,D18,s1,ACSS1,treated,U2OS,,train
986,U2OS-01_4_D18_s1_44,U2OS-01,4,D18,s1,ACSS1,treated,U2OS,,train
987,U2OS-01_4_D18_s1_45,U2OS-01,4,D18,s1,ACSS1,treated,U2OS,,train
988,U2OS-01_4_D18_s1_47,U2OS-01,4,D18,s1,ACSS1,treated,U2OS,,train
989,U2OS-01_4_D18_s1_49,U2OS-01,4,D18,s1,ACSS1,treated,U2OS,,train
990,U2OS-01_4_D18_s1_50,U2OS-01,4,D18,s1,ACSS1,treated,U2OS,,train
991,U2OS-01_4_D18_s1_51,U2OS-01,4,D18,s1,ACSS1,treated,U2OS,,train
992,U2OS-01_4_D18_s1_52,U2OS-01,4,D18,s1,ACSS1,treated,U2OS,,train
993,U2OS-01_4_D18_s1_53,U2OS-01,4,D18,s1,ACSS1,treated,U2OS,,train
994,U2OS-01_4_D18_s1_55,U2OS-01,4,D18,s1,ACSS1,treated,U2OS,,train
995,U2OS-01_4_D18_s1_56,U2OS-01,4,D18,s1,ACSS1,treated,U2OS,,train
996,U2OS-01_4_D18_s1_58,U2OS-01,4,D18,s1,ACSS1,treated,U2OS,,train
997,U2OS-01_4_D18_s1_61,U2OS-01,4,D18,s1,ACSS1,treated,U2OS,,train
998,U2OS-01_4_D18_s1_64,U2OS-01,4,D18,s1,ACSS1,treated,U2OS,,train
999,U2OS-01_4_D18_s1_65,U2OS-01,4,D18,s1,ACSS1,treated,U2OS,,train
1000,U2OS-01_4_D18_s1_68,U2OS-01,4,D18,s1,ACSS1,treated,U2OS,,train
1001,U2OS-01_4_D18_s1_69,U2OS-01,4,D18,s1,ACSS1,treated,U2OS,,train
1002,U2OS-01_4_D18_s1_70,U2OS-01,4,D18,s1,ACSS1,treated,U2OS,,train
1003,U2OS-01_4_D18_s1_75,U2OS-01,4,D18,s1,ACSS1,treated,U2OS,,train
1004,U2OS-01_4_D18_s1_76,U2OS-01,4,D18,s1,ACSS1,treated,U2OS,,train
1005,U2OS-01_4_D18_s1_78,U2OS-01,4,D18,s1,ACSS1,treated,U2OS,,train
1006,U2OS-01_4_D18_s1_80,U2OS-01,4,D18,s1,ACSS1,treated,U2OS,,train
1007,U2OS-01_4_D18_s1_81,U2OS-01,4,D18,s1,ACSS1,treated,U2OS,,train
1008,U2OS-01_4_E12_s1_13,U2OS-01,4,E12,s1,SLC37A3,treated,U2OS,,train
1009,U2OS-01_4_E12_s1_15,U2OS-01,4,E12,s1,SLC37A3,treated,U2OS,,train
1010,U2OS-01_4_E12_s1_16,U2OS-01,4,E12,s1,SLC37A3,treated,U2OS,,train
1011,U2OS-01_4_E12_s1_19,U2OS-01,4,E12,s1,SLC37A3,treated,U2OS,,train
1012,U2OS-01_4_E12_s1_21,U2OS-01,4,E12,s1,SLC37A3,treated,U2OS,,train
1013,U2OS-01_4_E12_s1_23,U2OS-01,4,E12,s1,SLC37A3,treated,U2OS,,train
1014,U2OS-01_4_E12_s1_24,U2OS-01,4,E12,s1,SLC37A3,treated,U2OS,,train
1015,U2OS-01_4_E12_s1_25,U2OS-01,4,E12,s1,SLC37A3,treated,U2OS,,train
1016,U2OS-01_4_E12_s1_26,U2OS-01,4,E12,s1,SLC37A3,treated,U2OS,,train
1017,U2OS-01_4_E12_s1_28,U2OS-01,4,E12,s1,SLC37A3,treated,U2OS,,train
1018,U2OS-01_4_E12_s1_29,U2OS-01,4,E12,s1,SLC37A3,treated,U2OS,,train
1019,U2OS-01_4_E12_s1_30,U2OS-01,4,E12,s1,SLC37A3,treated,U2OS,,train
1020,U2OS-01_4_E12_s1_32,U2OS-01,4,E12,s1,SLC37A3,treated,U2OS,,train
1021,U2OS-01_4_E12_s1_33,U2OS-01,4,E12,s1,SLC37A3,treated,U2OS,,train
1022,U2OS-01_4_E12_s1_39,U2OS-01,4,E12,s1,SLC37A3,treated,U2OS,,train
1023,U2OS-01_4_E12_s1_40,U2OS-01,4,E12,s1,SLC37A3,treated,U2OS,,train
1024,U2OS-01_4_E12_s1_41,U2OS-01,4,E12,s1,SLC37A3,treated,U2OS,,train
1025,U2OS-01_4_E12_s1_42,U2OS-01,4,E12,s1,SLC37A3,treated,U2OS,,train
1026,U2OS-01_4_E12_s1_43,U2OS-01,4,E12,s1,SLC37A3,treated,U2OS,,train
1027,U2OS-01_4_E12_s1_44,U2OS-01,4,E12,s1,SLC37A3,treated,U2OS,,train
1028,U2OS-01_4_E12_s1_45,U2OS-01,4,E12,s1,SLC37A3,treated,U2OS,,train
1029,U2OS-01_4_E12_s1_48,U2OS-01,4,E12,s1,SLC37A3,treated,U2OS,,train
1030,U2OS-01_4_E12_s1_51,U2OS-01,4,E12,s1,SLC37A3,treated,U2OS,,train
1031,U2OS-01_4_E12_s1_52,U2OS-01,4,E12,s1,SLC37A3,treated,U2OS,,train
1032,U2OS-01_4_E12_s1_53,U2OS-01,4,E12,s1,SLC37A3,treated,U2OS,,train
1033,U2OS-01_4_E12_s1_54,U2OS-01,4,E12,s1,SLC37A3,treated,U2OS,,train
1034,U2OS-01_4_E12_s1_55,U2OS-01,4,E12,s1,SLC37A3,treated,U2OS,,train
1035,U2OS-01_4_E12_s1_56,U2OS-01,4,E12,s1,SLC37A3,treated,U2OS,,train
1036,U2OS-01_4_E12_s1_59,U2OS-01,4,E12,s1,SLC37A3,treated,U2OS,,train
1037,U2OS-01_4_E12_s1_60,U2OS-01,4,E12,s1,SLC37A3,treated,U2OS,,train
1038,U2OS-01_4_E12_s1_62,U2OS-01,4,E12,s1,SLC37A3,treated,U2OS,,train
1039,U2OS-01_4_E12_s1_63,U2OS-01,4,E12,s1,SLC37A3,treated,U2OS,,train
1040,U2OS-01_4_E12_s1_66,U2OS-01,4,E12,s1,SLC37A3,treated,U2OS,,train
1041,U2OS-01_4_E12_s1_67,U2OS-01,4,E12,s1,SLC37A3,treated,U2OS,,train
1042,U2OS-01_4_E12_s1_68,U2OS-01,4,E12,s1,SLC37A3,treated,U2OS,,train
1043,U2OS-01_4_E12_s1_71,U2OS-01,4,E12,s1,SLC37A3,treated,U2OS,,train
1044,U2OS-01_4_E12_s1_72,U2OS-01,4,E12,s1,SLC37A3,treated,U2OS,,train
1045,U2OS-01_4_E12_s2_12,U2OS-01,4,E12,s2,SLC37A3,treated,U2OS,,train
1046,U2OS-01_4_E12_s2_13,U2OS-01,4,E12,s2,SLC37A3,treated,U2OS,,train
1047,U2OS-01_4_E12_s2_15,U2OS-01,4,E12,s2,SLC37A3,treated,U2OS,,train
1048,U2OS-01_4_E16_s1_12,U2OS-01,4,E16,s1,TRIM55,treated,U2OS,,train
1049,U2OS-01_4_E16_s1_13,U2OS-01,4,E16,s1,TRIM55,treated,U2OS,,train
1050,U2OS-01_4_E16_s1_15,U2OS-01,4,E16,s1,TRIM55,treated,U2OS,,train
1051,U2OS-01_4_E16_s1_19,U2OS-01,4,E16,s1,TRIM55,treated,U2OS,,train
1052,U2OS-01_4_E16_s1_21,U2OS-01,4,E16,s1,TRIM55,treated,U2OS,,train
1053,U2OS-01_4_E16_s1_23,U2OS-01,4,E16,s1,TRIM55,treated,U2OS,,train
1054,U2OS-01_4_E16_s1_24,U2OS-01,4,E16,s1,TRIM55,treated,U2OS,,train
1055,U2OS-01_4_E16_s1_25,U2OS-01,4,E16,s1,TRIM55,treated,U2OS,,train
1056,U2OS-01_4_E16_s1_26,U2OS-01,4,E16,s1,TRIM55,treated,U2OS,,train
1057,U2OS-01_4_E16_s1_27,U2OS-01,4,E16,s1,TRIM55,treated,U2OS,,train
1058,U2OS-01_4_E16_s1_28,U2OS-01,4,E16,s1,TRIM55,treated,U2OS,,train
1059,U2OS-01_4_E16_s1_30,U2OS-01,4,E16,s1,TRIM55,treated,U2OS,,train
1060,U2OS-01_4_E16_s1_31,U2OS-01,4,E16,s1,TRIM55,treated,U2OS,,train
1061,U2OS-01_4_E16_s1_32,U2OS-01,4,E16,s1,TRIM55,treated,U2OS,,train
1062,U2OS-01_4_E16_s1_39,U2OS-01,4,E16,s1,TRIM55,treated,U2OS,,train
1063,U2OS-01_4_E16_s1_40,U2OS-01,4,E16,s1,TRIM55,treated,U2OS,,train
1064,U2OS-01_4_E16_s1_44,U2OS-01,4,E16,s1,TRIM55,treated,U2OS,,train
1065,U2OS-01_4_E16_s1_45,U2OS-01,4,E16,s1,TRIM55,treated,U2OS,,train
1066,U2OS-01_4_E16_s1_46,U2OS-01,4,E16,s1,TRIM55,treated,U2OS,,train
1067,U2OS-01_4_E16_s1_47,U2OS-01,4,E16,s1,TRIM55,treated,U2OS,,train
1068,U2OS-01_4_E16_s1_48,U2OS-01,4,E16,s1,TRIM55,treated,U2OS,,train
1069,U2OS-01_4_E16_s1_51,U2OS-01,4,E16,s1,TRIM55,treated,U2OS,,train
1070,U2OS-01_4_E16_s1_52,U2OS-01,4,E16,s1,TRIM55,treated,U2OS,,train
1071,U2OS-01_4_E16_s1_53,U2OS-01,4,E16,s1,TRIM55,treated,U2OS,,train
1072,U2OS-01_4_E16_s1_54,U2OS-01,4,E16,s1,TRIM55,treated,U2OS,,train
1073,U2OS-01_4_E16_s1_55,U2OS-01,4,E16,s1,TRIM55,treated,U2OS,,train
1074,U2OS-01_4_E16_s2_16,U2OS-01,4,E16,s2,TRIM55,treated,U2OS,,train
1075,U2OS-01_4_E16_s2_17,U2OS-01,4,E16,s2,TRIM55,treated,U2OS,,train
1076,U2OS-01_4_E16_s2_18,U2OS-01,4,E16,s2,TRIM55,treated,U2OS,,train
1077,U2OS-01_4_E16_s2_19,U2OS-01,4,E16,s2,TRIM55,treated,U2OS,,train
1078,U2OS-01_4_E16_s2_21,U2OS-01,4,E16,s2,TRIM55,treated,U2OS,,train
1079,U2OS-01_4_E16_s2_22,U2OS-01,4,E16,s2,TRIM55,treated,U2OS,,train
1080,U2OS-01_4_E16_s2_25,U2OS-01,4,E16,s2,TRIM55,treated,U2OS,,train
1081,U2OS-01_4_E16_s2_26,U2OS-01,4,E16,s2,TRIM55,treated,U2OS,,train
1082,U2OS-01_4_E16_s2_27,U2OS-01,4,E16,s2,TRIM55,treated,U2OS,,train
1083,U2OS-01_4_E16_s2_29,U2OS-01,4,E16,s2,TRIM55,treated,U2OS,,train
1084,U2OS-01_4_E16_s2_30,U2OS-01,4,E16,s2,TRIM55,treated,U2OS,,train
1085,U2OS-01_4_E16_s2_34,U2OS-01,4,E16,s2,TRIM55,treated,U2OS,,train
1086,U2OS-01_4_E16_s2_35,U2OS-01,4,E16,s2,TRIM55,treated,U2OS,,train
1087,U2OS-01_4_E16_s2_36,U2OS-01,4,E16,s2,TRIM55,treated,U2OS,,train
1088,U2OS-01_4_E22_s1_15,U2OS-01,4,E22,s1,ELOVL3,treated,U2OS,,train
1089,U2OS-01_4_E22_s1_17,U2OS-01,4,E22,s1,ELOVL3,treated,U2OS,,train
1090,U2OS-01_4_E22_s1_18,U2OS-01,4,E22,s1,ELOVL3,treated,U2OS,,train
1091,U2OS-01_4_E22_s1_20,U2OS-01,4,E22,s1,ELOVL3,treated,U2OS,,train
1092,U2OS-01_4_E22_s1_24,U2OS-01,4,E22,s1,ELOVL3,treated,U2OS,,train
1093,U2OS-01_4_E22_s1_25,U2OS-01,4,E22,s1,ELOVL3,treated,U2OS,,train
1094,U2OS-01_4_E22_s1_28,U2OS-01,4,E22,s1,ELOVL3,treated,U2OS,,train
1095,U2OS-01_4_E22_s1_29,U2OS-01,4,E22,s1,ELOVL3,treated,U2OS,,train
1096,U2OS-01_4_E22_s1_30,U2OS-01,4,E22,s1,ELOVL3,treated,U2OS,,train
1097,U2OS-01_4_E22_s1_31,U2OS-01,4,E22,s1,ELOVL3,treated,U2OS,,train
1098,U2OS-01_4_E22_s1_32,U2OS-01,4,E22,s1,ELOVL3,treated,U2OS,,train
1099,U2OS-01_4_E22_s1_33,U2OS-01,4,E22,s1,ELOVL3,treated,U2OS,,train
1100,U2OS-01_4_E22_s1_34,U2OS-01,4,E22,s1,ELOVL3,treated,U2OS,,train
1101,U2OS-01_4_E22_s1_36,U2OS-01,4,E22,s1,ELOVL3,treated,U2OS,,train
1102,U2OS-01_4_E22_s1_42,U2OS-01,4,E22,s1,ELOVL3,treated,U2OS,,train
1103,U2OS-01_4_E22_s1_43,U2OS-01,4,E22,s1,ELOVL3,treated,U2OS,,train
1104,U2OS-01_4_E22_s1_45,U2OS-01,4,E22,s1,ELOVL3,treated,U2OS,,train
1105,U2OS-01_4_E22_s1_46,U2OS-01,4,E22,s1,ELOVL3,treated,U2OS,,train
1106,U2OS-01_4_E22_s1_47,U2OS-01,4,E22,s1,ELOVL3,treated,U2OS,,train
1107,U2OS-01_4_E22_s1_48,U2OS-01,4,E22,s1,ELOVL3,treated,U2OS,,train
1108,U2OS-01_4_E22_s1_50,U2OS-01,4,E22,s1,ELOVL3,treated,U2OS,,train
1109,U2OS-01_4_E22_s1_52,U2OS-01,4,E22,s1,ELOVL3,treated,U2OS,,train
1110,U2OS-01_4_E22_s1_55,U2OS-01,4,E22,s1,ELOVL3,treated,U2OS,,train
1111,U2OS-01_4_E22_s1_56,U2OS-01,4,E22,s1,ELOVL3,treated,U2OS,,train
1112,U2OS-01_4_E22_s1_57,U2OS-01,4,E22,s1,ELOVL3,treated,U2OS,,train
1113,U2OS-01_4_E22_s1_59,U2OS-01,4,E22,s1,ELOVL3,treated,U2OS,,train
1114,U2OS-01_4_E22_s1_61,U2OS-01,4,E22,s1,ELOVL3,treated,U2OS,,train
1115,U2OS-01_4_E22_s1_62,U2OS-01,4,E22,s1,ELOVL3,treated,U2OS,,train
1116,U2OS-01_4_E22_s1_63,U2OS-01,4,E22,s1,ELOVL3,treated,U2OS,,train
1117,U2OS-01_4_E22_s1_66,U2OS-01,4,E22,s1,ELOVL3,treated,U2OS,,train
1118,U2OS-01_4_E22_s1_68,U2OS-01,4,E22,s1,ELOVL3,treated,U2OS,,train
1119,U2OS-01_4_E22_s1_70,U2OS-01,4,E22,s1,ELOVL3,treated,U2OS,,train
1120,U2OS-01_4_E22_s1_74,U2OS-01,4,E22,s1,ELOVL3,treated,U2OS,,train
1121,U2OS-01_4_E22_s1_75,U2OS-01,4,E22,s1,ELOVL3,treated,U2OS,,train
1122,U2OS-01_4_E22_s1_76,U2OS-01,4,E22,s1,ELOVL3,treated,U2OS,,train
1123,U2OS-01_4_E22_s1_78,U2OS-01,4,E22,s1,ELOVL3,treated,U2OS,,train
1124,U2OS-01_4_E22_s1_79,U2OS-01,4,E22,s1,ELOVL3,treated,U2OS,,train
1125,U2OS-01_4_E22_s1_82,U2OS-01,4,E22,s1,ELOVL3,treated,U2OS,,train
1126,U2OS-01_4_E22_s1_85,U2OS-01,4,E22,s1,ELOVL3,treated,U2OS,,train
1127,U2OS-01_4_E22_s1_86,U2OS-01,4,E22,s1,ELOVL3,treated,U2OS,,train
1128,U2OS-01_4_F06_s1_6,U2OS-01,4,F06,s1,NAA50,treated,U2OS,,train
1129,U2OS-01_4_F06_s1_8,U2OS-01,4,F06,s1,NAA50,treated,U2OS,,train
1130,U2OS-01_4_F06_s1_9,U2OS-01,4,F06,s1,NAA50,treated,U2OS,,train
1131,U2OS-01_4_F06_s1_11,U2OS-01,4,F06,s1,NAA50,treated,U2OS,,train
1132,U2OS-01_4_F06_s1_13,U2OS-01,4,F06,s1,NAA50,treated,U2OS,,train
1133,U2OS-01_4_F06_s1_16,U2OS-01,4,F06,s1,NAA50,treated,U2OS,,train
1134,U2OS-01_4_F06_s1_17,U2OS-01,4,F06,s1,NAA50,treated,U2OS,,train
1135,U2OS-01_4_F06_s1_18,U2OS-01,4,F06,s1,NAA50,treated,U2OS,,train
1136,U2OS-01_4_F06_s1_19,U2OS-01,4,F06,s1,NAA50,treated,U2OS,,train
1137,U2OS-01_4_F06_s1_20,U2OS-01,4,F06,s1,NAA50,treated,U2OS,,train
1138,U2OS-01_4_F06_s1_21,U2OS-01,4,F06,s1,NAA50,treated,U2OS,,train
1139,U2OS-01_4_F06_s1_23,U2OS-01,4,F06,s1,NAA50,treated,U2OS,,train
1140,U2OS-01_4_F06_s1_25,U2OS-01,4,F06,s1,NAA50,treated,U2OS,,train
1141,U2OS-01_4_F06_s1_26,U2OS-01,4,F06,s1,NAA50,treated,U2OS,,train
1142,U2OS-01_4_F06_s1_34,U2OS-01,4,F06,s1,NAA50,treated,U2OS,,train
1143,U2OS-01_4_F06_s1_35,U2OS-01,4,F06,s1,NAA50,treated,U2OS,,train
1144,U2OS-01_4_F06_s1_36,U2OS-01,4,F06,s1,NAA50,treated,U2OS,,train
1145,U2OS-01_4_F06_s1_37,U2OS-01,4,F06,s1,NAA50,treated,U2OS,,train
1146,U2OS-01_4_F06_s2_7,U2OS-01,4,F06,s2,NAA50,treated,U2OS,,train
1147,U2OS-01_4_F06_s2_8,U2OS-01,4,F06,s2,NAA50,treated,U2OS,,train
1148,U2OS-01_4_F06_s2_9,U2OS-01,4,F06,s2,NAA50,treated,U2OS,,train
1149,U2OS-01_4_F06_s2_11,U2OS-01,4,F06,s2,NAA50,treated,U2OS,,train
1150,U2OS-01_4_F06_s2_13,U2OS-01,4,F06,s2,NAA50,treated,U2OS,,train
1151,U2OS-01_4_F06_s2_15,U2OS-01,4,F06,s2,NAA50,treated,U2OS,,train
1152,U2OS-01_4_F06_s2_16,U2OS-01,4,F06,s2,NAA50,treated,U2OS,,train
1153,U2OS-01_4_F06_s2_17,U2OS-01,4,F06,s2,NAA50,treated,U2OS,,train
1154,U2OS-01_4_F06_s2_20,U2OS-01,4,F06,s2,NAA50,treated,U2OS,,train
1155,U2OS-01_4_F06_s2_22,U2OS-01,4,F06,s2,NAA50,treated,U2OS,,train
1156,U2OS-01_4_F06_s2_23,U2OS-01,4,F06,s2,NAA50,treated,U2OS,,train
1157,U2OS-01_4_F06_s2_24,U2OS-01,4,F06,s2,NAA50,treated,U2OS,,train
1158,U2OS-01_4_F06_s2_27,U2OS-01,4,F06,s2,NAA50,treated,U2OS,,train
1159,U2OS-01_4_F06_s2_29,U2OS-01,4,F06,s2,NAA50,treated,U2OS,,train
1160,U2OS-01_4_F06_s2_31,U2OS-01,4,F06,s2,NAA50,treated,U2OS,,train
1161,U2OS-01_4_F06_s2_32,U2OS-01,4,F06,s2,NAA50,treated,U2OS,,train
1162,U2OS-01_4_F06_s2_33,U2OS-01,4,F06,s2,NAA50,treated,U2OS,,train
1163,U2OS-01_4_F06_s2_35,U2OS-01,4,F06,s2,NAA50,treated,U2OS,,train
1164,U2OS-01_4_F06_s2_36,U2OS-01,4,F06,s2,NAA50,treated,U2OS,,train
1165,U2OS-01_4_F06_s2_38,U2OS-01,4,F06,s2,NAA50,treated,U2OS,,train
1166,U2OS-01_4_F06_s2_40,U2OS-01,4,F06,s2,NAA50,treated,U2OS,,train
1167,U2OS-01_4_F06_s2_41,U2OS-01,4,F06,s2,NAA50,treated,U2OS,,train
1168,U2OS-01_4_F09_s1_10,U2OS-01,4,F09,s1,NT5C1A,treated,U2OS,,train
1169,U2OS-01_4_F09_s1_11,U2OS-01,4,F09,s1,NT5C1A,treated,U2OS,,train
1170,U2OS-01_4_F09_s1_12,U2OS-01,4,F09,s1,NT5C1A,treated,U2OS,,train
1171,U2OS-01_4_F09_s1_14,U2OS-01,4,F09,s1,NT5C1A,treated,U2OS,,train
1172,U2OS-01_4_F09_s1_16,U2OS-01,4,F09,s1,NT5C1A,treated,U2OS,,train
1173,U2OS-01_4_F09_s1_19,U2OS-01,4,F09,s1,NT5C1A,treated,U2OS,,train
1174,U2OS-01_4_F09_s1_20,U2OS-01,4,F09,s1,NT5C1A,treated,U2OS,,train
1175,U2OS-01_4_F09_s1_22,U2OS-01,4,F09,s1,NT5C1A,treated,U2OS,,train
1176,U2OS-01_4_F09_s1_23,U2OS-01,4,F09,s1,NT5C1A,treated,U2OS,,train
1177,U2OS-01_4_F09_s1_24,U2OS-01,4,F09,s1,NT5C1A,treated,U2OS,,train
1178,U2OS-01_4_F09_s1_25,U2OS-01,4,F09,s1,NT5C1A,treated,U2OS,,train
1179,U2OS-01_4_F09_s1_26,U2OS-01,4,F09,s1,NT5C1A,treated,U2OS,,train
1180,U2OS-01_4_F09_s1_27,U2OS-01,4,F09,s1,NT5C1A,treated,U2OS,,train
1181,U2OS-01_4_F09_s1_29,U2OS-01,4,F09,s1,NT5C1A,treated,U2OS,,train
1182,U2OS-01_4_F09_s1_36,U2OS-01,4,F09,s1,NT5C1A,treated,U2OS,,train
1183,U2OS-01_4_F09_s1_37,U2OS-01,4,F09,s1,NT5C1A,treated,U2OS,,train
1184,U2OS-01_4_F09_s1_38,U2OS-01,4,F09,s1,NT5C1A,treated,U2OS,,train
1185,U2OS-01_4_F09_s1_40,U2OS-01,4,F09,s1,NT5C1A,treated,U2OS,,train
1186,U2OS-01_4_F09_s2_7,U2OS-01,4,F09,s2,NT5C1A,treated,U2OS,,train
1187,U2OS-01_4_F09_s2_8,U2OS-01,4,F09,s2,NT5C1A,treated,U2OS,,train
1188,U2OS-01_4_F09_s2_9,U2OS-01,4,F09,s2,NT5C1A,treated,U2OS,,train
1189,U2OS-01_4_F09_s2_11,U2OS-01,4,F09,s2,NT5C1A,treated,U2OS,,train
1190,U2OS-01_4_F09_s2_12,U2OS-01,4,F09,s2,NT5C1A,treated,U2OS,,train
1191,U2OS-01_4_F09_s2_13,U2OS-01,4,F09,s2,NT5C1A,treated,U2OS,,train
1192,U2OS-01_4_F09_s2_15,U2OS-01,4,F09,s2,NT5C1A,treated,U2OS,,train
1193,U2OS-01_4_F09_s2_16,U2OS-01,4,F09,s2,NT5C1A,treated,U2OS,,train
1194,U2OS-01_4_F09_s2_17,U2OS-01,4,F09,s2,NT5C1A,treated,U2OS,,train
1195,U2OS-01_4_F09_s2_18,U2OS-01,4,F09,s2,NT5C1A,treated,U2OS,,train
1196,U2OS-01_4_F09_s2_19,U2OS-01,4,F09,s2,NT5C1A,treated,U2OS,,train
1197,U2OS-01_4_F09_s2_20,U2OS-01,4,F09,s2,NT5C1A,treated,U2OS,,train
1198,U2OS-01_4_F09_s2_25,U2OS-01,4,F09,s2,NT5C1A,treated,U2OS,,train
1199,U2OS-01_4_F09_s2_26,U2OS-01,4,F09,s2,NT5C1A,treated,U2OS,,train
1200,U2OS-01_4_F09_s2_28,U2OS-01,4,F09,s2,NT5C1A,treated,U2OS,,train
1201,U2OS-01_4_F09_s2_29,U2OS-01,4,F09,s2,NT5C1A,treated,U2OS,,train
1202,U2OS-01_4_F09_s2_31,U2OS-01,4,F09,s2,NT5C1A,treated,U2OS,,train
1203,U2OS-01_4_F09_s2_34,U2OS-01,4,F09,s2,NT5C1A,treated,U2OS,,train
1204,U2OS-01_4_F09_s2_35,U2OS-01,4,F09,s2,NT5C1A,treated,U2OS,,train
1205,U2OS-01_4_F09_s2_39,U2OS-01,4,F09,s2,NT5C1A,treated,U2OS,,train
1206,U2OS-01_4_F09_s2_41,U2OS-01,4,F09,s2,NT5C1A,treated,U2OS,,train
1207,U2OS-01_4_F09_s2_43,U2OS-01,4,F09,s2,NT5C1A,treated,U2OS,,train
1208,U2OS-01_4_F10_s1_10,U2OS-01,4,F10,s1,MEGF10,treated,U2OS,,train
1209,U2OS-01_4_F10_s1_11,U2OS-01,4,F10,s1,MEGF10,treated,U2OS,,train
1210,U2OS-01_4_F10_s1_14,U2OS-01,4,F10,s1,MEGF10,treated,U2OS,,train
1211,U2OS-01_4_F10_s1_16,U2OS-01,4,F10,s1,MEGF10,treated,U2OS,,train
1212,U2OS-01_4_F10_s1_18,U2OS-01,4,F10,s1,MEGF10,treated,U2OS,,train
1213,U2OS-01_4_F10_s1_19,U2OS-01,4,F10,s1,MEGF10,treated,U2OS,,train
1214,U2OS-01_4_F10_s1_20,U2OS-01,4,F10,s1,MEGF10,treated,U2OS,,train
1215,U2OS-01_4_F10_s1_22,U2OS-01,4,F10,s1,MEGF10,treated,U2OS,,train
1216,U2OS-01_4_F10_s1_23,U2OS-01,4,F10,s1,MEGF10,treated,U2OS,,train
1217,U2OS-01_4_F10_s1_24,U2OS-01,4,F10,s1,MEGF10,treated,U2OS,,train
1218,U2OS-01_4_F10_s1_26,U2OS-01,4,F10,s1,MEGF10,treated,U2OS,,train
1219,U2OS-01_4_F10_s1_27,U2OS-01,4,F10,s1,MEGF10,treated,U2OS,,train
1220,U2OS-01_4_F10_s1_28,U2OS-01,4,F10,s1,MEGF10,treated,U2OS,,train
1221,U2OS-01_4_F10_s1_29,U2OS-01,4,F10,s1,MEGF10,treated,U2OS,,train
1222,U2OS-01_4_F10_s1_34,U2OS-01,4,F10,s1,MEGF10,treated,U2OS,,train
1223,U2OS-01_4_F10_s1_35,U2OS-01,4,F10,s1,MEGF10,treated,U2OS,,train
1224,U2OS-01_4_F10_s1_36,U2OS-01,4,F10,s1,MEGF10,treated,U2OS,,train
1225,U2OS-01_4_F10_s1_37,U2OS-01,4,F10,s1,MEGF10,treated,U2OS,,train
1226,U2OS-01_4_F10_s1_40,U2OS-01,4,F10,s1,MEGF10,treated,U2OS,,train
1227,U2OS-01_4_F10_s1_41,U2OS-01,4,F10,s1,MEGF10,treated,U2OS,,train
1228,U2OS-01_4_F10_s1_42,U2OS-01,4,F10,s1,MEGF10,treated,U2OS,,train
1229,U2OS-01_4_F10_s1_44,U2OS-01,4,F10,s1,MEGF10,treated,U2OS,,train
1230,U2OS-01_4_F10_s1_45,U2OS-01,4,F10,s1,MEGF10,treated,U2OS,,train
1231,U2OS-01_4_F10_s1_46,U2OS-01,4,F10,s1,MEGF10,treated,U2OS,,train
1232,U2OS-01_4_F10_s1_47,U2OS-01,4,F10,s1,MEGF10,treated,U2OS,,train
1233,U2OS-01_4_F10_s1_48,U2OS-01,4,F10,s1,MEGF10,treated,U2OS,,train
1234,U2OS-01_4_F10_s1_49,U2OS-01,4,F10,s1,MEGF10,treated,U2OS,,train
1235,U2OS-01_4_F10_s1_50,U2OS-01,4,F10,s1,MEGF10,treated,U2OS,,train
1236,U2OS-01_4_F10_s1_51,U2OS-01,4,F10,s1,MEGF10,treated,U2OS,,train
1237,U2OS-01_4_F10_s2_14,U2OS-01,4,F10,s2,MEGF10,treated,U2OS,,train
1238,U2OS-01_4_F10_s2_16,U2OS-01,4,F10,s2,MEGF10,treated,U2OS,,train
1239,U2OS-01_4_F10_s2_17,U2OS-01,4,F10,s2,MEGF10,treated,U2OS,,train
1240,U2OS-01_4_F10_s2_20,U2OS-01,4,F10,s2,MEGF10,treated,U2OS,,train
1241,U2OS-01_4_F10_s2_21,U2OS-01,4,F10,s2,MEGF10,treated,U2OS,,train
1242,U2OS-01_4_F10_s2_22,U2OS-01,4,F10,s2,MEGF10,treated,U2OS,,train
1243,U2OS-01_4_F10_s2_24,U2OS-01,4,F10,s2,MEGF10,treated,U2OS,,train
1244,U2OS-01_4_F10_s2_25,U2OS-01,4,F10,s2,MEGF10,treated,U2OS,,train
1245,U2OS-01_4_F10_s2_30,U2OS-01,4,F10,s2,MEGF10,treated,U2OS,,train
1246,U2OS-01_4_F10_s2_31,U2OS-01,4,F10,s2,MEGF10,treated,U2OS,,train
1247,U2OS-01_4_F10_s2_32,U2OS-01,4,F10,s2,MEGF10,treated,U2OS,,train
1248,U2OS-01_4_G13_s1_2,U2OS-01,4,G13,s1,DNAL1,treated,U2OS,,train
1249,U2OS-01_4_G13_s1_3,U2OS-01,4,G13,s1,DNAL1,treated,U2OS,,train
1250,U2OS-01_4_G13_s1_4,U2OS-01,4,G13,s1,DNAL1,treated,U2OS,,train
1251,U2OS-01_4_G13_s1_6,U2OS-01,4,G13,s1,DNAL1,treated,U2OS,,train
1252,U2OS-01_4_G13_s1_8,U2OS-01,4,G13,s1,DNAL1,treated,U2OS,,train
1253,U2OS-01_4_G13_s1_9,U2OS-01,4,G13,s1,DNAL1,treated,U2OS,,train
1254,U2OS-01_4_G13_s1_10,U2OS-01,4,G13,s1,DNAL1,treated,U2OS,,train
1255,U2OS-01_4_G13_s1_11,U2OS-01,4,G13,s1,DNAL1,treated,U2OS,,train
1256,U2OS-01_4_G13_s1_13,U2OS-01,4,G13,s1,DNAL1,treated,U2OS,,train
1257,U2OS-01_4_G13_s1_15,U2OS-01,4,G13,s1,DNAL1,treated,U2OS,,train
1258,U2OS-01_4_G13_s1_16,U2OS-01,4,G13,s1,DNAL1,treated,U2OS,,train
1259,U2OS-01_4_G13_s1_17,U2OS-01,4,G13,s1,DNAL1,treated,U2OS,,train
1260,U2OS-01_4_G13_s1_21,U2OS-01,4,G13,s1,DNAL1,treated,U2OS,,train
1261,U2OS-01_4_G13_s1_22,U2OS-01,4,G13,s1,DNAL1,treated,U2OS,,train
1262,U2OS-01_4_G13_s1_28,U2OS-01,4,G13,s1,DNAL1,treated,U2OS,,train
1263,U2OS-01_4_G13_s1_30,U2OS-01,4,G13,s1,DNAL1,treated,U2OS,,train
1264,U2OS-01_4_G13_s1_31,U2OS-01,4,G13,s1,DNAL1,treated,U2OS,,train
1265,U2OS-01_4_G13_s1_33,U2OS-01,4,G13,s1,DNAL1,treated,U2OS,,train
1266,U2OS-01_4_G13_s1_34,U2OS-01,4,G13,s1,DNAL1,treated,U2OS,,train
1267,U2OS-01_4_G13_s1_35,U2OS-01,4,G13,s1,DNAL1,treated,U2OS,,train
1268,U2OS-01_4_G13_s1_36,U2OS-01,4,G13,s1,DNAL1,treated,U2OS,,train
1269,U2OS-01_4_G13_s1_38,U2OS-01,4,G13,s1,DNAL1,treated,U2OS,,train
1270,U2OS-01_4_G13_s1_39,U2OS-01,4,G13,s1,DNAL1,treated,U2OS,,train
1271,U2OS-01_4_G13_s2_3,U2OS-01,4,G13,s2,DNAL1,treated,U2OS,,train
1272,U2OS-01_4_G13_s2_5,U2OS-01,4,G13,s2,DNAL1,treated,U2OS,,train
1273,U2OS-01_4_G13_s2_7,U2OS-01,4,G13,s2,DNAL1,treated,U2OS,,train
1274,U2OS-01_4_G13_s2_8,U2OS-01,4,G13,s2,DNAL1,treated,U2OS,,train
1275,U2OS-01_4_G13_s2_10,U2OS-01,4,G13,s2,DNAL1,treated,U2OS,,train
1276,U2OS-01_4_G13_s2_11,U2OS-01,4,G13,s2,DNAL1,treated,U2OS,,train
1277,U2OS-01_4_G13_s2_14,U2OS-01,4,G13,s2,DNAL1,treated,U2OS,,train
1278,U2OS-01_4_G13_s2_16,U2OS-01,4,G13,s2,DNAL1,treated,U2OS,,train
1279,U2OS-01_4_G13_s2_17,U2OS-01,4,G13,s2,DNAL1,treated,U2OS,,train
1280,U2OS-01_4_G13_s2_20,U2OS-01,4,G13,s2,DNAL1,treated,U2OS,,train
1281,U2OS-01_4_G13_s2_22,U2OS-01,4,G13,s2,DNAL1,treated,U2OS,,train
1282,U2OS-01_4_G13_s2_23,U2OS-01,4,G13,s2,DNAL1,treated,U2OS,,train
1283,U2OS-01_4_G13_s2_25,U2OS-01,4,G13,s2,DNAL1,treated,U2OS,,train
1284,U2OS-01_4_G13_s2_26,U2OS-01,4,G13,s2,DNAL1,treated,U2OS,,train
1285,U2OS-01_4_G13_s2_29,U2OS-01,4,G13,s2,DNAL1,treated,U2OS,,train
1286,U2OS-01_4_G13_s2_30,U2OS-01,4,G13,s2,DNAL1,treated,U2OS,,train
1287,U2OS-01_4_G13_s2_31,U2OS-01,4,G13,s2,DNAL1,treated,U2OS,,train
1288,U2OS-01_4_J02_s1_6,U2OS-01,4,J02,s1,BICC1,treated,U2OS,,train
1289,U2OS-01_4_J02_s1_7,U2OS-01,4,J02,s1,BICC1,treated,U2OS,,train
1290,U2OS-01_4_J02_s1_8,U2OS-01,4,J02,s1,BICC1,treated,U2OS,,train
1291,U2OS-01_4_J02_s1_10,U2OS-01,4,J02,s1,BICC1,treated,U2OS,,train
1292,U2OS-01_4_J02_s1_12,U2OS-01,4,J02,s1,BICC1,treated,U2OS,,train
1293,U2OS-01_4_J02_s1_13,U2OS-01,4,J02,s1,BICC1,treated,U2OS,,train
1294,U2OS-01_4_J02_s1_14,U2OS-01,4,J02,s1,BICC1,treated,U2OS,,train
1295,U2OS-01_4_J02_s1_15,U2OS-01,4,J02,s1,BICC1,treated,U2OS,,train
1296,U2OS-01_4_J02_s1_16,U2OS-01,4,J02,s1,BICC1,treated,U2OS,,train
1297,U2OS-01_4_J02_s1_18,U2OS-01,4,J02,s1,BICC1,treated,U2OS,,train
1298,U2OS-01_4_J02_s1_19,U2OS-01,4,J02,s1,BICC1,treated,U2OS,,train
1299,U2OS-01_4_J02_s1_20,U2OS-01,4,J02,s1,BICC1,treated,U2OS,,train
1300,U2OS-01_4_J02_s1_22,U2OS-01,4,J02,s1,BICC1,treated,U2OS,,train
1301,U2OS-01_4_J02_s1_23,U2OS-01,4,J02,s1,BICC1,treated,U2OS,,train
1302,U2OS-01_4_J02_s1_28,U2OS-01,4,J02,s1,BICC1,treated,U2OS,,train
1303,U2OS-01_4_J02_s1_30,U2OS-01,4,J02,s1,BICC1,treated,U2OS,,train
1304,U2OS-01_4_J02_s1_32,U2OS-01,4,J02,s1,BICC1,treated,U2OS,,train
1305,U2OS-01_4_J02_s1_34,U2OS-01,4,J02,s1,BICC1,treated,U2OS,,train
1306,U2OS-01_4_J02_s1_35,U2OS-01,4,J02,s1,BICC1,treated,U2OS,,train
1307,U2OS-01_4_J02_s1_36,U2OS-01,4,J02,s1,BICC1,treated,U2OS,,train
1308,U2OS-01_4_J02_s1_39,U2OS-01,4,J02,s1,BICC1,treated,U2OS,,train
1309,U2OS-01_4_J02_s1_41,U2OS-01,4,J02,s1,BICC1,treated,U2OS,,train
1310,U2OS-01_4_J02_s1_43,U2OS-01,4,J02,s1,BICC1,treated,U2OS,,train
1311,U2OS-01_4_J02_s1_44,U2OS-01,4,J02,s1,BICC1,treated,U2OS,,train
1312,U2OS-01_4_J02_s1_45,U2OS-01,4,J02,s1,BICC1,treated,U2OS,,train
1313,U2OS-01_4_J02_s1_46,U2OS-01,4,J02,s1,BICC1,treated,U2OS,,train
1314,U2OS-01_4_J02_s2_10,U2OS-01,4,J02,s2,BICC1,treated,U2OS,,train
1315,U2OS-01_4_J02_s2_12,U2OS-01,4,J02,s2,BICC1,treated,U2OS,,train
1316,U2OS-01_4_J02_s2_13,U2OS-01,4,J02,s2,BICC1,treated,U2OS,,train
1317,U2OS-01_4_J02_s2_15,U2OS-01,4,J02,s2,BICC1,treated,U2OS,,train
1318,U2OS-01_4_J02_s2_17,U2OS-01,4,J02,s2,BICC1,treated,U2OS,,train
1319,U2OS-01_4_J02_s2_18,U2OS-01,4,J02,s2,BICC1,treated,U2OS,,train
1320,U2OS-01_4_J02_s2_20,U2OS-01,4,J02,s2,BICC1,treated,U2OS,,train
1321,U2OS-01_4_J02_s2_22,U2OS-01,4,J02,s2,BICC1,treated,U2OS,,train
1322,U2OS-01_4_J02_s2_23,U2OS-01,4,J02,s2,BICC1,treated,U2OS,,train
1323,U2OS-01_4_J02_s2_25,U2OS-01,4,J02,s2,BICC1,treated,U2OS,,train
1324,U2OS-01_4_J02_s2_26,U2OS-01,4,J02,s2,BICC1,treated,U2OS,,train
1325,U2OS-01_4_J02_s2_29,U2OS-01,4,J02,s2,BICC1,treated,U2OS,,train
1326,U2OS-01_4_J02_s2_31,U2OS-01,4,J02,s2,BICC1,treated,U2OS,,train
1327,U2OS-01_4_J02_s2_32,U2OS-01,4,J02,s2,BICC1,treated,U2OS,,train
1328,U2OS-01_4_L03_s1_13,U2OS-01,4,L03,s1,SPIRE2,treated,U2OS,,train
1329,U2OS-01_4_L03_s1_14,U2OS-01,4,L03,s1,SPIRE2,treated,U2OS,,train
1330,U2OS-01_4_L03_s1_16,U2OS-01,4,L03,s1,SPIRE2,treated,U2OS,,train
1331,U2OS-01_4_L03_s1_18,U2OS-01,4,L03,s1,SPIRE2,treated,U2OS,,train
1332,U2OS-01_4_L03_s1_21,U2OS-01,4,L03,s1,SPIRE2,treated,U2OS,,train
1333,U2OS-01_4_L03_s1_22,U2OS-01,4,L03,s1,SPIRE2,treated,U2OS,,train
1334,U2OS-01_4_L03_s1_24,U2OS-01,4,L03,s1,SPIRE2,treated,U2OS,,train
1335,U2OS-01_4_L03_s1_25,U2OS-01,4,L03,s1,SPIRE2,treated,U2OS,,train
1336,U2OS-01_4_L03_s1_26,U2OS-01,4,L03,s1,SPIRE2,treated,U2OS,,train
1337,U2OS-01_4_L03_s1_27,U2OS-01,4,L03,s1,SPIRE2,treated,U2OS,,train
1338,U2OS-01_4_L03_s1_28,U2OS-01,4,L03,s1,SPIRE2,treated,U2OS,,train
1339,U2OS-01_4_L03_s1_29,U2OS-01,4,L03,s1,SPIRE2,treated,U2OS,,train
1340,U2OS-01_4_L03_s1_30,U2OS-01,4,L03,s1,SPIRE2,treated,U2OS,,train
1341,U2OS-01_4_L03_s1_31,U2OS-01,4,L03,s1,SPIRE2,treated,U2OS,,train
1342,U2OS-01_4_L03_s1_36,U2OS-01,4,L03,s1,SPIRE2,treated,U2OS,,train
1343,U2OS-01_4_L03_s1_37,U2OS-01,4,L03,s1,SPIRE2,treated,U2OS,,train
1344,U2OS-01_4_L03_s1_38,U2OS-01,4,L03,s1,SPIRE2,treated,U2OS,,train
1345,U2OS-01_4_L03_s1_39,U2OS-01,4,L03,s1,SPIRE2,treated,U2OS,,train
1346,U2OS-01_4_L03_s1_40,U2OS-01,4,L03,s1,SPIRE2,treated,U2OS,,train
1347,U2OS-01_4_L03_s1_41,U2OS-01,4,L03,s1,SPIRE2,treated,U2OS,,train
1348,U2OS-01_4_L03_s1_42,U2OS-01,4,L03,s1,SPIRE2,treated,U2OS,,train
1349,U2OS-01_4_L03_s1_44,U2OS-01,4,L03,s1,SPIRE2,treated,U2OS,,train
1350,U2OS-01_4_L03_s1_46,U2OS-01,4,L03,s1,SPIRE2,treated,U2OS,,train
1351,U2OS-01_4_L03_s1_48,U2OS-01,4,L03,s1,SPIRE2,treated,U2OS,,train
1352,U2OS-01_4_L03_s1_49,U2OS-01,4,L03,s1,SPIRE2,treated,U2OS,,train
1353,U2OS-01_4_L03_s1_50,U2OS-01,4,L03,s1,SPIRE2,treated,U2OS,,train
1354,U2OS-01_4_L03_s1_51,U2OS-01,4,L03,s1,SPIRE2,treated,U2OS,,train
1355,U2OS-01_4_L03_s1_53,U2OS-01,4,L03,s1,SPIRE2,treated,U2OS,,train
1356,U2OS-01_4_L03_s1_54,U2OS-01,4,L03,s1,SPIRE2,treated,U2OS,,train
1357,U2OS-01_4_L03_s1_55,U2OS-01,4,L03,s1,SPIRE2,treated,U2OS,,train
1358,U2OS-01_4_L03_s1_57,U2OS-01,4,L03,s1,SPIRE2,treated,U2OS,,train
1359,U2OS-01_4_L03_s1_58,U2OS-01,4,L03,s1,SPIRE2,treated,U2OS,,train
1360,U2OS-01_4_L03_s1_60,U2OS-01,4,L03,s1,SPIRE2,treated,U2OS,,train
1361,U2OS-01_4_L03_s1_61,U2OS-01,4,L03,s1,SPIRE2,treated,U2OS,,train
1362,U2OS-01_4_L03_s1_62,U2OS-01,4,L03,s1,SPIRE2,treated,U2OS,,train
1363,U2OS-01_4_L03_s1_66,U2OS-01,4,L03,s1,SPIRE2,treated,U2OS,,train
1364,U2OS-01_4_L03_s1_67,U2OS-01,4,L03,s1,SPIRE2,treated,U2OS,,train
1365,U2OS-01_4_L03_s1_69,U2OS-01,4,L03,s1,SPIRE2,treated,U2OS,,train
1366,U2OS-01_4_L03_s1_71,U2OS-01,4,L03,s1,SPIRE2,treated,U2OS,,train
1367,U2OS-01_4_L03_s2_7,U2OS-01,4,L03,s2,SPIRE2,treated,U2OS,,train
1368,U2OS-01_4_L06_s1_9,U2OS-01,4,L06,s1,SPNS1,treated,U2OS,,train
1369,U2OS-01_4_L06_s1_10,U2OS-01,4,L06,s1,SPNS1,treated,U2OS,,train
1370,U2OS-01_4_L06_s1_11,U2OS-01,4,L06,s1,SPNS1,treated,U2OS,,train
1371,U2OS-01_4_L06_s1_16,U2OS-01,4,L06,s1,SPNS1,treated,U2OS,,train
1372,U2OS-01_4_L06_s1_19,U2OS-01,4,L06,s1,SPNS1,treated,U2OS,,train
1373,U2OS-01_4_L06_s1_21,U2OS-01,4,L06,s1,SPNS1,treated,U2OS,,train
1374,U2OS-01_4_L06_s1_22,U2OS-01,4,L06,s1,SPNS1,treated,U2OS,,train
1375,U2OS-01_4_L06_s1_23,U2OS-01,4,L06,s1,SPNS1,treated,U2OS,,train
1376,U2OS-01_4_L06_s1_29,U2OS-01,4,L06,s1,SPNS1,treated,U2OS,,train
1377,U2OS-01_4_L06_s1_30,U2OS-01,4,L06,s1,SPNS1,treated,U2OS,,train
1378,U2OS-01_4_L06_s1_32,U2OS-01,4,L06,s1,SPNS1,treated,U2OS,,train
1379,U2OS-01_4_L06_s1_33,U2OS-01,4,L06,s1,SPNS1,treated,U2OS,,train
1380,U2OS-01_4_L06_s1_34,U2OS-01,4,L06,s1,SPNS1,treated,U2OS,,train
1381,U2OS-01_4_L06_s1_36,U2OS-01,4,L06,s1,SPNS1,treated,U2OS,,train
1382,U2OS-01_4_L06_s1_41,U2OS-01,4,L06,s1,SPNS1,treated,U2OS,,train
1383,U2OS-01_4_L06_s2_4,U2OS-01,4,L06,s2,SPNS1,treated,U2OS,,train
1384,U2OS-01_4_L06_s2_7,U2OS-01,4,L06,s2,SPNS1,treated,U2OS,,train
1385,U2OS-01_4_L06_s2_8,U2OS-01,4,L06,s2,SPNS1,treated,U2OS,,train
1386,U2OS-01_4_L06_s2_9,U2OS-01,4,L06,s2,SPNS1,treated,U2OS,,train
1387,U2OS-01_4_L06_s2_11,U2OS-01,4,L06,s2,SPNS1,treated,U2OS,,train
1388,U2OS-01_4_L06_s2_12,U2OS-01,4,L06,s2,SPNS1,treated,U2OS,,train
1389,U2OS-01_4_L06_s2_14,U2OS-01,4,L06,s2,SPNS1,treated,U2OS,,train
1390,U2OS-01_4_L06_s2_15,U2OS-01,4,L06,s2,SPNS1,treated,U2OS,,train
1391,U2OS-01_4_L06_s2_17,U2OS-01,4,L06,s2,SPNS1,treated,U2OS,,train
1392,U2OS-01_4_L06_s2_18,U2OS-01,4,L06,s2,SPNS1,treated,U2OS,,train
1393,U2OS-01_4_L06_s2_19,U2OS-01,4,L06,s2,SPNS1,treated,U2OS,,train
1394,U2OS-01_4_L06_s2_20,U2OS-01,4,L06,s2,SPNS1,treated,U2OS,,train
1395,U2OS-01_4_L06_s2_21,U2OS-01,4,L06,s2,SPNS1,treated,U2OS,,train
1396,U2OS-01_4_L06_s2_22,U2OS-01,4,L06,s2,SPNS1,treated,U2OS,,train
1397,U2OS-01_4_L06_s2_23,U2OS-01,4,L06,s2,SPNS1,treated,U2OS,,train
1398,U2OS-01_4_L06_s2_25,U2OS-01,4,L06,s2,SPNS1,treated,U2OS,,train
1399,U2OS-01_4_L06_s2_26,U2OS-01,4,L06,s2,SPNS1,treated,U2OS,,train
1400,U2OS-01_4_L06_s2_29,U2OS-01,4,L06,s2,SPNS1,treated,U2OS,,train
1401,U2OS-01_4_L06_s2_30,U2OS-01,4,L06,s2,SPNS1,treated,U2OS,,train
1402,U2OS-01_4_L06_s2_31,U2OS-01,4,L06,s2,SPNS1,treated,U2OS,,train
1403,U2OS-01_4_L06_s2_33,U2OS-01,4,L06,s2,SPNS1,treated,U2OS,,train
1404,U2OS-01_4_L06_s2_34,U2OS-01,4,L06,s2,SPNS1,treated,U2OS,,train
1405,U2OS-01_4_L06_s2_36,U2OS-01,4,L06,s2,SPNS1,treated,U2OS,,train
1406,U2OS-01_4_L06_s2_37,U2OS-01,4,L06,s2,SPNS1,treated,U2OS,,train
1407,U2OS-01_4_L06_s2_40,U2OS-01,4,L06,s2,SPNS1,treated,U2OS,,train
1408,U2OS-01_4_L12_s1_11,U2OS-01,4,L12,s1,TMTC1,treated,U2OS,,train
1409,U2OS-01_4_L12_s1_12,U2OS-01,4,L12,s1,TMTC1,treated,U2OS,,train
1410,U2OS-01_4_L12_s1_16,U2OS-01,4,L12,s1,TMTC1,treated,U2OS,,train
1411,U2OS-01_4_L12_s1_18,U2OS-01,4,L12,s1,TMTC1,treated,U2OS,,train
1412,U2OS-01_4_L12_s1_21,U2OS-01,4,L12,s1,TMTC1,treated,U2OS,,train
1413,U2OS-01_4_L12_s1_22,U2OS-01,4,L12,s1,TMTC1,treated,U2OS,,train
1414,U2OS-01_4_L12_s1_23,U2OS-01,4,L12,s1,TMTC1,treated,U2OS,,train
1415,U2OS-01_4_L12_s1_24,U2OS-01,4,L12,s1,TMTC1,treated,U2OS,,train
1416,U2OS-01_4_L12_s1_25,U2OS-01,4,L12,s1,TMTC1,treated,U2OS,,train
1417,U2OS-01_4_L12_s1_26,U2OS-01,4,L12,s1,TMTC1,treated,U2OS,,train
1418,U2OS-01_4_L12_s1_28,U2OS-01,4,L12,s1,TMTC1,treated,U2OS,,train
1419,U2OS-01_4_L12_s1_29,U2OS-01,4,L12,s1,TMTC1,treated,U2OS,,train
1420,U2OS-01_4_L12_s1_30,U2OS-01,4,L12,s1,TMTC1,treated,U2OS,,train
1421,U2OS-01_4_L12_s1_32,U2OS-01,4,L12,s1,TMTC1,treated,U2OS,,train
1422,U2OS-01_4_L12_s2_15,U2OS-01,4,L12,s2,TMTC1,treated,U2OS,,train
1423,U2OS-01_4_L12_s2_16,U2OS-01,4,L12,s2,TMTC1,treated,U2OS,,train
1424,U2OS-01_4_L12_s2_17,U2OS-01,4,L12,s2,TMTC1,treated,U2OS,,train
1425,U2OS-01_4_L12_s2_18,U2OS-01,4,L12,s2,TMTC1,treated,U2OS,,train
1426,U2OS-01_4_L12_s2_19,U2OS-01,4,L12,s2,TMTC1,treated,U2OS,,train
1427,U2OS-01_4_L12_s2_20,U2OS-01,4,L12,s2,TMTC1,treated,U2OS,,train
1428,U2OS-01_4_L12_s2_21,U2OS-01,4,L12,s2,TMTC1,treated,U2OS,,train
1429,U2OS-01_4_L12_s2_23,U2OS-01,4,L12,s2,TMTC1,treated,U2OS,,train
1430,U2OS-01_4_L12_s2_25,U2OS-01,4,L12,s2,TMTC1,treated,U2OS,,train
1431,U2OS-01_4_L12_s2_26,U2OS-01,4,L12,s2,TMTC1,treated,U2OS,,train
1432,U2OS-01_4_L12_s2_28,U2OS-01,4,L12,s2,TMTC1,treated,U2OS,,train
1433,U2OS-01_4_L12_s2_30,U2OS-01,4,L12,s2,TMTC1,treated,U2OS,,train
1434,U2OS-01_4_L12_s2_32,U2OS-01,4,L12,s2,TMTC1,treated,U2OS,,train
1435,U2OS-01_4_L12_s2_33,U2OS-01,4,L12,s2,TMTC1,treated,U2OS,,train
1436,U2OS-01_4_L12_s2_34,U2OS-01,4,L12,s2,TMTC1,treated,U2OS,,train
1437,U2OS-01_4_L12_s2_35,U2OS-01,4,L12,s2,TMTC1,treated,U2OS,,train
1438,U2OS-01_4_L12_s2_40,U2OS-01,4,L12,s2,TMTC1,treated,U2OS,,train
1439,U2OS-01_4_L12_s2_41,U2OS-01,4,L12,s2,TMTC1,treated,U2OS,,train
1440,U2OS-01_4_L12_s2_43,U2OS-01,4,L12,s2,TMTC1,treated,U2OS,,train
1441,U2OS-01_4_L12_s2_44,U2OS-01,4,L12,s2,TMTC1,treated,U2OS,,train
1442,U2OS-01_4_L12_s2_46,U2OS-01,4,L12,s2,TMTC1,treated,U2OS,,train
1443,U2OS-01_4_L12_s2_48,U2OS-01,4,L12,s2,TMTC1,treated,U2OS,,train
1444,U2OS-01_4_L12_s2_49,U2OS-01,4,L12,s2,TMTC1,treated,U2OS,,train
1445,U2OS-01_4_L12_s2_52,U2OS-01,4,L12,s2,TMTC1,treated,U2OS,,train
1446,U2OS-01_4_L12_s2_54,U2OS-01,4,L12,s2,TMTC1,treated,U2OS,,train
1447,U2OS-01_4_L12_s2_57,U2OS-01,4,L12,s2,TMTC1,treated,U2OS,,train
1448,U2OS-01_4_L17_s1_10,U2OS-01,4,L17,s1,ZKSCAN3,treated,U2OS,,train
1449,U2OS-01_4_L17_s1_11,U2OS-01,4,L17,s1,ZKSCAN3,treated,U2OS,,train
1450,U2OS-01_4_L17_s1_12,U2OS-01,4,L17,s1,ZKSCAN3,treated,U2OS,,train
1451,U2OS-01_4_L17_s1_14,U2OS-01,4,L17,s1,ZKSCAN3,treated,U2OS,,train
1452,U2OS-01_4_L17_s1_18,U2OS-01,4,L17,s1,ZKSCAN3,treated,U2OS,,train
1453,U2OS-01_4_L17_s1_20,U2OS-01,4,L17,s1,ZKSCAN3,treated,U2OS,,train
1454,U2OS-01_4_L17_s1_21,U2OS-01,4,L17,s1,ZKSCAN3,treated,U2OS,,train
1455,U2OS-01_4_L17_s1_22,U2OS-01,4,L17,s1,ZKSCAN3,treated,U2OS,,train
1456,U2OS-01_4_L17_s1_23,U2OS-01,4,L17,s1,ZKSCAN3,treated,U2OS,,train
1457,U2OS-01_4_L17_s1_24,U2OS-01,4,L17,s1,ZKSCAN3,treated,U2OS,,train
1458,U2OS-01_4_L17_s1_26,U2OS-01,4,L17,s1,ZKSCAN3,treated,U2OS,,train
1459,U2OS-01_4_L17_s1_27,U2OS-01,4,L17,s1,ZKSCAN3,treated,U2OS,,train
1460,U2OS-01_4_L17_s1_29,U2OS-01,4,L17,s1,ZKSCAN3,treated,U2OS,,train
1461,U2OS-01_4_L17_s1_30,U2OS-01,4,L17,s1,ZKSCAN3,treated,U2OS,,train
1462,U2OS-01_4_L17_s1_36,U2OS-01,4,L17,s1,ZKSCAN3,treated,U2OS,,train
1463,U2OS-01_4_L17_s1_37,U2OS-01,4,L17,s1,ZKSCAN3,treated,U2OS,,train
1464,U2OS-01_4_L17_s1_38,U2OS-01,4,L17,s1,ZKSCAN3,treated,U2OS,,train
1465,U2OS-01_4_L17_s1_39,U2OS-01,4,L17,s1,ZKSCAN3,treated,U2OS,,train
1466,U2OS-01_4_L17_s1_41,U2OS-01,4,L17,s1,ZKSCAN3,treated,U2OS,,train
1467,U2OS-01_4_L17_s1_42,U2OS-01,4,L17,s1,ZKSCAN3,treated,U2OS,,train
1468,U2OS-01_4_L17_s1_44,U2OS-01,4,L17,s1,ZKSCAN3,treated,U2OS,,train
1469,U2OS-01_4_L17_s1_47,U2OS-01,4,L17,s1,ZKSCAN3,treated,U2OS,,train
1470,U2OS-01_4_L17_s1_48,U2OS-01,4,L17,s1,ZKSCAN3,treated,U2OS,,train
1471,U2OS-01_4_L17_s1_50,U2OS-01,4,L17,s1,ZKSCAN3,treated,U2OS,,train
1472,U2OS-01_4_L17_s1_51,U2OS-01,4,L17,s1,ZKSCAN3,treated,U2OS,,train
1473,U2OS-01_4_L17_s1_53,U2OS-01,4,L17,s1,ZKSCAN3,treated,U2OS,,train
1474,U2OS-01_4_L17_s1_55,U2OS-01,4,L17,s1,ZKSCAN3,treated,U2OS,,train
1475,U2OS-01_4_L17_s1_56,U2OS-01,4,L17,s1,ZKSCAN3,treated,U2OS,,train
1476,U2OS-01_4_L17_s1_57,U2OS-01,4,L17,s1,ZKSCAN3,treated,U2OS,,train
1477,U2OS-01_4_L17_s1_58,U2OS-01,4,L17,s1,ZKSCAN3,treated,U2OS,,train
1478,U2OS-01_4_L17_s1_62,U2OS-01,4,L17,s1,ZKSCAN3,treated,U2OS,,train
1479,U2OS-01_4_L17_s1_64,U2OS-01,4,L17,s1,ZKSCAN3,treated,U2OS,,train
1480,U2OS-01_4_L17_s1_66,U2OS-01,4,L17,s1,ZKSCAN3,treated,U2OS,,train
1481,U2OS-01_4_L17_s1_68,U2OS-01,4,L17,s1,ZKSCAN3,treated,U2OS,,train
1482,U2OS-01_4_L17_s1_69,U2OS-01,4,L17,s1,ZKSCAN3,treated,U2OS,,train
1483,U2OS-01_4_L17_s1_71,U2OS-01,4,L17,s1,ZKSCAN3,treated,U2OS,,train
1484,U2OS-01_4_L17_s1_72,U2OS-01,4,L17,s1,ZKSCAN3,treated,U2OS,,train
1485,U2OS-01_4_L17_s1_75,U2OS-01,4,L17,s1,ZKSCAN3,treated,U2OS,,train
1486,U2OS-01_4_L17_s1_76,U2OS-01,4,L17,s1,ZKSCAN3,treated,U2OS,,train
1487,U2OS-01_4_L17_s1_77,U2OS-01,4,L17,s1,ZKSCAN3,treated,U2OS,,train
1488,U2OS-01_4_N07_s1_6,U2OS-01,4,N07,s1,RASSF5,treated,U2OS,,train
1489,U2OS-01_4_N07_s1_10,U2OS-01,4,N07,s1,RASSF5,treated,U2OS,,train
1490,U2OS-01_4_N07_s1_11,U2OS-01,4,N07,s1,RASSF5,treated,U2OS,,train
1491,U2OS-01_4_N07_s1_13,U2OS-01,4,N07,s1,RASSF5,treated,U2OS,,train
1492,U2OS-01_4_N07_s1_16,U2OS-01,4,N07,s1,RASSF5,treated,U2OS,,train
1493,U2OS-01_4_N07_s1_17,U2OS-01,4,N07,s1,RASSF5,treated,U2OS,,train
1494,U2OS-01_4_N07_s1_20,U2OS-01,4,N07,s1,RASSF5,treated,U2OS,,train
1495,U2OS-01_4_N07_s1_22,U2OS-01,4,N07,s1,RASSF5,treated,U2OS,,train
1496,U2OS-01_4_N07_s1_24,U2OS-01,4,N07,s1,RASSF5,treated,U2OS,,train
1497,U2OS-01_4_N07_s1_25,U2OS-01,4,N07,s1,RASSF5,treated,U2OS,,train
1498,U2OS-01_4_N07_s1_26,U2OS-01,4,N07,s1,RASSF5,treated,U2OS,,train
1499,U2OS-01_4_N07_s1_27,U2OS-01,4,N07,s1,RASSF5,treated,U2OS,,train
1500,U2OS-01_4_N07_s1_28,U2OS-01,4,N07,s1,RASSF5,treated,U2OS,,train
1501,U2OS-01_4_N07_s1_30,U2OS-01,4,N07,s1,RASSF5,treated,U2OS,,train
1502,U2OS-01_4_N07_s1_36,U2OS-01,4,N07,s1,RASSF5,treated,U2OS,,train
1503,U2OS-01_4_N07_s1_37,U2OS-01,4,N07,s1,RASSF5,treated,U2OS,,train
1504,U2OS-01_4_N07_s1_38,U2OS-01,4,N07,s1,RASSF5,treated,U2OS,,train
1505,U2OS-01_4_N07_s1_40,U2OS-01,4,N07,s1,RASSF5,treated,U2OS,,train
1506,U2OS-01_4_N07_s1_42,U2OS-01,4,N07,s1,RASSF5,treated,U2OS,,train
1507,U2OS-01_4_N07_s1_43,U2OS-01,4,N07,s1,RASSF5,treated,U2OS,,train
1508,U2OS-01_4_N07_s1_44,U2OS-01,4,N07,s1,RASSF5,treated,U2OS,,train
1509,U2OS-01_4_N07_s1_46,U2OS-01,4,N07,s1,RASSF5,treated,U2OS,,train
1510,U2OS-01_4_N07_s1_47,U2OS-01,4,N07,s1,RASSF5,treated,U2OS,,train
1511,U2OS-01_4_N07_s2_8,U2OS-01,4,N07,s2,RASSF5,treated,U2OS,,train
1512,U2OS-01_4_N07_s2_9,U2OS-01,4,N07,s2,RASSF5,treated,U2OS,,train
1513,U2OS-01_4_N07_s2_10,U2OS-01,4,N07,s2,RASSF5,treated,U2OS,,train
1514,U2OS-01_4_N07_s2_12,U2OS-01,4,N07,s2,RASSF5,treated,U2OS,,train
1515,U2OS-01_4_N07_s2_13,U2OS-01,4,N07,s2,RASSF5,treated,U2OS,,train
1516,U2OS-01_4_N07_s2_14,U2OS-01,4,N07,s2,RASSF5,treated,U2OS,,train
1517,U2OS-01_4_N07_s2_15,U2OS-01,4,N07,s2,RASSF5,treated,U2OS,,train
1518,U2OS-01_4_N07_s2_18,U2OS-01,4,N07,s2,RASSF5,treated,U2OS,,train
1519,U2OS-01_4_N07_s2_19,U2OS-01,4,N07,s2,RASSF5,treated,U2OS,,train
1520,U2OS-01_4_N07_s2_21,U2OS-01,4,N07,s2,RASSF5,treated,U2OS,,train
1521,U2OS-01_4_N07_s2_23,U2OS-01,4,N07,s2,RASSF5,treated,U2OS,,train
1522,U2OS-01_4_N07_s2_24,U2OS-01,4,N07,s2,RASSF5,treated,U2OS,,train
1523,U2OS-01_4_N07_s2_26,U2OS-01,4,N07,s2,RASSF5,treated,U2OS,,train
1524,U2OS-01_4_N07_s2_28,U2OS-01,4,N07,s2,RASSF5,treated,U2OS,,train
1525,U2OS-01_4_N07_s2_31,U2OS-01,4,N07,s2,RASSF5,treated,U2OS,,train
1526,U2OS-01_4_N07_s2_32,U2OS-01,4,N07,s2,RASSF5,treated,U2OS,,train
1527,U2OS-01_4_N07_s2_33,U2OS-01,4,N07,s2,RASSF5,treated,U2OS,,train
1528,U2OS-01_4_N12_s1_2,U2OS-01,4,N12,s1,ABHD11,treated,U2OS,,train
1529,U2OS-01_4_N12_s1_3,U2OS-01,4,N12,s1,ABHD11,treated,U2OS,,train
1530,U2OS-01_4_N12_s1_4,U2OS-01,4,N12,s1,ABHD11,treated,U2OS,,train
1531,U2OS-01_4_N12_s1_6,U2OS-01,4,N12,s1,ABHD11,treated,U2OS,,train
1532,U2OS-01_4_N12_s1_9,U2OS-01,4,N12,s1,ABHD11,treated,U2OS,,train
1533,U2OS-01_4_N12_s1_10,U2OS-01,4,N12,s1,ABHD11,treated,U2OS,,train
1534,U2OS-01_4_N12_s1_11,U2OS-01,4,N12,s1,ABHD11,treated,U2OS,,train
1535,U2OS-01_4_N12_s1_12,U2OS-01,4,N12,s1,ABHD11,treated,U2OS,,train
1536,U2OS-01_4_N12_s2_3,U2OS-01,4,N12,s2,ABHD11,treated,U2OS,,train
1537,U2OS-01_4_N12_s2_4,U2OS-01,4,N12,s2,ABHD11,treated,U2OS,,train
1538,U2OS-01_4_N12_s2_5,U2OS-01,4,N12,s2,ABHD11,treated,U2OS,,train
1539,U2OS-01_4_N12_s2_6,U2OS-01,4,N12,s2,ABHD11,treated,U2OS,,train
1540,U2OS-01_4_N12_s2_7,U2OS-01,4,N12,s2,ABHD11,treated,U2OS,,train
1541,U2OS-01_4_N12_s2_9,U2OS-01,4,N12,s2,ABHD11,treated,U2OS,,train
1542,U2OS-01_4_N12_s2_12,U2OS-01,4,N12,s2,ABHD11,treated,U2OS,,train
1543,U2OS-01_4_N12_s2_14,U2OS-01,4,N12,s2,ABHD11,treated,U2OS,,train
1544,U2OS-01_4_N12_s2_15,U2OS-01,4,N12,s2,ABHD11,treated,U2OS,,train
1545,U2OS-01_4_N12_s2_16,U2OS-01,4,N12,s2,ABHD11,treated,U2OS,,train
1546,U2OS-01_4_N12_s2_17,U2OS-01,4,N12,s2,ABHD11,treated,U2OS,,train
1547,U2OS-01_4_N12_s2_18,U2OS-01,4,N12,s2,ABHD11,treated,U2OS,,train
1548,U2OS-01_4_N12_s2_19,U2OS-01,4,N12,s2,ABHD11,treated,U2OS,,train
1549,U2OS-01_4_O03_s1_8,U2OS-01,4,O03,s1,NETO2,treated,U2OS,,train
1550,U2OS-01_4_O03_s1_10,U2OS-01,4,O03,s1,NETO2,treated,U2OS,,train
1551,U2OS-01_4_O03_s1_11,U2OS-01,4,O03,s1,NETO2,treated,U2OS,,train
1552,U2OS-01_4_O03_s1_14,U2OS-01,4,O03,s1,NETO2,treated,U2OS,,train
1553,U2OS-01_4_O03_s1_16,U2OS-01,4,O03,s1,NETO2,treated,U2OS,,train
1554,U2OS-01_4_O03_s1_17,U2OS-01,4,O03,s1,NETO2,treated,U2OS,,train
1555,U2OS-01_4_O03_s1_18,U2OS-01,4,O03,s1,NETO2,treated,U2OS,,train
1556,U2OS-01_4_O03_s1_20,U2OS-01,4,O03,s1,NETO2,treated,U2OS,,train
1557,U2OS-01_4_O03_s1_22,U2OS-01,4,O03,s1,NETO2,treated,U2OS,,train
1558,U2OS-01_4_O03_s1_23,U2OS-01,4,O03,s1,NETO2,treated,U2OS,,train
1559,U2OS-01_4_O03_s1_25,U2OS-01,4,O03,s1,NETO2,treated,U2OS,,train
1560,U2OS-01_4_O03_s1_26,U2OS-01,4,O03,s1,NETO2,treated,U2OS,,train
1561,U2OS-01_4_O03_s1_27,U2OS-01,4,O03,s1,NETO2,treated,U2OS,,train
1562,U2OS-01_4_O03_s1_29,U2OS-01,4,O03,s1,NETO2,treated,U2OS,,train
1563,U2OS-01_4_O03_s1_35,U2OS-01,4,O03,s1,NETO2,treated,U2OS,,train
1564,U2OS-01_4_O03_s1_36,U2OS-01,4,O03,s1,NETO2,treated,U2OS,,train
1565,U2OS-01_4_O03_s1_37,U2OS-01,4,O03,s1,NETO2,treated,U2OS,,train
1566,U2OS-01_4_O03_s1_40,U2OS-01,4,O03,s1,NETO2,treated,U2OS,,train
1567,U2OS-01_4_O03_s1_41,U2OS-01,4,O03,s1,NETO2,treated,U2OS,,train
1568,U2OS-01_4_O03_s1_44,U2OS-01,4,O03,s1,NETO2,treated,U2OS,,train
1569,U2OS-01_4_O03_s2_8,U2OS-01,4,O03,s2,NETO2,treated,U2OS,,train
1570,U2OS-01_4_O03_s2_10,U2OS-01,4,O03,s2,NETO2,treated,U2OS,,train
1571,U2OS-01_4_O03_s2_12,U2OS-01,4,O03,s2,NETO2,treated,U2OS,,train
1572,U2OS-01_4_O03_s2_13,U2OS-01,4,O03,s2,NETO2,treated,U2OS,,train
1573,U2OS-01_4_O03_s2_14,U2OS-01,4,O03,s2,NETO2,treated,U2OS,,train
1574,U2OS-01_4_O03_s2_15,U2OS-01,4,O03,s2,NETO2,treated,U2OS,,train
1575,U2OS-01_4_O03_s2_16,U2OS-01,4,O03,s2,NETO2,treated,U2OS,,train
1576,U2OS-01_4_O03_s2_17,U2OS-01,4,O03,s2,NETO2,treated,U2OS,,train
1577,U2OS-01_4_O03_s2_18,U2OS-01,4,O03,s2,NETO2,treated,U2OS,,train
1578,U2OS-01_4_O03_s2_19,U2OS-01,4,O03,s2,NETO2,treated,U2OS,,train
1579,U2OS-01_4_O03_s2_21,U2OS-01,4,O03,s2,NETO2,treated,U2OS,,train
1580,U2OS-01_4_O03_s2_22,U2OS-01,4,O03,s2,NETO2,treated,U2OS,,train
1581,U2OS-01_4_O03_s2_24,U2OS-01,4,O03,s2,NETO2,treated,U2OS,,train
1582,U2OS-01_4_O03_s2_26,U2OS-01,4,O03,s2,NETO2,treated,U2OS,,train
1583,U2OS-01_4_O03_s2_28,U2OS-01,4,O03,s2,NETO2,treated,U2OS,,train
1584,U2OS-01_4_O03_s2_30,U2OS-01,4,O03,s2,NETO2,treated,U2OS,,train
1585,U2OS-01_4_O03_s2_31,U2OS-01,4,O03,s2,NETO2,treated,U2OS,,train
1586,U2OS-01_4_O03_s2_33,U2OS-01,4,O03,s2,NETO2,treated,U2OS,,train
1587,U2OS-01_4_O03_s2_34,U2OS-01,4,O03,s2,NETO2,treated,U2OS,,train
1588,U2OS-01_4_O03_s2_35,U2OS-01,4,O03,s2,NETO2,treated,U2OS,,train
1589,U2OS-01_4_O07_s1_8,U2OS-01,4,O07,s1,NAA40,treated,U2OS,,train
1590,U2OS-01_4_O07_s1_9,U2OS-01,4,O07,s1,NAA40,treated,U2OS,,train
1591,U2OS-01_4_O07_s1_10,U2OS-01,4,O07,s1,NAA40,treated,U2OS,,train
1592,U2OS-01_4_O07_s1_14,U2OS-01,4,O07,s1,NAA40,treated,U2OS,,train
1593,U2OS-01_4_O07_s1_16,U2OS-01,4,O07,s1,NAA40,treated,U2OS,,train
1594,U2OS-01_4_O07_s1_17,U2OS-01,4,O07,s1,NAA40,treated,U2OS,,train
1595,U2OS-01_4_O07_s1_18,U2OS-01,4,O07,s1,NAA40,treated,U2OS,,train
1596,U2OS-01_4_O07_s1_20,U2OS-01,4,O07,s1,NAA40,treated,U2OS,,train
1597,U2OS-01_4_O07_s1_21,U2OS-01,4,O07,s1,NAA40,treated,U2OS,,train
1598,U2OS-01_4_O07_s1_22,U2OS-01,4,O07,s1,NAA40,treated,U2OS,,train
1599,U2OS-01_4_O07_s1_23,U2OS-01,4,O07,s1,NAA40,treated,U2OS,,train
1600,U2OS-01_4_O07_s1_24,U2OS-01,4,O07,s1,NAA40,treated,U2OS,,train
1601,U2OS-01_4_O07_s1_25,U2OS-01,4,O07,s1,NAA40,treated,U2OS,,train
1602,U2OS-01_4_O07_s1_26,U2OS-01,4,O07,s1,NAA40,treated,U2OS,,train
1603,U2OS-01_4_O07_s1_31,U2OS-01,4,O07,s1,NAA40,treated,U2OS,,train
1604,U2OS-01_4_O07_s1_33,U2OS-01,4,O07,s1,NAA40,treated,U2OS,,train
1605,U2OS-01_4_O07_s1_34,U2OS-01,4,O07,s1,NAA40,treated,U2OS,,train
1606,U2OS-01_4_O07_s1_35,U2OS-01,4,O07,s1,NAA40,treated,U2OS,,train
1607,U2OS-01_4_O07_s1_36,U2OS-01,4,O07,s1,NAA40,treated,U2OS,,train
1608,U2OS-01_4_O07_s1_39,U2OS-01,4,O07,s1,NAA40,treated,U2OS,,train
1609,U2OS-01_4_O07_s1_40,U2OS-01,4,O07,s1,NAA40,treated,U2OS,,train
1610,U2OS-01_4_O07_s1_43,U2OS-01,4,O07,s1,NAA40,treated,U2OS,,train
1611,U2OS-01_4_O07_s1_45,U2OS-01,4,O07,s1,NAA40,treated,U2OS,,train
1612,U2OS-01_4_O07_s1_47,U2OS-01,4,O07,s1,NAA40,treated,U2OS,,train
1613,U2OS-01_4_O07_s1_48,U2OS-01,4,O07,s1,NAA40,treated,U2OS,,train
1614,U2OS-01_4_O07_s1_49,U2OS-01,4,O07,s1,NAA40,treated,U2OS,,train
1615,U2OS-01_4_O07_s1_50,U2OS-01,4,O07,s1,NAA40,treated,U2OS,,train
1616,U2OS-01_4_O07_s1_51,U2OS-01,4,O07,s1,NAA40,treated,U2OS,,train
1617,U2OS-01_4_O07_s1_52,U2OS-01,4,O07,s1,NAA40,treated,U2OS,,train
1618,U2OS-01_4_O07_s1_53,U2OS-01,4,O07,s1,NAA40,treated,U2OS,,train
1619,U2OS-01_4_O07_s1_56,U2OS-01,4,O07,s1,NAA40,treated,U2OS,,train
1620,U2OS-01_4_O07_s1_57,U2OS-01,4,O07,s1,NAA40,treated,U2OS,,train
1621,U2OS-01_4_O07_s2_17,U2OS-01,4,O07,s2,NAA40,treated,U2OS,,train
1622,U2OS-01_4_O07_s2_18,U2OS-01,4,O07,s2,NAA40,treated,U2OS,,train
1623,U2OS-01_4_O07_s2_19,U2OS-01,4,O07,s2,NAA40,treated,U2OS,,train
1624,U2OS-01_4_O07_s2_22,U2OS-01,4,O07,s2,NAA40,treated,U2OS,,train
1625,U2OS-01_4_O07_s2_23,U2OS-01,4,O07,s2,NAA40,treated,U2OS,,train
1626,U2OS-01_4_O07_s2_25,U2OS-01,4,O07,s2,NAA40,treated,U2OS,,train
1627,U2OS-01_4_O07_s2_26,U2OS-01,4,O07,s2,NAA40,treated,U2OS,,train
1628,U2OS-01_4_O07_s2_27,U2OS-01,4,O07,s2,NAA40,treated,U2OS,,train
1629,U2OS-01_4_O17_s1_5,U2OS-01,4,O17,s1,LOC81691,treated,U2OS,,train
1630,U2OS-01_4_O17_s1_9,U2OS-01,4,O17,s1,LOC81691,treated,U2OS,,train
1631,U2OS-01_4_O17_s1_10,U2OS-01,4,O17,s1,LOC81691,treated,U2OS,,train
1632,U2OS-01_4_O17_s1_13,U2OS-01,4,O17,s1,LOC81691,treated,U2OS,,train
1633,U2OS-01_4_O17_s1_15,U2OS-01,4,O17,s1,LOC81691,treated,U2OS,,train
1634,U2OS-01_4_O17_s1_16,U2OS-01,4,O17,s1,LOC81691,treated,U2OS,,train
1635,U2OS-01_4_O17_s1_17,U2OS-01,4,O17,s1,LOC81691,treated,U2OS,,train
1636,U2OS-01_4_O17_s1_21,U2OS-01,4,O17,s1,LOC81691,treated,U2OS,,train
1637,U2OS-01_4_O17_s1_22,U2OS-01,4,O17,s1,LOC81691,treated,U2OS,,train
1638,U2OS-01_4_O17_s1_23,U2OS-01,4,O17,s1,LOC81691,treated,U2OS,,train
1639,U2OS-01_4_O17_s1_25,U2OS-01,4,O17,s1,LOC81691,treated,U2OS,,train
1640,U2OS-01_4_O17_s1_27,U2OS-01,4,O17,s1,LOC81691,treated,U2OS,,train
1641,U2OS-01_4_O17_s1_29,U2OS-01,4,O17,s1,LOC81691,treated,U2OS,,train
1642,U2OS-01_4_O17_s1_30,U2OS-01,4,O17,s1,LOC81691,treated,U2OS,,train
1643,U2OS-01_4_O17_s1_35,U2OS-01,4,O17,s1,LOC81691,treated,U2OS,,train
1644,U2OS-01_4_O17_s1_36,U2OS-01,4,O17,s1,LOC81691,treated,U2OS,,train
1645,U2OS-01_4_O17_s1_38,U2OS-01,4,O17,s1,LOC81691,treated,U2OS,,train
1646,U2OS-01_4_O17_s1_40,U2OS-01,4,O17,s1,LOC81691,treated,U2OS,,train
1647,U2OS-01_4_O17_s1_42,U2OS-01,4,O17,s1,LOC81691,treated,U2OS,,train
1648,U2OS-01_4_O17_s1_44,U2OS-01,4,O17,s1,LOC81691,treated,U2OS,,train
1649,U2OS-01_4_O17_s1_45,U2OS-01,4,O17,s1,LOC81691,treated,U2OS,,train
1650,U2OS-01_4_O17_s2_7,U2OS-01,4,O17,s2,LOC81691,treated,U2OS,,train
1651,U2OS-01_4_O17_s2_14,U2OS-01,4,O17,s2,LOC81691,treated,U2OS,,train
1652,U2OS-01_4_O17_s2_15,U2OS-01,4,O17,s2,LOC81691,treated,U2OS,,train
1653,U2OS-01_4_O17_s2_16,U2OS-01,4,O17,s2,LOC81691,treated,U2OS,,train
1654,U2OS-01_4_O17_s2_17,U2OS-01,4,O17,s2,LOC81691,treated,U2OS,,train
1655,U2OS-01_4_O17_s2_18,U2OS-01,4,O17,s2,LOC81691,treated,U2OS,,train
1656,U2OS-01_4_O17_s2_19,U2OS-01,4,O17,s2,LOC81691,treated,U2OS,,train
1657,U2OS-01_4_O17_s2_20,U2OS-01,4,O17,s2,LOC81691,treated,U2OS,,train
1658,U2OS-01_4_O17_s2_21,U2OS-01,4,O17,s2,LOC81691,treated,U2OS,,train
1659,U2OS-01_4_O17_s2_24,U2OS-01,4,O17,s2,LOC81691,treated,U2OS,,train
1660,U2OS-01_4_O17_s2_25,U2OS-01,4,O17,s2,LOC81691,treated,U2OS,,train
1661,U2OS-01_4_O17_s2_27,U2OS-01,4,O17,s2,LOC81691,treated,U2OS,,train
1662,U2OS-01_4_O17_s2_28,U2OS-01,4,O17,s2,LOC81691,treated,U2OS,,train
1663,U2OS-01_4_O17_s2_29,U2OS-01,4,O17,s2,LOC81691,treated,U2OS,,train
1664,U2OS-01_4_O17_s2_31,U2OS-01,4,O17,s2,LOC81691,treated,U2OS,,train
1665,U2OS-01_4_O17_s2_32,U2OS-01,4,O17,s2,LOC81691,treated,U2OS,,train
1666,U2OS-01_4_O17_s2_36,U2OS-01,4,O17,s2,LOC81691,treated,U2OS,,train
1667,U2OS-01_4_O17_s2_37,U2OS-01,4,O17,s2,LOC81691,treated,U2OS,,train
1668,U2OS-01_4_O17_s2_38,U2OS-01,4,O17,s2,LOC81691,treated,U2OS,,train
1669,U2OS-01_2_B02_s1_17,U2OS-01,2,B02,s1,UNTREATED,negative_control,U2OS,,train
1670,U2OS-01_2_B02_s1_18,U2OS-01,2,B02,s1,UNTREATED,negative_control,U2OS,,train
1671,U2OS-01_2_B02_s1_19,U2OS-01,2,B02,s1,UNTREATED,negative_control,U2OS,,train
1672,U2OS-01_2_B02_s1_22,U2OS-01,2,B02,s1,UNTREATED,negative_control,U2OS,,train
1673,U2OS-01_2_B02_s1_24,U2OS-01,2,B02,s1,UNTREATED,negative_control,U2OS,,train
1674,U2OS-01_2_B02_s1_25,U2OS-01,2,B02,s1,UNTREATED,negative_control,U2OS,,train
1675,U2OS-01_2_B02_s1_26,U2OS-01,2,B02,s1,UNTREATED,negative_control,U2OS,,train
1676,U2OS-01_2_B02_s1_27,U2OS-01,2,B02,s1,UNTREATED,negative_control,U2OS,,train
1677,U2OS-01_2_B02_s1_28,U2OS-01,2,B02,s1,UNTREATED,negative_control,U2OS,,train
1678,U2OS-01_2_B02_s1_30,U2OS-01,2,B02,s1,UNTREATED,negative_control,U2OS,,train
1679,U2OS-01_2_B02_s1_33,U2OS-01,2,B02,s1,UNTREATED,negative_control,U2OS,,train
1680,U2OS-01_2_B02_s1_34,U2OS-01,2,B02,s1,UNTREATED,negative_control,U2OS,,train
1681,U2OS-01_2_B02_s1_35,U2OS-01,2,B02,s1,UNTREATED,negative_control,U2OS,,train
1682,U2OS-01_2_B02_s1_37,U2OS-01,2,B02,s1,UNTREATED,negative_control,U2OS,,train
1683,U2OS-01_2_B02_s1_41,U2OS-01,2,B02,s1,UNTREATED,negative_control,U2OS,,train
1684,U2OS-01_2_B02_s1_42,U2OS-01,2,B02,s1,UNTREATED,negative_control,U2OS,,train
1685,U2OS-01_2_B02_s1_44,U2OS-01,2,B02,s1,UNTREATED,negative_control,U2OS,,train
1686,U2OS-01_2_B02_s1_45,U2OS-01,2,B02,s1,UNTREATED,negative_control,U2OS,,train
1687,U2OS-01_2_B02_s1_46,U2OS-01,2,B02,s1,UNTREATED,negative_control,U2OS,,train
1688,U2OS-01_2_B02_s1_47,U2OS-01,2,B02,s1,UNTREATED,negative_control,U2OS,,train
1689,U2OS-01_2_B02_s1_49,U2OS-01,2,B02,s1,UNTREATED,negative_control,U2OS,,train
1690,U2OS-01_2_B02_s1_52,U2OS-01,2,B02,s1,UNTREATED,negative_control,U2OS,,train
1691,U2OS-01_2_B02_s1_53,U2OS-01,2,B02,s1,UNTREATED,negative_control,U2OS,,train
1692,U2OS-01_2_B02_s1_54,U2OS-01,2,B02,s1,UNTREATED,negative_control,U2OS,,train
1693,U2OS-01_2_B02_s1_55,U2OS-01,2,B02,s1,UNTREATED,negative_control,U2OS,,train
1694,U2OS-01_2_B02_s1_56,U2OS-01,2,B02,s1,UNTREATED,negative_control,U2OS,,train
1695,U2OS-01_2_B02_s1_57,U2OS-01,2,B02,s1,UNTREATED,negative_control,U2OS,,train
1696,U2OS-01_2_B02_s1_59,U2OS-01,2,B02,s1,UNTREATED,negative_control,U2OS,,train
1697,U2OS-01_2_B02_s1_60,U2OS-01,2,B02,s1,UNTREATED,negative_control,U2OS,,train
1698,U2OS-01_2_B02_s1_61,U2OS-01,2,B02,s1,UNTREATED,negative_control,U2OS,,train
1699,U2OS-01_2_B02_s1_63,U2OS-01,2,B02,s1,UNTREATED,negative_control,U2OS,,train
1700,U2OS-01_2_B02_s1_64,U2OS-01,2,B02,s1,UNTREATED,negative_control,U2OS,,train
1701,U2OS-01_2_B02_s1_67,U2OS-01,2,B02,s1,UNTREATED,negative_control,U2OS,,train
1702,U2OS-01_2_B02_s1_68,U2OS-01,2,B02,s1,UNTREATED,negative_control,U2OS,,train
1703,U2OS-01_2_B02_s1_69,U2OS-01,2,B02,s1,UNTREATED,negative_control,U2OS,,train
1704,U2OS-01_2_B02_s1_72,U2OS-01,2,B02,s1,UNTREATED,negative_control,U2OS,,train
1705,U2OS-01_2_B02_s1_73,U2OS-01,2,B02,s1,UNTREATED,negative_control,U2OS,,train
1706,U2OS-01_2_B02_s1_75,U2OS-01,2,B02,s1,UNTREATED,negative_control,U2OS,,train
1707,U2OS-01_2_B02_s1_76,U2OS-01,2,B02,s1,UNTREATED,negative_control,U2OS,,train
1708,U2OS-01_2_B02_s1_77,U2OS-01,2,B02,s1,UNTREATED,negative_control,U2OS,,train
1709,U2OS-01_2_B06_s1_4,U2OS-01,2,B06,s1,SMNDC1,treated,U2OS,,train
1710,U2OS-01_2_B06_s1_5,U2OS-01,2,B06,s1,SMNDC1,treated,U2OS,,train
1711,U2OS-01_2_B06_s1_6,U2OS-01,2,B06,s1,SMNDC1,treated,U2OS,,train
1712,U2OS-01_2_B06_s1_8,U2OS-01,2,B06,s1,SMNDC1,treated,U2OS,,train
1713,U2OS-01_2_B06_s1_9,U2OS-01,2,B06,s1,SMNDC1,treated,U2OS,,train
1714,U2OS-01_2_B06_s1_10,U2OS-01,2,B06,s1,SMNDC1,treated,U2OS,,train
1715,U2OS-01_2_B06_s1_11,U2OS-01,2,B06,s1,SMNDC1,treated,U2OS,,train
1716,U2OS-01_2_B06_s1_13,U2OS-01,2,B06,s1,SMNDC1,treated,U2OS,,train
1717,U2OS-01_2_B06_s1_14,U2OS-01,2,B06,s1,SMNDC1,treated,U2OS,,train
1718,U2OS-01_2_B06_s1_15,U2OS-01,2,B06,s1,SMNDC1,treated,U2OS,,train
1719,U2OS-01_2_B06_s2_0,U2OS-01,2,B06,s2,SMNDC1,treated,U2OS,,train
1720,U2OS-01_2_B06_s2_2,U2OS-01,2,B06,s2,SMNDC1,treated,U2OS,,train
1721,U2OS-01_2_B06_s2_3,U2OS-01,2,B06,s2,SMNDC1,treated,U2OS,,train
1722,U2OS-01_2_B06_s2_5,U2OS-01,2,B06,s2,SMNDC1,treated,U2OS,,train
1723,U2OS-01_2_B06_s2_12,U2OS-01,2,B06,s2,SMNDC1,treated,U2OS,,train
1724,U2OS-01_2_B06_s2_16,U2OS-01,2,B06,s2,SMNDC1,treated,U2OS,,train
1725,U2OS-01_2_B06_s2_17,U2OS-01,2,B06,s2,SMNDC1,treated,U2OS,,train
1726,U2OS-01_2_B06_s2_18,U2OS-01,2,B06,s2,SMNDC1,treated,U2OS,,train
1727,U2OS-01_2_B06_s2_19,U2OS-01,2,B06,s2,SMNDC1,treated,U2OS,,train
1728,U2OS-01_2_B06_s2_20,U2OS-01,2,B06,s2,SMNDC1,treated,U2OS,,train
1729,U2OS-01_2_B17_s1_8,U2OS-01,2,B17,s1,IRX5,treated,U2OS,,train
1730,U2OS-01_2_B17_s1_9,U2OS-01,2,B17,s1,IRX5,treated,U2OS,,train
1731,U2OS-01_2_B17_s1_12,U2OS-01,2,B17,s1,IRX5,treated,U2OS,,train
1732,U2OS-01_2_B17_s1_14,U2OS-01,2,B17,s1,IRX5,treated,U2OS,,train
1733,U2OS-01_2_B17_s1_17,U2OS-01,2,B17,s1,IRX5,treated,U2OS,,train
1734,U2OS-01_2_B17_s1_18,U2OS-01,2,B17,s1,IRX5,treated,U2OS,,train
1735,U2OS-01_2_B17_s1_19,U2OS-01,2,B17,s1,IRX5,treated,U2OS,,train
1736,U2OS-01_2_B17_s1_20,U2OS-01,2,B17,s1,IRX5,treated,U2OS,,train
1737,U2OS-01_2_B17_s1_21,U2OS-01,2,B17,s1,IRX5,treated,U2OS,,train
1738,U2OS-01_2_B17_s1_22,U2OS-01,2,B17,s1,IRX5,treated,U2OS,,train
1739,U2OS-01_2_B17_s1_23,U2OS-01,2,B17,s1,IRX5,treated,U2OS,,train
1740,U2OS-01_2_B17_s1_24,U2OS-01,2,B17,s1,IRX5,treated,U2OS,,train
1741,U2OS-01_2_B17_s1_25,U2OS-01,2,B17,s1,IRX5,treated,U2OS,,train
1742,U2OS-01_2_B17_s1_26,U2OS-01,2,B17,s1,IRX5,treated,U2OS,,train
1743,U2OS-01_2_B17_s1_31,U2OS-01,2,B17,s1,IRX5,treated,U2OS,,train
1744,U2OS-01_2_B17_s1_32,U2OS-01,2,B17,s1,IRX5,treated,U2OS,,train
1745,U2OS-01_2_B17_s1_34,U2OS-01,2,B17,s1,IRX5,treated,U2OS,,train
1746,U2OS-01_2_B17_s1_36,U2OS-01,2,B17,s1,IRX5,treated,U2OS,,train
1747,U2OS-01_2_B17_s1_37,U2OS-01,2,B17,s1,IRX5,treated,U2OS,,train
1748,U2OS-01_2_B17_s1_39,U2OS-01,2,B17,s1,IRX5,treated,U2OS,,train
1749,U2OS-01_2_B17_s2_3,U2OS-01,2,B17,s2,IRX5,treated,U2OS,,train
1750,U2OS-01_2_B17_s2_5,U2OS-01,2,B17,s2,IRX5,treated,U2OS,,train
1751,U2OS-01_2_B17_s2_6,U2OS-01,2,B17,s2,IRX5,treated,U2OS,,train
1752,U2OS-01_2_B17_s2_8,U2OS-01,2,B17,s2,IRX5,treated,U2OS,,train
1753,U2OS-01_2_B17_s2_9,U2OS-01,2,B17,s2,IRX5,treated,U2OS,,train
1754,U2OS-01_2_B17_s2_10,U2OS-01,2,B17,s2,IRX5,treated,U2OS,,train
1755,U2OS-01_2_B17_s2_11,U2OS-01,2,B17,s2,IRX5,treated,U2OS,,train
1756,U2OS-01_2_B17_s2_12,U2OS-01,2,B17,s2,IRX5,treated,U2OS,,train
1757,U2OS-01_2_B17_s2_13,U2OS-01,2,B17,s2,IRX5,treated,U2OS,,train
1758,U2OS-01_2_B17_s2_15,U2OS-01,2,B17,s2,IRX5,treated,U2OS,,train
1759,U2OS-01_2_B17_s2_17,U2OS-01,2,B17,s2,IRX5,treated,U2OS,,train
1760,U2OS-01_2_B17_s2_18,U2OS-01,2,B17,s2,IRX5,treated,U2OS,,train
1761,U2OS-01_2_B17_s2_20,U2OS-01,2,B17,s2,IRX5,treated,U2OS,,train
1762,U2OS-01_2_B17_s2_21,U2OS-01,2,B17,s2,IRX5,treated,U2OS,,train
1763,U2OS-01_2_B17_s2_22,U2OS-01,2,B17,s2,IRX5,treated,U2OS,,train
1764,U2OS-01_2_B17_s2_24,U2OS-01,2,B17,s2,IRX5,treated,U2OS,,train
1765,U2OS-01_2_B17_s2_26,U2OS-01,2,B17,s2,IRX5,treated,U2OS,,train
1766,U2OS-01_2_B17_s2_28,U2OS-01,2,B17,s2,IRX5,treated,U2OS,,train
1767,U2OS-01_2_B17_s2_29,U2OS-01,2,B17,s2,IRX5,treated,U2OS,,train
1768,U2OS-01_2_B17_s2_30,U2OS-01,2,B17,s2,IRX5,treated,U2OS,,train
1769,U2OS-01_2_B20_s1_4,U2OS-01,2,B20,s1,MXD4,treated,U2OS,,train
1770,U2OS-01_2_B20_s1_5,U2OS-01,2,B20,s1,MXD4,treated,U2OS,,train
1771,U2OS-01_2_B20_s1_6,U2OS-01,2,B20,s1,MXD4,treated,U2OS,,train
1772,U2OS-01_2_B20_s1_8,U2OS-01,2,B20,s1,MXD4,treated,U2OS,,train
1773,U2OS-01_2_B20_s1_10,U2OS-01,2,B20,s1,MXD4,treated,U2OS,,train
1774,U2OS-01_2_B20_s1_13,U2OS-01,2,B20,s1,MXD4,treated,U2OS,,train
1775,U2OS-01_2_B20_s1_16,U2OS-01,2,B20,s1,MXD4,treated,U2OS,,train
1776,U2OS-01_2_B20_s1_17,U2OS-01,2,B20,s1,MXD4,treated,U2OS,,train
1777,U2OS-01_2_B20_s1_18,U2OS-01,2,B20,s1,MXD4,treated,U2OS,,train
1778,U2OS-01_2_B20_s1_19,U2OS-01,2,B20,s1,MXD4,treated,U2OS,,train
1779,U2OS-01_2_B20_s1_20,U2OS-01,2,B20,s1,MXD4,treated,U2OS,,train
1780,U2OS-01_2_B20_s1_22,U2OS-01,2,B20,s1,MXD4,treated,U2OS,,train
1781,U2OS-01_2_B20_s1_23,U2OS-01,2,B20,s1,MXD4,treated,U2OS,,train
1782,U2OS-01_2_B20_s1_26,U2OS-01,2,B20,s1,MXD4,treated,U2OS,,train
1783,U2OS-01_2_B20_s1_30,U2OS-01,2,B20,s1,MXD4,treated,U2OS,,train
1784,U2OS-01_2_B20_s1_32,U2OS-01,2,B20,s1,MXD4,treated,U2OS,,train
1785,U2OS-01_2_B20_s2_5,U2OS-01,2,B20,s2,MXD4,treated,U2OS,,train
1786,U2OS-01_2_B20_s2_9,U2OS-01,2,B20,s2,MXD4,treated,U2OS,,train
1787,U2OS-01_2_B20_s2_10,U2OS-01,2,B20,s2,MXD4,treated,U2OS,,train
1788,U2OS-01_2_B20_s2_15,U2OS-01,2,B20,s2,MXD4,treated,U2OS,,train
1789,U2OS-01_2_B20_s2_17,U2OS-01,2,B20,s2,MXD4,treated,U2OS,,train
1790,U2OS-01_2_B20_s2_19,U2OS-01,2,B20,s2,MXD4,treated,U2OS,,train
1791,U2OS-01_2_B20_s2_20,U2OS-01,2,B20,s2,MXD4,treated,U2OS,,train
1792,U2OS-01_2_B20_s2_24,U2OS-01,2,B20,s2,MXD4,treated,U2OS,,train
1793,U2OS-01_2_B20_s2_25,U2OS-01,2,B20,s2,MXD4,treated,U2OS,,train
1794,U2OS-01_2_D06_s1_14,U2OS-01,2,D06,s1,IL24,treated,U2OS,,train
1795,U2OS-01_2_D06_s1_16,U2OS-01,2,D06,s1,IL24,treated,U2OS,,train
1796,U2OS-01_2_D06_s1_17,U2OS-01,2,D06,s1,IL24,treated,U2OS,,train
1797,U2OS-01_2_D06_s1_21,U2OS-01,2,D06,s1,IL24,treated,U2OS,,train
1798,U2OS-01_2_D06_s1_26,U2OS-01,2,D06,s1,IL24,treated,U2OS,,train
1799,U2OS-01_2_D06_s1_28,U2OS-01,2,D06,s1,IL24,treated,U2OS,,train
1800,U2OS-01_2_D06_s1_29,U2OS-01,2,D06,s1,IL24,treated,U2OS,,train
1801,U2OS-01_2_D06_s1_30,U2OS-01,2,D06,s1,IL24,treated,U2OS,,train
1802,U2OS-01_2_D06_s1_31,U2OS-01,2,D06,s1,IL24,treated,U2OS,,train
1803,U2OS-01_2_D06_s1_32,U2OS-01,2,D06,s1,IL24,treated,U2OS,,train
1804,U2OS-01_2_D06_s1_33,U2OS-01,2,D06,s1,IL24,treated,U2OS,,train
1805,U2OS-01_2_D06_s1_34,U2OS-01,2,D06,s1,IL24,treated,U2OS,,train
1806,U2OS-01_2_D06_s1_36,U2OS-01,2,D06,s1,IL24,treated,U2OS,,train
1807,U2OS-01_2_D06_s1_37,U2OS-01,2,D06,s1,IL24,treated,U2OS,,train
1808,U2OS-01_2_D06_s1_43,U2OS-01,2,D06,s1,IL24,treated,U2OS,,train
1809,U2OS-01_2_D06_s1_44,U2OS-01,2,D06,s1,IL24,treated,U2OS,,train
1810,U2OS-01_2_D06_s1_45,U2OS-01,2,D06,s1,IL24,treated,U2OS,,train
1811,U2OS-01_2_D06_s1_46,U2OS-01,2,D06,s1,IL24,treated,U2OS,,train
1812,U2OS-01_2_D06_s1_47,U2OS-01,2,D06,s1,IL24,treated,U2OS,,train
1813,U2OS-01_2_D06_s1_48,U2OS-01,2,D06,s1,IL24,treated,U2OS,,train
1814,U2OS-01_2_D06_s1_49,U2OS-01,2,D06,s1,IL24,treated,U2OS,,train
1815,U2OS-01_2_D06_s1_52,U2OS-01,2,D06,s1,IL24,treated,U2OS,,train
1816,U2OS-01_2_D06_s1_54,U2OS-01,2,D06,s1,IL24,treated,U2OS,,train
1817,U2OS-01_2_D06_s1_56,U2OS-01,2,D06,s1,IL24,treated,U2OS,,train
1818,U2OS-01_2_D06_s1_57,U2OS-01,2,D06,s1,IL24,treated,U2OS,,train
1819,U2OS-01_2_D06_s1_58,U2OS-01,2,D06,s1,IL24,treated,U2OS,,train
1820,U2OS-01_2_D06_s1_60,U2OS-01,2,D06,s1,IL24,treated,U2OS,,train
1821,U2OS-01_2_D06_s1_61,U2OS-01,2,D06,s1,IL24,treated,U2OS,,train
1822,U2OS-01_2_D06_s1_62,U2OS-01,2,D06,s1,IL24,treated,U2OS,,train
1823,U2OS-01_2_D06_s1_63,U2OS-01,2,D06,s1,IL24,treated,U2OS,,train
1824,U2OS-01_2_D06_s1_65,U2OS-01,2,D06,s1,IL24,treated,U2OS,,train
1825,U2OS-01_2_D06_s1_67,U2OS-01,2,D06,s1,IL24,treated,U2OS,,train
1826,U2OS-01_2_D06_s1_69,U2OS-01,2,D06,s1,IL24,treated,U2OS,,train
1827,U2OS-01_2_D06_s1_70,U2OS-01,2,D06,s1,IL24,treated,U2OS,,train
1828,U2OS-01_2_D06_s1_71,U2OS-01,2,D06,s1,IL24,treated,U2OS,,train
1829,U2OS-01_2_D06_s1_74,U2OS-01,2,D06,s1,IL24,treated,U2OS,,train
1830,U2OS-01_2_D06_s1_75,U2OS-01,2,D06,s1,IL24,treated,U2OS,,train
1831,U2OS-01_2_D06_s1_78,U2OS-01,2,D06,s1,IL24,treated,U2OS,,train
1832,U2OS-01_2_D06_s1_79,U2OS-01,2,D06,s1,IL24,treated,U2OS,,train
1833,U2OS-01_2_D06_s1_81,U2OS-01,2,D06,s1,IL24,treated,U2OS,,train
1834,U2OS-01_2_D09_s1_9,U2OS-01,2,D09,s1,APOBEC2,treated,U2OS,,train
1835,U2OS-01_2_D09_s1_11,U2OS-01,2,D09,s1,APOBEC2,treated,U2OS,,train
1836,U2OS-01_2_D09_s1_12,U2OS-01,2,D09,s1,APOBEC2,treated,U2OS,,train
1837,U2OS-01_2_D09_s1_14,U2OS-01,2,D09,s1,APOBEC2,treated,U2OS,,train
1838,U2OS-01_2_D09_s1_16,U2OS-01,2,D09,s1,APOBEC2,treated,U2OS,,train
1839,U2OS-01_2_D09_s1_17,U2OS-01,2,D09,s1,APOBEC2,treated,U2OS,,train
1840,U2OS-01_2_D09_s1_19,U2OS-01,2,D09,s1,APOBEC2,treated,U2OS,,train
1841,U2OS-01_2_D09_s1_20,U2OS-01,2,D09,s1,APOBEC2,treated,U2OS,,train
1842,U2OS-01_2_D09_s1_21,U2OS-01,2,D09,s1,APOBEC2,treated,U2OS,,train
1843,U2OS-01_2_D09_s1_22,U2OS-01,2,D09,s1,APOBEC2,treated,U2OS,,train
1844,U2OS-01_2_D09_s1_23,U2OS-01,2,D09,s1,APOBEC2,treated,U2OS,,train
1845,U2OS-01_2_D09_s1_24,U2OS-01,2,D09,s1,APOBEC2,treated,U2OS,,train
1846,U2OS-01_2_D09_s1_25,U2OS-01,2,D09,s1,APOBEC2,treated,U2OS,,train
1847,U2OS-01_2_D09_s1_27,U2OS-01,2,D09,s1,APOBEC2,treated,U2OS,,train
1848,U2OS-01_2_D09_s1_32,U2OS-01,2,D09,s1,APOBEC2,treated,U2OS,,train
1849,U2OS-01_2_D09_s1_33,U2OS-01,2,D09,s1,APOBEC2,treated,U2OS,,train
1850,U2OS-01_2_D09_s1_34,U2OS-01,2,D09,s1,APOBEC2,treated,U2OS,,train
1851,U2OS-01_2_D09_s1_35,U2OS-01,2,D09,s1,APOBEC2,treated,U2OS,,train
1852,U2OS-01_2_D09_s1_36,U2OS-01,2,D09,s1,APOBEC2,treated,U2OS,,train
1853,U2OS-01_2_D09_s1_37,U2OS-01,2,D09,s1,APOBEC2,treated,U2OS,,train
1854,U2OS-01_2_D09_s1_39,U2OS-01,2,D09,s1,APOBEC2,treated,U2OS,,train
1855,U2OS-01_2_D09_s1_41,U2OS-01,2,D09,s1,APOBEC2,treated,U2OS,,train
1856,U2OS-01_2_D09_s1_42,U2OS-01,2,D09,s1,APOBEC2,treated,U2OS,,train
1857,U2OS-01_2_D09_s1_43,U2OS-01,2,D09,s1,APOBEC2,treated,U2OS,,train
1858,U2OS-01_2_D09_s1_44,U2OS-01,2,D09,s1,APOBEC2,treated,U2OS,,train
1859,U2OS-01_2_D09_s1_45,U2OS-01,2,D09,s1,APOBEC2,treated,U2OS,,train
1860,U2OS-01_2_D09_s1_46,U2OS-01,2,D09,s1,APOBEC2,treated,U2OS,,train
1861,U2OS-01_2_D09_s1_47,U2OS-01,2,D09,s1,APOBEC2,treated,U2OS,,train
1862,U2OS-01_2_D09_s1_48,U2OS-01,2,D09,s1,APOBEC2,treated,U2OS,,train
1863,U2OS-01_2_D09_s1_49,U2OS-01,2,D09,s1,APOBEC2,treated,U2OS,,train
1864,U2OS-01_2_D09_s1_51,U2OS-01,2,D09,s1,APOBEC2,treated,U2OS,,train
1865,U2OS-01_2_D09_s1_52,U2OS-01,2,D09,s1,APOBEC2,treated,U2OS,,train
1866,U2OS-01_2_D09_s1_54,U2OS-01,2,D09,s1,APOBEC2,treated,U2OS,,train
1867,U2OS-01_2_D09_s1_55,U2OS-01,2,D09,s1,APOBEC2,treated,U2OS,,train
1868,U2OS-01_2_D09_s1_56,U2OS-01,2,D09,s1,APOBEC2,treated,U2OS,,train
1869,U2OS-01_2_D09_s1_59,U2OS-01,2,D09,s1,APOBEC2,treated,U2OS,,train
1870,U2OS-01_2_D09_s1_60,U2OS-01,2,D09,s1,APOBEC2,treated,U2OS,,train
1871,U2OS-01_2_D09_s1_66,U2OS-01,2,D09,s1,APOBEC2,treated,U2OS,,train
1872,U2OS-01_2_D09_s1_68,U2OS-01,2,D09,s1,APOBEC2,treated,U2OS,,train
1873,U2OS-01_2_D09_s1_69,U2OS-01,2,D09,s1,APOBEC2,treated,U2OS,,train
1874,U2OS-01_2_D13_s1_10,U2OS-01,2,D13,s1,CDIPT,treated,U2OS,,train
1875,U2OS-01_2_D13_s1_11,U2OS-01,2,D13,s1,CDIPT,treated,U2OS,,train
1876,U2OS-01_2_D13_s1_14,U2OS-01,2,D13,s1,CDIPT,treated,U2OS,,train
1877,U2OS-01_2_D13_s1_17,U2OS-01,2,D13,s1,CDIPT,treated,U2OS,,train
1878,U2OS-01_2_D13_s1_19,U2OS-01,2,D13,s1,CDIPT,treated,U2OS,,train
1879,U2OS-01_2_D13_s1_20,U2OS-01,2,D13,s1,CDIPT,treated,U2OS,,train
1880,U2OS-01_2_D13_s1_21,U2OS-01,2,D13,s1,CDIPT,treated,U2OS,,train
1881,U2OS-01_2_D13_s1_22,U2OS-01,2,D13,s1,CDIPT,treated,U2OS,,train
1882,U2OS-01_2_D13_s1_25,U2OS-01,2,D13,s1,CDIPT,treated,U2OS,,train
1883,U2OS-01_2_D13_s1_26,U2OS-01,2,D13,s1,CDIPT,treated,U2OS,,train
1884,U2OS-01_2_D13_s1_28,U2OS-01,2,D13,s1,CDIPT,treated,U2OS,,train
1885,U2OS-01_2_D13_s1_29,U2OS-01,2,D13,s1,CDIPT,treated,U2OS,,train
1886,U2OS-01_2_D13_s1_30,U2OS-01,2,D13,s1,CDIPT,treated,U2OS,,train
1887,U2OS-01_2_D13_s1_31,U2OS-01,2,D13,s1,CDIPT,treated,U2OS,,train
1888,U2OS-01_2_D13_s1_36,U2OS-01,2,D13,s1,CDIPT,treated,U2OS,,train
1889,U2OS-01_2_D13_s1_37,U2OS-01,2,D13,s1,CDIPT,treated,U2OS,,train
1890,U2OS-01_2_D13_s1_38,U2OS-01,2,D13,s1,CDIPT,treated,U2OS,,train
1891,U2OS-01_2_D13_s1_39,U2OS-01,2,D13,s1,CDIPT,treated,U2OS,,train
1892,U2OS-01_2_D13_s1_41,U2OS-01,2,D13,s1,CDIPT,treated,U2OS,,train
1893,U2OS-01_2_D13_s1_44,U2OS-01,2,D13,s1,CDIPT,treated,U2OS,,train
1894,U2OS-01_2_D13_s1_45,U2OS-01,2,D13,s1,CDIPT,treated,U2OS,,train
1895,U2OS-01_2_D13_s1_48,U2OS-01,2,D13,s1,CDIPT,treated,U2OS,,train
1896,U2OS-01_2_D13_s1_49,U2OS-01,2,D13,s1,CDIPT,treated,U2OS,,train
1897,U2OS-01_2_D13_s1_50,U2OS-01,2,D13,s1,CDIPT,treated,U2OS,,train
1898,U2OS-01_2_D13_s1_51,U2OS-01,2,D13,s1,CDIPT,treated,U2OS,,train
1899,U2OS-01_2_D13_s1_52,U2OS-01,2,D13,s1,CDIPT,treated,U2OS,,train
1900,U2OS-01_2_D13_s1_54,U2OS-01,2,D13,s1,CDIPT,treated,U2OS,,train
1901,U2OS-01_2_D13_s1_55,U2OS-01,2,D13,s1,CDIPT,treated,U2OS,,train
1902,U2OS-01_2_D13_s1_56,U2OS-01,2,D13,s1,CDIPT,treated,U2OS,,train
1903,U2OS-01_2_D13_s1_57,U2OS-01,2,D13,s1,CDIPT,treated,U2OS,,train
1904,U2OS-01_2_D13_s1_59,U2OS-01,2,D13,s1,CDIPT,treated,U2OS,,train
1905,U2OS-01_2_D13_s1_60,U2OS-01,2,D13,s1,CDIPT,treated,U2OS,,train
1906,U2OS-01_2_D13_s1_63,U2OS-01,2,D13,s1,CDIPT,treated,U2OS,,train
1907,U2OS-01_2_D13_s1_64,U2OS-01,2,D13,s1,CDIPT,treated,U2OS,,train
1908,U2OS-01_2_D13_s1_65,U2OS-01,2,D13,s1,CDIPT,treated,U2OS,,train
1909,U2OS-01_2_D13_s1_68,U2OS-01,2,D13,s1,CDIPT,treated,U2OS,,train
1910,U2OS-01_2_D13_s1_69,U2OS-01,2,D13,s1,CDIPT,treated,U2OS,,train
1911,U2OS-01_2_D13_s1_71,U2OS-01,2,D13,s1,CDIPT,treated,U2OS,,train
1912,U2OS-01_2_D13_s1_73,U2OS-01,2,D13,s1,CDIPT,treated,U2OS,,train
1913,U2OS-01_2_D13_s1_74,U2OS-01,2,D13,s1,CDIPT,treated,U2OS,,train
1914,U2OS-01_2_D14_s1_8,U2OS-01,2,D14,s1,PAICS,treated,U2OS,,train
1915,U2OS-01_2_D14_s1_10,U2OS-01,2,D14,s1,PAICS,treated,U2OS,,train
1916,U2OS-01_2_D14_s1_11,U2OS-01,2,D14,s1,PAICS,treated,U2OS,,train
1917,U2OS-01_2_D14_s1_13,U2OS-01,2,D14,s1,PAICS,treated,U2OS,,train
1918,U2OS-01_2_D14_s1_15,U2OS-01,2,D14,s1,PAICS,treated,U2OS,,train
1919,U2OS-01_2_D14_s1_17,U2OS-01,2,D14,s1,PAICS,treated,U2OS,,train
1920,U2OS-01_2_D14_s1_19,U2OS-01,2,D14,s1,PAICS,treated,U2OS,,train
1921,U2OS-01_2_D14_s1_20,U2OS-01,2,D14,s1,PAICS,treated,U2OS,,train
1922,U2OS-01_2_D14_s1_21,U2OS-01,2,D14,s1,PAICS,treated,U2OS,,train
1923,U2OS-01_2_D14_s1_22,U2OS-01,2,D14,s1,PAICS,treated,U2OS,,train
1924,U2OS-01_2_D14_s1_23,U2OS-01,2,D14,s1,PAICS,treated,U2OS,,train
1925,U2OS-01_2_D14_s1_24,U2OS-01,2,D14,s1,PAICS,treated,U2OS,,train
1926,U2OS-01_2_D14_s1_27,U2OS-01,2,D14,s1,PAICS,treated,U2OS,,train
1927,U2OS-01_2_D14_s1_28,U2OS-01,2,D14,s1,PAICS,treated,U2OS,,train
1928,U2OS-01_2_D14_s1_32,U2OS-01,2,D14,s1,PAICS,treated,U2OS,,train
1929,U2OS-01_2_D14_s1_33,U2OS-01,2,D14,s1,PAICS,treated,U2OS,,train
1930,U2OS-01_2_D14_s1_34,U2OS-01,2,D14,s1,PAICS,treated,U2OS,,train
1931,U2OS-01_2_D14_s1_35,U2OS-01,2,D14,s1,PAICS,treated,U2OS,,train
1932,U2OS-01_2_D14_s1_36,U2OS-01,2,D14,s1,PAICS,treated,U2OS,,train
1933,U2OS-01_2_D14_s1_37,U2OS-01,2,D14,s1,PAICS,treated,U2OS,,train
1934,U2OS-01_2_D14_s1_38,U2OS-01,2,D14,s1,PAICS,treated,U2OS,,train
1935,U2OS-01_2_D14_s1_40,U2OS-01,2,D14,s1,PAICS,treated,U2OS,,train
1936,U2OS-01_2_D14_s1_41,U2OS-01,2,D14,s1,PAICS,treated,U2OS,,train
1937,U2OS-01_2_D14_s1_42,U2OS-01,2,D14,s1,PAICS,treated,U2OS,,train
1938,U2OS-01_2_D14_s1_43,U2OS-01,2,D14,s1,PAICS,treated,U2OS,,train
1939,U2OS-01_2_D14_s1_44,U2OS-01,2,D14,s1,PAICS,treated,U2OS,,train
1940,U2OS-01_2_D14_s1_45,U2OS-01,2,D14,s1,PAICS,treated,U2OS,,train
1941,U2OS-01_2_D14_s1_46,U2OS-01,2,D14,s1,PAICS,treated,U2OS,,train
1942,U2OS-01_2_D14_s1_47,U2OS-01,2,D14,s1,PAICS,treated,U2OS,,train
1943,U2OS-01_2_D14_s1_48,U2OS-01,2,D14,s1,PAICS,treated,U2OS,,train
1944,U2OS-01_2_D14_s1_53,U2OS-01,2,D14,s1,PAICS,treated,U2OS,,train
1945,U2OS-01_2_D14_s1_54,U2OS-01,2,D14,s1,PAICS,treated,U2OS,,train
1946,U2OS-01_2_D14_s1_57,U2OS-01,2,D14,s1,PAICS,treated,U2OS,,train
1947,U2OS-01_2_D14_s1_58,U2OS-01,2,D14,s1,PAICS,treated,U2OS,,train
1948,U2OS-01_2_D14_s1_59,U2OS-01,2,D14,s1,PAICS,treated,U2OS,,train
1949,U2OS-01_2_D14_s1_61,U2OS-01,2,D14,s1,PAICS,treated,U2OS,,train
1950,U2OS-01_2_D14_s1_62,U2OS-01,2,D14,s1,PAICS,treated,U2OS,,train
1951,U2OS-01_2_D14_s2_12,U2OS-01,2,D14,s2,PAICS,treated,U2OS,,train
1952,U2OS-01_2_D14_s2_13,U2OS-01,2,D14,s2,PAICS,treated,U2OS,,train
1953,U2OS-01_2_D14_s2_15,U2OS-01,2,D14,s2,PAICS,treated,U2OS,,train
1954,U2OS-01_2_D17_s1_6,U2OS-01,2,D17,s1,CCL27,treated,U2OS,,train
1955,U2OS-01_2_D17_s1_7,U2OS-01,2,D17,s1,CCL27,treated,U2OS,,train
1956,U2OS-01_2_D17_s1_8,U2OS-01,2,D17,s1,CCL27,treated,U2OS,,train
1957,U2OS-01_2_D17_s1_10,U2OS-01,2,D17,s1,CCL27,treated,U2OS,,train
1958,U2OS-01_2_D17_s1_13,U2OS-01,2,D17,s1,CCL27,treated,U2OS,,train
1959,U2OS-01_2_D17_s1_15,U2OS-01,2,D17,s1,CCL27,treated,U2OS,,train
1960,U2OS-01_2_D17_s1_16,U2OS-01,2,D17,s1,CCL27,treated,U2OS,,train
1961,U2OS-01_2_D17_s1_17,U2OS-01,2,D17,s1,CCL27,treated,U2OS,,train
1962,U2OS-01_2_D17_s1_18,U2OS-01,2,D17,s1,CCL27,treated,U2OS,,train
1963,U2OS-01_2_D17_s1_20,U2OS-01,2,D17,s1,CCL27,treated,U2OS,,train
1964,U2OS-01_2_D17_s1_21,U2OS-01,2,D17,s1,CCL27,treated,U2OS,,train
1965,U2OS-01_2_D17_s1_22,U2OS-01,2,D17,s1,CCL27,treated,U2OS,,train
1966,U2OS-01_2_D17_s1_23,U2OS-01,2,D17,s1,CCL27,treated,U2OS,,train
1967,U2OS-01_2_D17_s1_24,U2OS-01,2,D17,s1,CCL27,treated,U2OS,,train
1968,U2OS-01_2_D17_s1_29,U2OS-01,2,D17,s1,CCL27,treated,U2OS,,train
1969,U2OS-01_2_D17_s1_30,U2OS-01,2,D17,s1,CCL27,treated,U2OS,,train
1970,U2OS-01_2_D17_s1_31,U2OS-01,2,D17,s1,CCL27,treated,U2OS,,train
1971,U2OS-01_2_D17_s1_32,U2OS-01,2,D17,s1,CCL27,treated,U2OS,,train
1972,U2OS-01_2_D17_s1_34,U2OS-01,2,D17,s1,CCL27,treated,U2OS,,train
1973,U2OS-01_2_D17_s1_35,U2OS-01,2,D17,s1,CCL27,treated,U2OS,,train
1974,U2OS-01_2_D17_s1_37,U2OS-01,2,D17,s1,CCL27,treated,U2OS,,train
1975,U2OS-01_2_D17_s1_39,U2OS-01,2,D17,s1,CCL27,treated,U2OS,,train
1976,U2OS-01_2_D17_s2_3,U2OS-01,2,D17,s2,CCL27,treated,U2OS,,train
1977,U2OS-01_2_D17_s2_4,U2OS-01,2,D17,s2,CCL27,treated,U2OS,,train
1978,U2OS-01_2_D17_s2_5,U2OS-01,2,D17,s2,CCL27,treated,U2OS,,train
1979,U2OS-01_2_D17_s2_6,U2OS-01,2,D17,s2,CCL27,treated,U2OS,,train
1980,U2OS-01_2_D17_s2_7,U2OS-01,2,D17,s2,CCL27,treated,U2OS,,train
1981,U2OS-01_2_D17_s2_8,U2OS-01,2,D17,s2,CCL27,treated,U2OS,,train
1982,U2OS-01_2_D17_s2_9,U2OS-01,2,D17,s2,CCL27,treated,U2OS,,train
1983,U2OS-01_2_D17_s2_10,U2OS-01,2,D17,s2,CCL27,treated,U2OS,,train
1984,U2OS-01_2_D17_s2_13,U2OS-01,2,D17,s2,CCL27,treated,U2OS,,train
1985,U2OS-01_2_D17_s2_14,U2OS-01,2,D17,s2,CCL27,treated,U2OS,,train
1986,U2OS-01_2_D17_s2_16,U2OS-01,2,D17,s2,CCL27,treated,U2OS,,train
1987,U2OS-01_2_D17_s2_18,U2OS-01,2,D17,s2,CCL27,treated,U2OS,,train
1988,U2OS-01_2_D17_s2_19,U2OS-01,2,D17,s2,CCL27,treated,U2OS,,train
1989,U2OS-01_2_D17_s2_22,U2OS-01,2,D17,s2,CCL27,treated,U2OS,,train
1990,U2OS-01_2_D17_s2_23,U2OS-01,2,D17,s2,CCL27,treated,U2OS,,train
1991,U2OS-01_2_D17_s2_25,U2OS-01,2,D17,s2,CCL27,treated,U2OS,,train
1992,U2OS-01_2_D17_s2_27,U2OS-01,2,D17,s2,CCL27,treated,U2OS,,train
1993,U2OS-01_2_D17_s2_28,U2OS-01,2,D17,s2,CCL27,treated,U2OS,,train
1994,U2OS-01_2_D18_s1_6,U2OS-01,2,D18,s1,TRIM28,treated,U2OS,,train
1995,U2OS-01_2_D18_s1_8,U2OS-01,2,D18,s1,TRIM28,treated,U2OS,,train
1996,U2OS-01_2_D18_s1_9,U2OS-01,2,D18,s1,TRIM28,treated,U2OS,,train
1997,U2OS-01_2_D18_s1_11,U2OS-01,2,D18,s1,TRIM28,treated,U2OS,,train
1998,U2OS-01_2_D18_s1_16,U2OS-01,2,D18,s1,TRIM28,treated,U2OS,,train
1999,U2OS-01_2_D18_s1_17,U2OS-01,2,D18,s1,TRIM28,treated,U2OS,,train
2000,U2OS-01_2_D18_s1_18,U2OS-01,2,D18,s1,TRIM28,treated,U2OS,,train
2001,U2OS-01_2_D18_s1_19,U2OS-01,2,D18,s1,TRIM28,treated,U2OS,,train
2002,U2OS-01_2_D18_s1_20,U2OS-01,2,D18,s1,TRIM28,treated,U2OS,,train
2003,U2OS-01_2_D18_s1_22,U2OS-01,2,D18,s1,TRIM28,treated,U2OS,,train
2004,U2OS-01_2_D18_s1_23,U2OS-01,2,D18,s1,TRIM28,treated,U2OS,,train
2005,U2OS-01_2_D18_s1_24,U2OS-01,2,D18,s1,TRIM28,treated,U2OS,,train
2006,U2OS-01_2_D18_s1_26,U2OS-01,2,D18,s1,TRIM28,treated,U2OS,,train
2007,U2OS-01_2_D18_s1_28,U2OS-01,2,D18,s1,TRIM28,treated,U2OS,,train
2008,U2OS-01_2_D18_s1_33,U2OS-01,2,D18,s1,TRIM28,treated,U2OS,,train
2009,U2OS-01_2_D18_s1_34,U2OS-01,2,D18,s1,TRIM28,treated,U2OS,,train
2010,U2OS-01_2_D18_s1_35,U2OS-01,2,D18,s1,TRIM28,treated,U2OS,,train
2011,U2OS-01_2_D18_s1_36,U2OS-01,2,D18,s1,TRIM28,treated,U2OS,,train
2012,U2OS-01_2_D18_s1_37,U2OS-01,2,D18,s1,TRIM28,treated,U2OS,,train
2013,U2OS-01_2_D18_s1_39,U2OS-01,2,D18,s1,TRIM28,treated,U2OS,,train
2014,U2OS-01_2_D18_s1_40,U2OS-01,2,D18,s1,TRIM28,treated,U2OS,,train
2015,U2OS-01_2_D18_s1_43,U2OS-01,2,D18,s1,TRIM28,treated,U2OS,,train
2016,U2OS-01_2_D18_s1_44,U2OS-01,2,D18,s1,TRIM28,treated,U2OS,,train
2017,U2OS-01_2_D18_s1_45,U2OS-01,2,D18,s1,TRIM28,treated,U2OS,,train
2018,U2OS-01_2_D18_s1_46,U2OS-01,2,D18,s1,TRIM28,treated,U2OS,,train
2019,U2OS-01_2_D18_s1_47,U2OS-01,2,D18,s1,TRIM28,treated,U2OS,,train
2020,U2OS-01_2_D18_s1_48,U2OS-01,2,D18,s1,TRIM28,treated,U2OS,,train
2021,U2OS-01_2_D18_s1_49,U2OS-01,2,D18,s1,TRIM28,treated,U2OS,,train
2022,U2OS-01_2_D18_s1_51,U2OS-01,2,D18,s1,TRIM28,treated,U2OS,,train
2023,U2OS-01_2_D18_s1_52,U2OS-01,2,D18,s1,TRIM28,treated,U2OS,,train
2024,U2OS-01_2_D18_s1_54,U2OS-01,2,D18,s1,TRIM28,treated,U2OS,,train
2025,U2OS-01_2_D18_s1_55,U2OS-01,2,D18,s1,TRIM28,treated,U2OS,,train
2026,U2OS-01_2_D18_s1_57,U2OS-01,2,D18,s1,TRIM28,treated,U2OS,,train
2027,U2OS-01_2_D18_s1_58,U2OS-01,2,D18,s1,TRIM28,treated,U2OS,,train
2028,U2OS-01_2_D18_s1_59,U2OS-01,2,D18,s1,TRIM28,treated,U2OS,,train
2029,U2OS-01_2_D18_s1_61,U2OS-01,2,D18,s1,TRIM28,treated,U2OS,,train
2030,U2OS-01_2_D18_s1_62,U2OS-01,2,D18,s1,TRIM28,treated,U2OS,,train
2031,U2OS-01_2_D18_s1_64,U2OS-01,2,D18,s1,TRIM28,treated,U2OS,,train
2032,U2OS-01_2_D18_s1_65,U2OS-01,2,D18,s1,TRIM28,treated,U2OS,,train
2033,U2OS-01_2_D18_s1_67,U2OS-01,2,D18,s1,TRIM28,treated,U2OS,,train
2034,U2OS-01_2_E04_s1_4,U2OS-01,2,E04,s1,SMC2,treated,U2OS,,train
2035,U2OS-01_2_E04_s1_5,U2OS-01,2,E04,s1,SMC2,treated,U2OS,,train
2036,U2OS-01_2_E04_s1_6,U2OS-01,2,E04,s1,SMC2,treated,U2OS,,train
2037,U2OS-01_2_E04_s1_8,U2OS-01,2,E04,s1,SMC2,treated,U2OS,,train
2038,U2OS-01_2_E04_s1_11,U2OS-01,2,E04,s1,SMC2,treated,U2OS,,train
2039,U2OS-01_2_E04_s1_12,U2OS-01,2,E04,s1,SMC2,treated,U2OS,,train
2040,U2OS-01_2_E04_s1_13,U2OS-01,2,E04,s1,SMC2,treated,U2OS,,train
2041,U2OS-01_2_E04_s1_14,U2OS-01,2,E04,s1,SMC2,treated,U2OS,,train
2042,U2OS-01_2_E04_s1_15,U2OS-01,2,E04,s1,SMC2,treated,U2OS,,train
2043,U2OS-01_2_E04_s1_16,U2OS-01,2,E04,s1,SMC2,treated,U2OS,,train
2044,U2OS-01_2_E04_s1_17,U2OS-01,2,E04,s1,SMC2,treated,U2OS,,train
2045,U2OS-01_2_E04_s1_19,U2OS-01,2,E04,s1,SMC2,treated,U2OS,,train
2046,U2OS-01_2_E04_s1_21,U2OS-01,2,E04,s1,SMC2,treated,U2OS,,train
2047,U2OS-01_2_E04_s1_23,U2OS-01,2,E04,s1,SMC2,treated,U2OS,,train
2048,U2OS-01_2_E04_s1_28,U2OS-01,2,E04,s1,SMC2,treated,U2OS,,train
2049,U2OS-01_2_E04_s1_29,U2OS-01,2,E04,s1,SMC2,treated,U2OS,,train
2050,U2OS-01_2_E04_s1_31,U2OS-01,2,E04,s1,SMC2,treated,U2OS,,train
2051,U2OS-01_2_E04_s1_32,U2OS-01,2,E04,s1,SMC2,treated,U2OS,,train
2052,U2OS-01_2_E04_s1_34,U2OS-01,2,E04,s1,SMC2,treated,U2OS,,train
2053,U2OS-01_2_E04_s1_35,U2OS-01,2,E04,s1,SMC2,treated,U2OS,,train
2054,U2OS-01_2_E04_s1_36,U2OS-01,2,E04,s1,SMC2,treated,U2OS,,train
2055,U2OS-01_2_E04_s1_38,U2OS-01,2,E04,s1,SMC2,treated,U2OS,,train
2056,U2OS-01_2_E04_s1_40,U2OS-01,2,E04,s1,SMC2,treated,U2OS,,train
2057,U2OS-01_2_E04_s1_41,U2OS-01,2,E04,s1,SMC2,treated,U2OS,,train
2058,U2OS-01_2_E04_s1_42,U2OS-01,2,E04,s1,SMC2,treated,U2OS,,train
2059,U2OS-01_2_E04_s1_43,U2OS-01,2,E04,s1,SMC2,treated,U2OS,,train
2060,U2OS-01_2_E04_s1_44,U2OS-01,2,E04,s1,SMC2,treated,U2OS,,train
2061,U2OS-01_2_E04_s1_46,U2OS-01,2,E04,s1,SMC2,treated,U2OS,,train
2062,U2OS-01_2_E04_s1_47,U2OS-01,2,E04,s1,SMC2,treated,U2OS,,train
2063,U2OS-01_2_E04_s1_48,U2OS-01,2,E04,s1,SMC2,treated,U2OS,,train
2064,U2OS-01_2_E04_s1_50,U2OS-01,2,E04,s1,SMC2,treated,U2OS,,train
2065,U2OS-01_2_E04_s1_52,U2OS-01,2,E04,s1,SMC2,treated,U2OS,,train
2066,U2OS-01_2_E04_s1_54,U2OS-01,2,E04,s1,SMC2,treated,U2OS,,train
2067,U2OS-01_2_E04_s1_55,U2OS-01,2,E04,s1,SMC2,treated,U2OS,,train
2068,U2OS-01_2_E04_s1_57,U2OS-01,2,E04,s1,SMC2,treated,U2OS,,train
2069,U2OS-01_2_E04_s1_59,U2OS-01,2,E04,s1,SMC2,treated,U2OS,,train
2070,U2OS-01_2_E04_s1_60,U2OS-01,2,E04,s1,SMC2,treated,U2OS,,train
2071,U2OS-01_2_E04_s1_64,U2OS-01,2,E04,s1,SMC2,treated,U2OS,,train
2072,U2OS-01_2_E04_s1_65,U2OS-01,2,E04,s1,SMC2,treated,U2OS,,train
2073,U2OS-01_2_E04_s2_5,U2OS-01,2,E04,s2,SMC2,treated,U2OS,,train
2074,U2OS-01_2_E08_s1_6,U2OS-01,2,E08,s1,SIVA1,treated,U2OS,,train
2075,U2OS-01_2_E08_s1_8,U2OS-01,2,E08,s1,SIVA1,treated,U2OS,,train
2076,U2OS-01_2_E08_s1_9,U2OS-01,2,E08,s1,SIVA1,treated,U2OS,,train
2077,U2OS-01_2_E08_s1_11,U2OS-01,2,E08,s1,SIVA1,treated,U2OS,,train
2078,U2OS-01_2_E08_s1_15,U2OS-01,2,E08,s1,SIVA1,treated,U2OS,,train
2079,U2OS-01_2_E08_s1_16,U2OS-01,2,E08,s1,SIVA1,treated,U2OS,,train
2080,U2OS-01_2_E08_s1_17,U2OS-01,2,E08,s1,SIVA1,treated,U2OS,,train
2081,U2OS-01_2_E08_s1_18,U2OS-01,2,E08,s1,SIVA1,treated,U2OS,,train
2082,U2OS-01_2_E08_s1_19,U2OS-01,2,E08,s1,SIVA1,treated,U2OS,,train
2083,U2OS-01_2_E08_s1_20,U2OS-01,2,E08,s1,SIVA1,treated,U2OS,,train
2084,U2OS-01_2_E08_s1_21,U2OS-01,2,E08,s1,SIVA1,treated,U2OS,,train
2085,U2OS-01_2_E08_s1_22,U2OS-01,2,E08,s1,SIVA1,treated,U2OS,,train
2086,U2OS-01_2_E08_s1_25,U2OS-01,2,E08,s1,SIVA1,treated,U2OS,,train
2087,U2OS-01_2_E08_s1_26,U2OS-01,2,E08,s1,SIVA1,treated,U2OS,,train
2088,U2OS-01_2_E08_s1_31,U2OS-01,2,E08,s1,SIVA1,treated,U2OS,,train
2089,U2OS-01_2_E08_s1_32,U2OS-01,2,E08,s1,SIVA1,treated,U2OS,,train
2090,U2OS-01_2_E08_s1_33,U2OS-01,2,E08,s1,SIVA1,treated,U2OS,,train
2091,U2OS-01_2_E08_s1_34,U2OS-01,2,E08,s1,SIVA1,treated,U2OS,,train
2092,U2OS-01_2_E08_s1_35,U2OS-01,2,E08,s1,SIVA1,treated,U2OS,,train
2093,U2OS-01_2_E08_s1_36,U2OS-01,2,E08,s1,SIVA1,treated,U2OS,,train
2094,U2OS-01_2_E08_s1_37,U2OS-01,2,E08,s1,SIVA1,treated,U2OS,,train
2095,U2OS-01_2_E08_s1_41,U2OS-01,2,E08,s1,SIVA1,treated,U2OS,,train
2096,U2OS-01_2_E08_s1_42,U2OS-01,2,E08,s1,SIVA1,treated,U2OS,,train
2097,U2OS-01_2_E08_s1_43,U2OS-01,2,E08,s1,SIVA1,treated,U2OS,,train
2098,U2OS-01_2_E08_s1_45,U2OS-01,2,E08,s1,SIVA1,treated,U2OS,,train
2099,U2OS-01_2_E08_s1_46,U2OS-01,2,E08,s1,SIVA1,treated,U2OS,,train
2100,U2OS-01_2_E08_s1_49,U2OS-01,2,E08,s1,SIVA1,treated,U2OS,,train
2101,U2OS-01_2_E08_s1_50,U2OS-01,2,E08,s1,SIVA1,treated,U2OS,,train
2102,U2OS-01_2_E08_s1_51,U2OS-01,2,E08,s1,SIVA1,treated,U2OS,,train
2103,U2OS-01_2_E08_s1_52,U2OS-01,2,E08,s1,SIVA1,treated,U2OS,,train
2104,U2OS-01_2_E08_s1_54,U2OS-01,2,E08,s1,SIVA1,treated,U2OS,,train
2105,U2OS-01_2_E08_s1_55,U2OS-01,2,E08,s1,SIVA1,treated,U2OS,,train
2106,U2OS-01_2_E08_s1_59,U2OS-01,2,E08,s1,SIVA1,treated,U2OS,,train
2107,U2OS-01_2_E08_s1_60,U2OS-01,2,E08,s1,SIVA1,treated,U2OS,,train
2108,U2OS-01_2_E08_s1_62,U2OS-01,2,E08,s1,SIVA1,treated,U2OS,,train
2109,U2OS-01_2_E08_s1_64,U2OS-01,2,E08,s1,SIVA1,treated,U2OS,,train
2110,U2OS-01_2_E08_s1_65,U2OS-01,2,E08,s1,SIVA1,treated,U2OS,,train
2111,U2OS-01_2_E08_s1_69,U2OS-01,2,E08,s1,SIVA1,treated,U2OS,,train
2112,U2OS-01_2_E08_s1_70,U2OS-01,2,E08,s1,SIVA1,treated,U2OS,,train
2113,U2OS-01_2_E08_s1_71,U2OS-01,2,E08,s1,SIVA1,treated,U2OS,,train
2114,U2OS-01_2_E12_s1_14,U2OS-01,2,E12,s1,YAP1,treated,U2OS,,train
2115,U2OS-01_2_E12_s1_15,U2OS-01,2,E12,s1,YAP1,treated,U2OS,,train
2116,U2OS-01_2_E12_s1_16,U2OS-01,2,E12,s1,YAP1,treated,U2OS,,train
2117,U2OS-01_2_E12_s1_18,U2OS-01,2,E12,s1,YAP1,treated,U2OS,,train
2118,U2OS-01_2_E12_s1_20,U2OS-01,2,E12,s1,YAP1,treated,U2OS,,train
2119,U2OS-01_2_E12_s1_21,U2OS-01,2,E12,s1,YAP1,treated,U2OS,,train
2120,U2OS-01_2_E12_s1_23,U2OS-01,2,E12,s1,YAP1,treated,U2OS,,train
2121,U2OS-01_2_E12_s1_24,U2OS-01,2,E12,s1,YAP1,treated,U2OS,,train
2122,U2OS-01_2_E12_s1_25,U2OS-01,2,E12,s1,YAP1,treated,U2OS,,train
2123,U2OS-01_2_E12_s1_26,U2OS-01,2,E12,s1,YAP1,treated,U2OS,,train
2124,U2OS-01_2_E12_s1_27,U2OS-01,2,E12,s1,YAP1,treated,U2OS,,train
2125,U2OS-01_2_E12_s1_28,U2OS-01,2,E12,s1,YAP1,treated,U2OS,,train
2126,U2OS-01_2_E12_s1_30,U2OS-01,2,E12,s1,YAP1,treated,U2OS,,train
2127,U2OS-01_2_E12_s1_31,U2OS-01,2,E12,s1,YAP1,treated,U2OS,,train
2128,U2OS-01_2_E12_s1_35,U2OS-01,2,E12,s1,YAP1,treated,U2OS,,train
2129,U2OS-01_2_E12_s1_36,U2OS-01,2,E12,s1,YAP1,treated,U2OS,,train
2130,U2OS-01_2_E12_s1_37,U2OS-01,2,E12,s1,YAP1,treated,U2OS,,train
2131,U2OS-01_2_E12_s1_38,U2OS-01,2,E12,s1,YAP1,treated,U2OS,,train
2132,U2OS-01_2_E12_s1_39,U2OS-01,2,E12,s1,YAP1,treated,U2OS,,train
2133,U2OS-01_2_E12_s1_40,U2OS-01,2,E12,s1,YAP1,treated,U2OS,,train
2134,U2OS-01_2_E12_s1_42,U2OS-01,2,E12,s1,YAP1,treated,U2OS,,train
2135,U2OS-01_2_E12_s1_45,U2OS-01,2,E12,s1,YAP1,treated,U2OS,,train
2136,U2OS-01_2_E12_s1_46,U2OS-01,2,E12,s1,YAP1,treated,U2OS,,train
2137,U2OS-01_2_E12_s1_47,U2OS-01,2,E12,s1,YAP1,treated,U2OS,,train
2138,U2OS-01_2_E12_s1_48,U2OS-01,2,E12,s1,YAP1,treated,U2OS,,train
2139,U2OS-01_2_E12_s1_49,U2OS-01,2,E12,s1,YAP1,treated,U2OS,,train
2140,U2OS-01_2_E12_s1_50,U2OS-01,2,E12,s1,YAP1,treated,U2OS,,train
2141,U2OS-01_2_E12_s1_51,U2OS-01,2,E12,s1,YAP1,treated,U2OS,,train
2142,U2OS-01_2_E12_s1_52,U2OS-01,2,E12,s1,YAP1,treated,U2OS,,train
2143,U2OS-01_2_E12_s1_53,U2OS-01,2,E12,s1,YAP1,treated,U2OS,,train
2144,U2OS-01_2_E12_s1_55,U2OS-01,2,E12,s1,YAP1,treated,U2OS,,train
2145,U2OS-01_2_E12_s1_57,U2OS-01,2,E12,s1,YAP1,treated,U2OS,,train
2146,U2OS-01_2_E12_s1_59,U2OS-01,2,E12,s1,YAP1,treated,U2OS,,train
2147,U2OS-01_2_E12_s1_60,U2OS-01,2,E12,s1,YAP1,treated,U2OS,,train
2148,U2OS-01_2_E12_s1_62,U2OS-01,2,E12,s1,YAP1,treated,U2OS,,train
2149,U2OS-01_2_E12_s1_66,U2OS-01,2,E12,s1,YAP1,treated,U2OS,,train
2150,U2OS-01_2_E12_s2_16,U2OS-01,2,E12,s2,YAP1,treated,U2OS,,train
2151,U2OS-01_2_E12_s2_20,U2OS-01,2,E12,s2,YAP1,treated,U2OS,,train
2152,U2OS-01_2_E12_s2_21,U2OS-01,2,E12,s2,YAP1,treated,U2OS,,train
2153,U2OS-01_2_E12_s2_22,U2OS-01,2,E12,s2,YAP1,treated,U2OS,,train
2154,U2OS-01_2_F14_s1_14,U2OS-01,2,F14,s1,RAMP2,treated,U2OS,,train
2155,U2OS-01_2_F14_s1_15,U2OS-01,2,F14,s1,RAMP2,treated,U2OS,,train
2156,U2OS-01_2_F14_s1_16,U2OS-01,2,F14,s1,RAMP2,treated,U2OS,,train
2157,U2OS-01_2_F14_s1_21,U2OS-01,2,F14,s1,RAMP2,treated,U2OS,,train
2158,U2OS-01_2_F14_s1_24,U2OS-01,2,F14,s1,RAMP2,treated,U2OS,,train
2159,U2OS-01_2_F14_s1_25,U2OS-01,2,F14,s1,RAMP2,treated,U2OS,,train
2160,U2OS-01_2_F14_s1_26,U2OS-01,2,F14,s1,RAMP2,treated,U2OS,,train
2161,U2OS-01_2_F14_s1_27,U2OS-01,2,F14,s1,RAMP2,treated,U2OS,,train
2162,U2OS-01_2_F14_s1_30,U2OS-01,2,F14,s1,RAMP2,treated,U2OS,,train
2163,U2OS-01_2_F14_s1_32,U2OS-01,2,F14,s1,RAMP2,treated,U2OS,,train
2164,U2OS-01_2_F14_s1_33,U2OS-01,2,F14,s1,RAMP2,treated,U2OS,,train
2165,U2OS-01_2_F14_s1_34,U2OS-01,2,F14,s1,RAMP2,treated,U2OS,,train
2166,U2OS-01_2_F14_s1_35,U2OS-01,2,F14,s1,RAMP2,treated,U2OS,,train
2167,U2OS-01_2_F14_s1_37,U2OS-01,2,F14,s1,RAMP2,treated,U2OS,,train
2168,U2OS-01_2_F14_s1_43,U2OS-01,2,F14,s1,RAMP2,treated,U2OS,,train
2169,U2OS-01_2_F14_s1_44,U2OS-01,2,F14,s1,RAMP2,treated,U2OS,,train
2170,U2OS-01_2_F14_s1_45,U2OS-01,2,F14,s1,RAMP2,treated,U2OS,,train
2171,U2OS-01_2_F14_s1_46,U2OS-01,2,F14,s1,RAMP2,treated,U2OS,,train
2172,U2OS-01_2_F14_s1_48,U2OS-01,2,F14,s1,RAMP2,treated,U2OS,,train
2173,U2OS-01_2_F14_s1_49,U2OS-01,2,F14,s1,RAMP2,treated,U2OS,,train
2174,U2OS-01_2_F14_s1_52,U2OS-01,2,F14,s1,RAMP2,treated,U2OS,,train
2175,U2OS-01_2_F14_s1_54,U2OS-01,2,F14,s1,RAMP2,treated,U2OS,,train
2176,U2OS-01_2_F14_s1_55,U2OS-01,2,F14,s1,RAMP2,treated,U2OS,,train
2177,U2OS-01_2_F14_s1_56,U2OS-01,2,F14,s1,RAMP2,treated,U2OS,,train
2178,U2OS-01_2_F14_s1_57,U2OS-01,2,F14,s1,RAMP2,treated,U2OS,,train
2179,U2OS-01_2_F14_s1_59,U2OS-01,2,F14,s1,RAMP2,treated,U2OS,,train
2180,U2OS-01_2_F14_s1_60,U2OS-01,2,F14,s1,RAMP2,treated,U2OS,,train
2181,U2OS-01_2_F14_s1_61,U2OS-01,2,F14,s1,RAMP2,treated,U2OS,,train
2182,U2OS-01_2_F14_s1_62,U2OS-01,2,F14,s1,RAMP2,treated,U2OS,,train
2183,U2OS-01_2_F14_s1_63,U2OS-01,2,F14,s1,RAMP2,treated,U2OS,,train
2184,U2OS-01_2_F14_s1_65,U2OS-01,2,F14,s1,RAMP2,treated,U2OS,,train
2185,U2OS-01_2_F14_s1_67,U2OS-01,2,F14,s1,RAMP2,treated,U2OS,,train
2186,U2OS-01_2_F14_s1_69,U2OS-01,2,F14,s1,RAMP2,treated,U2OS,,train
2187,U2OS-01_2_F14_s1_71,U2OS-01,2,F14,s1,RAMP2,treated,U2OS,,train
2188,U2OS-01_2_F14_s1_72,U2OS-01,2,F14,s1,RAMP2,treated,U2OS,,train
2189,U2OS-01_2_F14_s1_75,U2OS-01,2,F14,s1,RAMP2,treated,U2OS,,train
2190,U2OS-01_2_F14_s1_76,U2OS-01,2,F14,s1,RAMP2,treated,U2OS,,train
2191,U2OS-01_2_F14_s1_79,U2OS-01,2,F14,s1,RAMP2,treated,U2OS,,train
2192,U2OS-01_2_F14_s1_84,U2OS-01,2,F14,s1,RAMP2,treated,U2OS,,train
2193,U2OS-01_2_F14_s1_85,U2OS-01,2,F14,s1,RAMP2,treated,U2OS,,train
2194,U2OS-01_2_G12_s1_9,U2OS-01,2,G12,s1,ARID3B,treated,U2OS,,train
2195,U2OS-01_2_G12_s1_14,U2OS-01,2,G12,s1,ARID3B,treated,U2OS,,train
2196,U2OS-01_2_G12_s1_16,U2OS-01,2,G12,s1,ARID3B,treated,U2OS,,train
2197,U2OS-01_2_G12_s1_18,U2OS-01,2,G12,s1,ARID3B,treated,U2OS,,train
2198,U2OS-01_2_G12_s1_20,U2OS-01,2,G12,s1,ARID3B,treated,U2OS,,train
2199,U2OS-01_2_G12_s1_22,U2OS-01,2,G12,s1,ARID3B,treated,U2OS,,train
2200,U2OS-01_2_G12_s1_23,U2OS-01,2,G12,s1,ARID3B,treated,U2OS,,train
2201,U2OS-01_2_G12_s1_24,U2OS-01,2,G12,s1,ARID3B,treated,U2OS,,train
2202,U2OS-01_2_G12_s1_26,U2OS-01,2,G12,s1,ARID3B,treated,U2OS,,train
2203,U2OS-01_2_G12_s1_27,U2OS-01,2,G12,s1,ARID3B,treated,U2OS,,train
2204,U2OS-01_2_G12_s1_28,U2OS-01,2,G12,s1,ARID3B,treated,U2OS,,train
2205,U2OS-01_2_G12_s1_30,U2OS-01,2,G12,s1,ARID3B,treated,U2OS,,train
2206,U2OS-01_2_G12_s1_31,U2OS-01,2,G12,s1,ARID3B,treated,U2OS,,train
2207,U2OS-01_2_G12_s1_32,U2OS-01,2,G12,s1,ARID3B,treated,U2OS,,train
2208,U2OS-01_2_G12_s1_38,U2OS-01,2,G12,s1,ARID3B,treated,U2OS,,train
2209,U2OS-01_2_G12_s1_39,U2OS-01,2,G12,s1,ARID3B,treated,U2OS,,train
2210,U2OS-01_2_G12_s1_41,U2OS-01,2,G12,s1,ARID3B,treated,U2OS,,train
2211,U2OS-01_2_G12_s1_42,U2OS-01,2,G12,s1,ARID3B,treated,U2OS,,train
2212,U2OS-01_2_G12_s1_43,U2OS-01,2,G12,s1,ARID3B,treated,U2OS,,train
2213,U2OS-01_2_G12_s1_46,U2OS-01,2,G12,s1,ARID3B,treated,U2OS,,train
2214,U2OS-01_2_G12_s1_47,U2OS-01,2,G12,s1,ARID3B,treated,U2OS,,train
2215,U2OS-01_2_G12_s1_49,U2OS-01,2,G12,s1,ARID3B,treated,U2OS,,train
2216,U2OS-01_2_G12_s1_50,U2OS-01,2,G12,s1,ARID3B,treated,U2OS,,train
2217,U2OS-01_2_G12_s1_52,U2OS-01,2,G12,s1,ARID3B,treated,U2OS,,train
2218,U2OS-01_2_G12_s1_53,U2OS-01,2,G12,s1,ARID3B,treated,U2OS,,train
2219,U2OS-01_2_G12_s1_55,U2OS-01,2,G12,s1,ARID3B,treated,U2OS,,train
2220,U2OS-01_2_G12_s1_56,U2OS-01,2,G12,s1,ARID3B,treated,U2OS,,train
2221,U2OS-01_2_G12_s1_58,U2OS-01,2,G12,s1,ARID3B,treated,U2OS,,train
2222,U2OS-01_2_G12_s1_59,U2OS-01,2,G12,s1,ARID3B,treated,U2OS,,train
2223,U2OS-01_2_G12_s1_60,U2OS-01,2,G12,s1,ARID3B,treated,U2OS,,train
2224,U2OS-01_2_G12_s1_62,U2OS-01,2,G12,s1,ARID3B,treated,U2OS,,train
2225,U2OS-01_2_G12_s1_63,U2OS-01,2,G12,s1,ARID3B,treated,U2OS,,train
2226,U2OS-01_2_G12_s1_65,U2OS-01,2,G12,s1,ARID3B,treated,U2OS,,train
2227,U2OS-01_2_G12_s1_67,U2OS-01,2,G12,s1,ARID3B,treated,U2OS,,train
2228,U2OS-01_2_G12_s1_68,U2OS-01,2,G12,s1,ARID3B,treated,U2OS,,train
2229,U2OS-01_2_G12_s1_71,U2OS-01,2,G12,s1,ARID3B,treated,U2OS,,train
2230,U2OS-01_2_G12_s1_72,U2OS-01,2,G12,s1,ARID3B,treated,U2OS,,train
2231,U2OS-01_2_G12_s1_74,U2OS-01,2,G12,s1,ARID3B,treated,U2OS,,train
2232,U2OS-01_2_G12_s1_75,U2OS-01,2,G12,s1,ARID3B,treated,U2OS,,train
2233,U2OS-01_2_G12_s1_76,U2OS-01,2,G12,s1,ARID3B,treated,U2OS,,train
2234,U2OS-01_2_G16_s1_10,U2OS-01,2,G16,s1,ABCC4,treated,U2OS,,train
2235,U2OS-01_2_G16_s1_11,U2OS-01,2,G16,s1,ABCC4,treated,U2OS,,train
2236,U2OS-01_2_G16_s1_12,U2OS-01,2,G16,s1,ABCC4,treated,U2OS,,train
2237,U2OS-01_2_G16_s1_14,U2OS-01,2,G16,s1,ABCC4,treated,U2OS,,train
2238,U2OS-01_2_G16_s1_17,U2OS-01,2,G16,s1,ABCC4,treated,U2OS,,train
2239,U2OS-01_2_G16_s1_19,U2OS-01,2,G16,s1,ABCC4,treated,U2OS,,train
2240,U2OS-01_2_G16_s1_21,U2OS-01,2,G16,s1,ABCC4,treated,U2OS,,train
2241,U2OS-01_2_G16_s1_22,U2OS-01,2,G16,s1,ABCC4,treated,U2OS,,train
2242,U2OS-01_2_G16_s1_23,U2OS-01,2,G16,s1,ABCC4,treated,U2OS,,train
2243,U2OS-01_2_G16_s1_24,U2OS-01,2,G16,s1,ABCC4,treated,U2OS,,train
2244,U2OS-01_2_G16_s1_26,U2OS-01,2,G16,s1,ABCC4,treated,U2OS,,train
2245,U2OS-01_2_G16_s1_27,U2OS-01,2,G16,s1,ABCC4,treated,U2OS,,train
2246,U2OS-01_2_G16_s1_28,U2OS-01,2,G16,s1,ABCC4,treated,U2OS,,train
2247,U2OS-01_2_G16_s1_29,U2OS-01,2,G16,s1,ABCC4,treated,U2OS,,train
2248,U2OS-01_2_G16_s1_33,U2OS-01,2,G16,s1,ABCC4,treated,U2OS,,train
2249,U2OS-01_2_G16_s1_35,U2OS-01,2,G16,s1,ABCC4,treated,U2OS,,train
2250,U2OS-01_2_G16_s1_36,U2OS-01,2,G16,s1,ABCC4,treated,U2OS,,train
2251,U2OS-01_2_G16_s1_38,U2OS-01,2,G16,s1,ABCC4,treated,U2OS,,train
2252,U2OS-01_2_G16_s1_39,U2OS-01,2,G16,s1,ABCC4,treated,U2OS,,train
2253,U2OS-01_2_G16_s1_40,U2OS-01,2,G16,s1,ABCC4,treated,U2OS,,train
2254,U2OS-01_2_G16_s1_42,U2OS-01,2,G16,s1,ABCC4,treated,U2OS,,train
2255,U2OS-01_2_G16_s1_45,U2OS-01,2,G16,s1,ABCC4,treated,U2OS,,train
2256,U2OS-01_2_G16_s1_47,U2OS-01,2,G16,s1,ABCC4,treated,U2OS,,train
2257,U2OS-01_2_G16_s1_48,U2OS-01,2,G16,s1,ABCC4,treated,U2OS,,train
2258,U2OS-01_2_G16_s1_50,U2OS-01,2,G16,s1,ABCC4,treated,U2OS,,train
2259,U2OS-01_2_G16_s1_51,U2OS-01,2,G16,s1,ABCC4,treated,U2OS,,train
2260,U2OS-01_2_G16_s1_52,U2OS-01,2,G16,s1,ABCC4,treated,U2OS,,train
2261,U2OS-01_2_G16_s1_54,U2OS-01,2,G16,s1,ABCC4,treated,U2OS,,train
2262,U2OS-01_2_G16_s1_55,U2OS-01,2,G16,s1,ABCC4,treated,U2OS,,train
2263,U2OS-01_2_G16_s1_57,U2OS-01,2,G16,s1,ABCC4,treated,U2OS,,train
2264,U2OS-01_2_G16_s1_59,U2OS-01,2,G16,s1,ABCC4,treated,U2OS,,train
2265,U2OS-01_2_G16_s1_60,U2OS-01,2,G16,s1,ABCC4,treated,U2OS,,train
2266,U2OS-01_2_G16_s1_63,U2OS-01,2,G16,s1,ABCC4,treated,U2OS,,train
2267,U2OS-01_2_G16_s1_64,U2OS-01,2,G16,s1,ABCC4,treated,U2OS,,train
2268,U2OS-01_2_G16_s1_65,U2OS-01,2,G16,s1,ABCC4,treated,U2OS,,train
2269,U2OS-01_2_G16_s1_68,U2OS-01,2,G16,s1,ABCC4,treated,U2OS,,train
2270,U2OS-01_2_G16_s1_69,U2OS-01,2,G16,s1,ABCC4,treated,U2OS,,train
2271,U2OS-01_2_G16_s1_73,U2OS-01,2,G16,s1,ABCC4,treated,U2OS,,train
2272,U2OS-01_2_G16_s1_75,U2OS-01,2,G16,s1,ABCC4,treated,U2OS,,train
2273,U2OS-01_2_G16_s1_77,U2OS-01,2,G16,s1,ABCC4,treated,U2OS,,train
2274,U2OS-01_2_G20_s1_9,U2OS-01,2,G20,s1,ECI2,treated,U2OS,,train
2275,U2OS-01_2_G20_s1_10,U2OS-01,2,G20,s1,ECI2,treated,U2OS,,train
2276,U2OS-01_2_G20_s1_12,U2OS-01,2,G20,s1,ECI2,treated,U2OS,,train
2277,U2OS-01_2_G20_s1_14,U2OS-01,2,G20,s1,ECI2,treated,U2OS,,train
2278,U2OS-01_2_G20_s1_17,U2OS-01,2,G20,s1,ECI2,treated,U2OS,,train
2279,U2OS-01_2_G20_s1_19,U2OS-01,2,G20,s1,ECI2,treated,U2OS,,train
2280,U2OS-01_2_G20_s1_20,U2OS-01,2,G20,s1,ECI2,treated,U2OS,,train
2281,U2OS-01_2_G20_s1_22,U2OS-01,2,G20,s1,ECI2,treated,U2OS,,train
2282,U2OS-01_2_G20_s1_23,U2OS-01,2,G20,s1,ECI2,treated,U2OS,,train
2283,U2OS-01_2_G20_s1_24,U2OS-01,2,G20,s1,ECI2,treated,U2OS,,train
2284,U2OS-01_2_G20_s1_25,U2OS-01,2,G20,s1,ECI2,treated,U2OS,,train
2285,U2OS-01_2_G20_s1_26,U2OS-01,2,G20,s1,ECI2,treated,U2OS,,train
2286,U2OS-01_2_G20_s1_27,U2OS-01,2,G20,s1,ECI2,treated,U2OS,,train
2287,U2OS-01_2_G20_s1_28,U2OS-01,2,G20,s1,ECI2,treated,U2OS,,train
2288,U2OS-01_2_G20_s1_33,U2OS-01,2,G20,s1,ECI2,treated,U2OS,,train
2289,U2OS-01_2_G20_s1_34,U2OS-01,2,G20,s1,ECI2,treated,U2OS,,train
2290,U2OS-01_2_G20_s1_36,U2OS-01,2,G20,s1,ECI2,treated,U2OS,,train
2291,U2OS-01_2_G20_s1_37,U2OS-01,2,G20,s1,ECI2,treated,U2OS,,train
2292,U2OS-01_2_G20_s1_38,U2OS-01,2,G20,s1,ECI2,treated,U2OS,,train
2293,U2OS-01_2_G20_s1_39,U2OS-01,2,G20,s1,ECI2,treated,U2OS,,train
2294,U2OS-01_2_G20_s1_40,U2OS-01,2,G20,s1,ECI2,treated,U2OS,,train
2295,U2OS-01_2_G20_s1_42,U2OS-01,2,G20,s1,ECI2,treated,U2OS,,train
2296,U2OS-01_2_G20_s1_43,U2OS-01,2,G20,s1,ECI2,treated,U2OS,,train
2297,U2OS-01_2_G20_s1_44,U2OS-01,2,G20,s1,ECI2,treated,U2OS,,train
2298,U2OS-01_2_G20_s1_45,U2OS-01,2,G20,s1,ECI2,treated,U2OS,,train
2299,U2OS-01_2_G20_s1_46,U2OS-01,2,G20,s1,ECI2,treated,U2OS,,train
2300,U2OS-01_2_G20_s1_47,U2OS-01,2,G20,s1,ECI2,treated,U2OS,,train
2301,U2OS-01_2_G20_s1_48,U2OS-01,2,G20,s1,ECI2,treated,U2OS,,train
2302,U2OS-01_2_G20_s1_49,U2OS-01,2,G20,s1,ECI2,treated,U2OS,,train
2303,U2OS-01_2_G20_s1_50,U2OS-01,2,G20,s1,ECI2,treated,U2OS,,train
2304,U2OS-01_2_G20_s1_52,U2OS-01,2,G20,s1,ECI2,treated,U2OS,,train
2305,U2OS-01_2_G20_s1_54,U2OS-01,2,G20,s1,ECI2,treated,U2OS,,train
2306,U2OS-01_2_G20_s1_57,U2OS-01,2,G20,s1,ECI2,treated,U2OS,,train
2307,U2OS-01_2_G20_s2_7,U2OS-01,2,G20,s2,ECI2,treated,U2OS,,train
2308,U2OS-01_2_G20_s2_8,U2OS-01,2,G20,s2,ECI2,treated,U2OS,,train
2309,U2OS-01_2_G20_s2_10,U2OS-01,2,G20,s2,ECI2,treated,U2OS,,train
2310,U2OS-01_2_G20_s2_11,U2OS-01,2,G20,s2,ECI2,treated,U2OS,,train
2311,U2OS-01_2_G20_s2_14,U2OS-01,2,G20,s2,ECI2,treated,U2OS,,train
2312,U2OS-01_2_G20_s2_16,U2OS-01,2,G20,s2,ECI2,treated,U2OS,,train
2313,U2OS-01_2_G20_s2_17,U2OS-01,2,G20,s2,ECI2,treated,U2OS,,train
2314,U2OS-01_2_G21_s1_4,U2OS-01,2,G21,s1,KDELR3,treated,U2OS,,train
2315,U2OS-01_2_G21_s1_7,U2OS-01,2,G21,s1,KDELR3,treated,U2OS,,train
2316,U2OS-01_2_G21_s1_9,U2OS-01,2,G21,s1,KDELR3,treated,U2OS,,train
2317,U2OS-01_2_G21_s1_11,U2OS-01,2,G21,s1,KDELR3,treated,U2OS,,train
2318,U2OS-01_2_G21_s1_13,U2OS-01,2,G21,s1,KDELR3,treated,U2OS,,train
2319,U2OS-01_2_G21_s1_14,U2OS-01,2,G21,s1,KDELR3,treated,U2OS,,train
2320,U2OS-01_2_G21_s1_17,U2OS-01,2,G21,s1,KDELR3,treated,U2OS,,train
2321,U2OS-01_2_G21_s1_18,U2OS-01,2,G21,s1,KDELR3,treated,U2OS,,train
2322,U2OS-01_2_G21_s1_22,U2OS-01,2,G21,s1,KDELR3,treated,U2OS,,train
2323,U2OS-01_2_G21_s1_24,U2OS-01,2,G21,s1,KDELR3,treated,U2OS,,train
2324,U2OS-01_2_G21_s1_26,U2OS-01,2,G21,s1,KDELR3,treated,U2OS,,train
2325,U2OS-01_2_G21_s1_28,U2OS-01,2,G21,s1,KDELR3,treated,U2OS,,train
2326,U2OS-01_2_G21_s1_29,U2OS-01,2,G21,s1,KDELR3,treated,U2OS,,train
2327,U2OS-01_2_G21_s1_30,U2OS-01,2,G21,s1,KDELR3,treated,U2OS,,train
2328,U2OS-01_2_G21_s1_31,U2OS-01,2,G21,s1,KDELR3,treated,U2OS,,train
2329,U2OS-01_2_G21_s1_32,U2OS-01,2,G21,s1,KDELR3,treated,U2OS,,train
2330,U2OS-01_2_G21_s1_33,U2OS-01,2,G21,s1,KDELR3,treated,U2OS,,train
2331,U2OS-01_2_G21_s1_35,U2OS-01,2,G21,s1,KDELR3,treated,U2OS,,train
2332,U2OS-01_2_G21_s2_6,U2OS-01,2,G21,s2,KDELR3,treated,U2OS,,train
2333,U2OS-01_2_G21_s2_8,U2OS-01,2,G21,s2,KDELR3,treated,U2OS,,train
2334,U2OS-01_2_G21_s2_9,U2OS-01,2,G21,s2,KDELR3,treated,U2OS,,train
2335,U2OS-01_2_G21_s2_10,U2OS-01,2,G21,s2,KDELR3,treated,U2OS,,train
2336,U2OS-01_2_G21_s2_11,U2OS-01,2,G21,s2,KDELR3,treated,U2OS,,train
2337,U2OS-01_2_G21_s2_12,U2OS-01,2,G21,s2,KDELR3,treated,U2OS,,train
2338,U2OS-01_2_G21_s2_13,U2OS-01,2,G21,s2,KDELR3,treated,U2OS,,train
2339,U2OS-01_2_G21_s2_14,U2OS-01,2,G21,s2,KDELR3,treated,U2OS,,train
2340,U2OS-01_2_G21_s2_16,U2OS-01,2,G21,s2,KDELR3,treated,U2OS,,train
2341,U2OS-01_2_G21_s2_17,U2OS-01,2,G21,s2,KDELR3,treated,U2OS,,train
2342,U2OS-01_2_H12_s1_7,U2OS-01,2,H12,s1,EFS,treated,U2OS,,train
2343,U2OS-01_2_H12_s1_10,U2OS-01,2,H12,s1,EFS,treated,U2OS,,train
2344,U2OS-01_2_H12_s1_11,U2OS-01,2,H12,s1,EFS,treated,U2OS,,train
2345,U2OS-01_2_H12_s1_13,U2OS-01,2,H12,s1,EFS,treated,U2OS,,train
2346,U2OS-01_2_H12_s1_15,U2OS-01,2,H12,s1,EFS,treated,U2OS,,train
2347,U2OS-01_2_H12_s1_16,U2OS-01,2,H12,s1,EFS,treated,U2OS,,train
2348,U2OS-01_2_H12_s1_18,U2OS-01,2,H12,s1,EFS,treated,U2OS,,train
2349,U2OS-01_2_H12_s1_19,U2OS-01,2,H12,s1,EFS,treated,U2OS,,train
2350,U2OS-01_2_H12_s1_20,U2OS-01,2,H12,s1,EFS,treated,U2OS,,train
2351,U2OS-01_2_H12_s1_21,U2OS-01,2,H12,s1,EFS,treated,U2OS,,train
2352,U2OS-01_2_H12_s1_22,U2OS-01,2,H12,s1,EFS,treated,U2OS,,train
2353,U2OS-01_2_H12_s1_24,U2OS-01,2,H12,s1,EFS,treated,U2OS,,train
2354,U2OS-01_2_H12_s1_25,U2OS-01,2,H12,s1,EFS,treated,U2OS,,train
2355,U2OS-01_2_H12_s1_27,U2OS-01,2,H12,s1,EFS,treated,U2OS,,train
2356,U2OS-01_2_H12_s1_33,U2OS-01,2,H12,s1,EFS,treated,U2OS,,train
2357,U2OS-01_2_H12_s1_34,U2OS-01,2,H12,s1,EFS,treated,U2OS,,train
2358,U2OS-01_2_H12_s1_35,U2OS-01,2,H12,s1,EFS,treated,U2OS,,train
2359,U2OS-01_2_H12_s1_36,U2OS-01,2,H12,s1,EFS,treated,U2OS,,train
2360,U2OS-01_2_H12_s1_38,U2OS-01,2,H12,s1,EFS,treated,U2OS,,train
2361,U2OS-01_2_H12_s1_39,U2OS-01,2,H12,s1,EFS,treated,U2OS,,train
2362,U2OS-01_2_H12_s1_41,U2OS-01,2,H12,s1,EFS,treated,U2OS,,train
2363,U2OS-01_2_H12_s1_43,U2OS-01,2,H12,s1,EFS,treated,U2OS,,train
2364,U2OS-01_2_H12_s1_44,U2OS-01,2,H12,s1,EFS,treated,U2OS,,train
2365,U2OS-01_2_H12_s1_45,U2OS-01,2,H12,s1,EFS,treated,U2OS,,train
2366,U2OS-01_2_H12_s1_48,U2OS-01,2,H12,s1,EFS,treated,U2OS,,train
2367,U2OS-01_2_H12_s1_49,U2OS-01,2,H12,s1,EFS,treated,U2OS,,train
2368,U2OS-01_2_H12_s1_50,U2OS-01,2,H12,s1,EFS,treated,U2OS,,train
2369,U2OS-01_2_H12_s1_51,U2OS-01,2,H12,s1,EFS,treated,U2OS,,train
2370,U2OS-01_2_H12_s1_52,U2OS-01,2,H12,s1,EFS,treated,U2OS,,train
2371,U2OS-01_2_H12_s1_53,U2OS-01,2,H12,s1,EFS,treated,U2OS,,train
2372,U2OS-01_2_H12_s1_55,U2OS-01,2,H12,s1,EFS,treated,U2OS,,train
2373,U2OS-01_2_H12_s1_56,U2OS-01,2,H12,s1,EFS,treated,U2OS,,train
2374,U2OS-01_2_H12_s1_58,U2OS-01,2,H12,s1,EFS,treated,U2OS,,train
2375,U2OS-01_2_H12_s1_59,U2OS-01,2,H12,s1,EFS,treated,U2OS,,train
2376,U2OS-01_2_H12_s1_60,U2OS-01,2,H12,s1,EFS,treated,U2OS,,train
2377,U2OS-01_2_H12_s1_64,U2OS-01,2,H12,s1,EFS,treated,U2OS,,train
2378,U2OS-01_2_H12_s1_65,U2OS-01,2,H12,s1,EFS,treated,U2OS,,train
2379,U2OS-01_2_H12_s1_67,U2OS-01,2,H12,s1,EFS,treated,U2OS,,train
2380,U2OS-01_2_H12_s1_68,U2OS-01,2,H12,s1,EFS,treated,U2OS,,train
2381,U2OS-01_2_H12_s1_69,U2OS-01,2,H12,s1,EFS,treated,U2OS,,train
2382,U2OS-01_2_H18_s1_6,U2OS-01,2,H18,s1,STAM2,treated,U2OS,,train
2383,U2OS-01_2_H18_s1_7,U2OS-01,2,H18,s1,STAM2,treated,U2OS,,train
2384,U2OS-01_2_H18_s1_8,U2OS-01,2,H18,s1,STAM2,treated,U2OS,,train
2385,U2OS-01_2_H18_s1_12,U2OS-01,2,H18,s1,STAM2,treated,U2OS,,train
2386,U2OS-01_2_H18_s1_14,U2OS-01,2,H18,s1,STAM2,treated,U2OS,,train
2387,U2OS-01_2_H18_s1_16,U2OS-01,2,H18,s1,STAM2,treated,U2OS,,train
2388,U2OS-01_2_H18_s1_17,U2OS-01,2,H18,s1,STAM2,treated,U2OS,,train
2389,U2OS-01_2_H18_s1_18,U2OS-01,2,H18,s1,STAM2,treated,U2OS,,train
2390,U2OS-01_2_H18_s1_19,U2OS-01,2,H18,s1,STAM2,treated,U2OS,,train
2391,U2OS-01_2_H18_s1_20,U2OS-01,2,H18,s1,STAM2,treated,U2OS,,train
2392,U2OS-01_2_H18_s1_23,U2OS-01,2,H18,s1,STAM2,treated,U2OS,,train
2393,U2OS-01_2_H18_s1_24,U2OS-01,2,H18,s1,STAM2,treated,U2OS,,train
2394,U2OS-01_2_H18_s1_25,U2OS-01,2,H18,s1,STAM2,treated,U2OS,,train
2395,U2OS-01_2_H18_s1_26,U2OS-01,2,H18,s1,STAM2,treated,U2OS,,train
2396,U2OS-01_2_H18_s1_31,U2OS-01,2,H18,s1,STAM2,treated,U2OS,,train
2397,U2OS-01_2_H18_s1_32,U2OS-01,2,H18,s1,STAM2,treated,U2OS,,train
2398,U2OS-01_2_H18_s1_33,U2OS-01,2,H18,s1,STAM2,treated,U2OS,,train
2399,U2OS-01_2_H18_s1_35,U2OS-01,2,H18,s1,STAM2,treated,U2OS,,train
2400,U2OS-01_2_H18_s1_36,U2OS-01,2,H18,s1,STAM2,treated,U2OS,,train
2401,U2OS-01_2_H18_s1_37,U2OS-01,2,H18,s1,STAM2,treated,U2OS,,train
2402,U2OS-01_2_H18_s1_38,U2OS-01,2,H18,s1,STAM2,treated,U2OS,,train
2403,U2OS-01_2_H18_s1_40,U2OS-01,2,H18,s1,STAM2,treated,U2OS,,train
2404,U2OS-01_2_H18_s1_41,U2OS-01,2,H18,s1,STAM2,treated,U2OS,,train
2405,U2OS-01_2_H18_s1_42,U2OS-01,2,H18,s1,STAM2,treated,U2OS,,train
2406,U2OS-01_2_H18_s1_43,U2OS-01,2,H18,s1,STAM2,treated,U2OS,,train
2407,U2OS-01_2_H18_s1_45,U2OS-01,2,H18,s1,STAM2,treated,U2OS,,train
2408,U2OS-01_2_H18_s1_46,U2OS-01,2,H18,s1,STAM2,treated,U2OS,,train
2409,U2OS-01_2_H18_s1_47,U2OS-01,2,H18,s1,STAM2,treated,U2OS,,train
2410,U2OS-01_2_H18_s1_48,U2OS-01,2,H18,s1,STAM2,treated,U2OS,,train
2411,U2OS-01_2_H18_s1_50,U2OS-01,2,H18,s1,STAM2,treated,U2OS,,train
2412,U2OS-01_2_H18_s1_52,U2OS-01,2,H18,s1,STAM2,treated,U2OS,,train
2413,U2OS-01_2_H18_s1_53,U2OS-01,2,H18,s1,STAM2,treated,U2OS,,train
2414,U2OS-01_2_H18_s1_55,U2OS-01,2,H18,s1,STAM2,treated,U2OS,,train
2415,U2OS-01_2_H18_s1_56,U2OS-01,2,H18,s1,STAM2,treated,U2OS,,train
2416,U2OS-01_2_H18_s1_57,U2OS-01,2,H18,s1,STAM2,treated,U2OS,,train
2417,U2OS-01_2_H18_s2_11,U2OS-01,2,H18,s2,STAM2,treated,U2OS,,train
2418,U2OS-01_2_H18_s2_12,U2OS-01,2,H18,s2,STAM2,treated,U2OS,,train
2419,U2OS-01_2_H18_s2_14,U2OS-01,2,H18,s2,STAM2,treated,U2OS,,train
2420,U2OS-01_2_H18_s2_16,U2OS-01,2,H18,s2,STAM2,treated,U2OS,,train
2421,U2OS-01_2_H18_s2_17,U2OS-01,2,H18,s2,STAM2,treated,U2OS,,train
2422,U2OS-01_2_I14_s1_16,U2OS-01,2,I14,s1,SEMA4F,treated,U2OS,,train
2423,U2OS-01_2_I14_s1_17,U2OS-01,2,I14,s1,SEMA4F,treated,U2OS,,train
2424,U2OS-01_2_I14_s1_19,U2OS-01,2,I14,s1,SEMA4F,treated,U2OS,,train
2425,U2OS-01_2_I14_s1_22,U2OS-01,2,I14,s1,SEMA4F,treated,U2OS,,train
2426,U2OS-01_2_I14_s1_24,U2OS-01,2,I14,s1,SEMA4F,treated,U2OS,,train
2427,U2OS-01_2_I14_s1_25,U2OS-01,2,I14,s1,SEMA4F,treated,U2OS,,train
2428,U2OS-01_2_I14_s1_27,U2OS-01,2,I14,s1,SEMA4F,treated,U2OS,,train
2429,U2OS-01_2_I14_s1_28,U2OS-01,2,I14,s1,SEMA4F,treated,U2OS,,train
2430,U2OS-01_2_I14_s1_29,U2OS-01,2,I14,s1,SEMA4F,treated,U2OS,,train
2431,U2OS-01_2_I14_s1_30,U2OS-01,2,I14,s1,SEMA4F,treated,U2OS,,train
2432,U2OS-01_2_I14_s1_31,U2OS-01,2,I14,s1,SEMA4F,treated,U2OS,,train
2433,U2OS-01_2_I14_s1_32,U2OS-01,2,I14,s1,SEMA4F,treated,U2OS,,train
2434,U2OS-01_2_I14_s1_34,U2OS-01,2,I14,s1,SEMA4F,treated,U2OS,,train
2435,U2OS-01_2_I14_s1_35,U2OS-01,2,I14,s1,SEMA4F,treated,U2OS,,train
2436,U2OS-01_2_I14_s1_41,U2OS-01,2,I14,s1,SEMA4F,treated,U2OS,,train
2437,U2OS-01_2_I14_s1_42,U2OS-01,2,I14,s1,SEMA4F,treated,U2OS,,train
2438,U2OS-01_2_I14_s1_43,U2OS-01,2,I14,s1,SEMA4F,treated,U2OS,,train
2439,U2OS-01_2_I14_s1_44,U2OS-01,2,I14,s1,SEMA4F,treated,U2OS,,train
2440,U2OS-01_2_I14_s1_45,U2OS-01,2,I14,s1,SEMA4F,treated,U2OS,,train
2441,U2OS-01_2_I14_s1_46,U2OS-01,2,I14,s1,SEMA4F,treated,U2OS,,train
2442,U2OS-01_2_I14_s1_47,U2OS-01,2,I14,s1,SEMA4F,treated,U2OS,,train
2443,U2OS-01_2_I14_s1_49,U2OS-01,2,I14,s1,SEMA4F,treated,U2OS,,train
2444,U2OS-01_2_I14_s1_51,U2OS-01,2,I14,s1,SEMA4F,treated,U2OS,,train
2445,U2OS-01_2_I14_s1_52,U2OS-01,2,I14,s1,SEMA4F,treated,U2OS,,train
2446,U2OS-01_2_I14_s1_53,U2OS-01,2,I14,s1,SEMA4F,treated,U2OS,,train
2447,U2OS-01_2_I14_s1_54,U2OS-01,2,I14,s1,SEMA4F,treated,U2OS,,train
2448,U2OS-01_2_I14_s1_56,U2OS-01,2,I14,s1,SEMA4F,treated,U2OS,,train
2449,U2OS-01_2_I14_s1_57,U2OS-01,2,I14,s1,SEMA4F,treated,U2OS,,train
2450,U2OS-01_2_I14_s1_58,U2OS-01,2,I14,s1,SEMA4F,treated,U2OS,,train
2451,U2OS-01_2_I14_s1_59,U2OS-01,2,I14,s1,SEMA4F,treated,U2OS,,train
2452,U2OS-01_2_I14_s1_63,U2OS-01,2,I14,s1,SEMA4F,treated,U2OS,,train
2453,U2OS-01_2_I14_s1_64,U2OS-01,2,I14,s1,SEMA4F,treated,U2OS,,train
2454,U2OS-01_2_I14_s1_66,U2OS-01,2,I14,s1,SEMA4F,treated,U2OS,,train
2455,U2OS-01_2_I14_s1_68,U2OS-01,2,I14,s1,SEMA4F,treated,U2OS,,train
2456,U2OS-01_2_I14_s1_70,U2OS-01,2,I14,s1,SEMA4F,treated,U2OS,,train
2457,U2OS-01_2_I14_s1_72,U2OS-01,2,I14,s1,SEMA4F,treated,U2OS,,train
2458,U2OS-01_2_I14_s1_73,U2OS-01,2,I14,s1,SEMA4F,treated,U2OS,,train
2459,U2OS-01_2_I14_s1_75,U2OS-01,2,I14,s1,SEMA4F,treated,U2OS,,train
2460,U2OS-01_2_I14_s1_76,U2OS-01,2,I14,s1,SEMA4F,treated,U2OS,,train
2461,U2OS-01_2_I14_s1_78,U2OS-01,2,I14,s1,SEMA4F,treated,U2OS,,train
2462,U2OS-01_2_K06_s1_18,U2OS-01,2,K06,s1,ARL6IP5,treated,U2OS,,train
2463,U2OS-01_2_K06_s1_19,U2OS-01,2,K06,s1,ARL6IP5,treated,U2OS,,train
2464,U2OS-01_2_K06_s1_20,U2OS-01,2,K06,s1,ARL6IP5,treated,U2OS,,train
2465,U2OS-01_2_K06_s1_22,U2OS-01,2,K06,s1,ARL6IP5,treated,U2OS,,train
2466,U2OS-01_2_K06_s1_25,U2OS-01,2,K06,s1,ARL6IP5,treated,U2OS,,train
2467,U2OS-01_2_K06_s1_26,U2OS-01,2,K06,s1,ARL6IP5,treated,U2OS,,train
2468,U2OS-01_2_K06_s1_27,U2OS-01,2,K06,s1,ARL6IP5,treated,U2OS,,train
2469,U2OS-01_2_K06_s1_28,U2OS-01,2,K06,s1,ARL6IP5,treated,U2OS,,train
2470,U2OS-01_2_K06_s1_29,U2OS-01,2,K06,s1,ARL6IP5,treated,U2OS,,train
2471,U2OS-01_2_K06_s1_31,U2OS-01,2,K06,s1,ARL6IP5,treated,U2OS,,train
2472,U2OS-01_2_K06_s1_32,U2OS-01,2,K06,s1,ARL6IP5,treated,U2OS,,train
2473,U2OS-01_2_K06_s1_33,U2OS-01,2,K06,s1,ARL6IP5,treated,U2OS,,train
2474,U2OS-01_2_K06_s1_35,U2OS-01,2,K06,s1,ARL6IP5,treated,U2OS,,train
2475,U2OS-01_2_K06_s1_36,U2OS-01,2,K06,s1,ARL6IP5,treated,U2OS,,train
2476,U2OS-01_2_K06_s1_41,U2OS-01,2,K06,s1,ARL6IP5,treated,U2OS,,train
2477,U2OS-01_2_K06_s1_42,U2OS-01,2,K06,s1,ARL6IP5,treated,U2OS,,train
2478,U2OS-01_2_K06_s1_43,U2OS-01,2,K06,s1,ARL6IP5,treated,U2OS,,train
2479,U2OS-01_2_K06_s1_44,U2OS-01,2,K06,s1,ARL6IP5,treated,U2OS,,train
2480,U2OS-01_2_K06_s1_45,U2OS-01,2,K06,s1,ARL6IP5,treated,U2OS,,train
2481,U2OS-01_2_K06_s1_48,U2OS-01,2,K06,s1,ARL6IP5,treated,U2OS,,train
2482,U2OS-01_2_K06_s1_49,U2OS-01,2,K06,s1,ARL6IP5,treated,U2OS,,train
2483,U2OS-01_2_K06_s1_51,U2OS-01,2,K06,s1,ARL6IP5,treated,U2OS,,train
2484,U2OS-01_2_K06_s1_52,U2OS-01,2,K06,s1,ARL6IP5,treated,U2OS,,train
2485,U2OS-01_2_K06_s1_53,U2OS-01,2,K06,s1,ARL6IP5,treated,U2OS,,train
2486,U2OS-01_2_K06_s1_54,U2OS-01,2,K06,s1,ARL6IP5,treated,U2OS,,train
2487,U2OS-01_2_K06_s1_58,U2OS-01,2,K06,s1,ARL6IP5,treated,U2OS,,train
2488,U2OS-01_2_K06_s1_59,U2OS-01,2,K06,s1,ARL6IP5,treated,U2OS,,train
2489,U2OS-01_2_K06_s1_60,U2OS-01,2,K06,s1,ARL6IP5,treated,U2OS,,train
2490,U2OS-01_2_K06_s1_61,U2OS-01,2,K06,s1,ARL6IP5,treated,U2OS,,train
2491,U2OS-01_2_K06_s1_62,U2OS-01,2,K06,s1,ARL6IP5,treated,U2OS,,train
2492,U2OS-01_2_K06_s1_64,U2OS-01,2,K06,s1,ARL6IP5,treated,U2OS,,train
2493,U2OS-01_2_K06_s1_67,U2OS-01,2,K06,s1,ARL6IP5,treated,U2OS,,train
2494,U2OS-01_2_K06_s1_69,U2OS-01,2,K06,s1,ARL6IP5,treated,U2OS,,train
2495,U2OS-01_2_K06_s1_70,U2OS-01,2,K06,s1,ARL6IP5,treated,U2OS,,train
2496,U2OS-01_2_K06_s1_71,U2OS-01,2,K06,s1,ARL6IP5,treated,U2OS,,train
2497,U2OS-01_2_K06_s1_73,U2OS-01,2,K06,s1,ARL6IP5,treated,U2OS,,train
2498,U2OS-01_2_K06_s1_74,U2OS-01,2,K06,s1,ARL6IP5,treated,U2OS,,train
2499,U2OS-01_2_K06_s1_76,U2OS-01,2,K06,s1,ARL6IP5,treated,U2OS,,train
2500,U2OS-01_2_K06_s1_78,U2OS-01,2,K06,s1,ARL6IP5,treated,U2OS,,train
2501,U2OS-01_2_K06_s1_81,U2OS-01,2,K06,s1,ARL6IP5,treated,U2OS,,train
2502,U2OS-01_2_K22_s1_12,U2OS-01,2,K22,s1,ALG3,treated,U2OS,,train
2503,U2OS-01_2_K22_s1_13,U2OS-01,2,K22,s1,ALG3,treated,U2OS,,train
2504,U2OS-01_2_K22_s1_14,U2OS-01,2,K22,s1,ALG3,treated,U2OS,,train
2505,U2OS-01_2_K22_s1_17,U2OS-01,2,K22,s1,ALG3,treated,U2OS,,train
2506,U2OS-01_2_K22_s1_19,U2OS-01,2,K22,s1,ALG3,treated,U2OS,,train
2507,U2OS-01_2_K22_s1_20,U2OS-01,2,K22,s1,ALG3,treated,U2OS,,train
2508,U2OS-01_2_K22_s1_21,U2OS-01,2,K22,s1,ALG3,treated,U2OS,,train
2509,U2OS-01_2_K22_s1_24,U2OS-01,2,K22,s1,ALG3,treated,U2OS,,train
2510,U2OS-01_2_K22_s1_25,U2OS-01,2,K22,s1,ALG3,treated,U2OS,,train
2511,U2OS-01_2_K22_s1_26,U2OS-01,2,K22,s1,ALG3,treated,U2OS,,train
2512,U2OS-01_2_K22_s1_27,U2OS-01,2,K22,s1,ALG3,treated,U2OS,,train
2513,U2OS-01_2_K22_s1_28,U2OS-01,2,K22,s1,ALG3,treated,U2OS,,train
2514,U2OS-01_2_K22_s1_29,U2OS-01,2,K22,s1,ALG3,treated,U2OS,,train
2515,U2OS-01_2_K22_s1_31,U2OS-01,2,K22,s1,ALG3,treated,U2OS,,train
2516,U2OS-01_2_K22_s1_35,U2OS-01,2,K22,s1,ALG3,treated,U2OS,,train
2517,U2OS-01_2_K22_s1_36,U2OS-01,2,K22,s1,ALG3,treated,U2OS,,train
2518,U2OS-01_2_K22_s1_37,U2OS-01,2,K22,s1,ALG3,treated,U2OS,,train
2519,U2OS-01_2_K22_s1_38,U2OS-01,2,K22,s1,ALG3,treated,U2OS,,train
2520,U2OS-01_2_K22_s1_41,U2OS-01,2,K22,s1,ALG3,treated,U2OS,,train
2521,U2OS-01_2_K22_s1_42,U2OS-01,2,K22,s1,ALG3,treated,U2OS,,train
2522,U2OS-01_2_K22_s1_44,U2OS-01,2,K22,s1,ALG3,treated,U2OS,,train
2523,U2OS-01_2_K22_s1_46,U2OS-01,2,K22,s1,ALG3,treated,U2OS,,train
2524,U2OS-01_2_K22_s1_47,U2OS-01,2,K22,s1,ALG3,treated,U2OS,,train
2525,U2OS-01_2_K22_s1_48,U2OS-01,2,K22,s1,ALG3,treated,U2OS,,train
2526,U2OS-01_2_K22_s1_49,U2OS-01,2,K22,s1,ALG3,treated,U2OS,,train
2527,U2OS-01_2_K22_s1_50,U2OS-01,2,K22,s1,ALG3,treated,U2OS,,train
2528,U2OS-01_2_K22_s1_53,U2OS-01,2,K22,s1,ALG3,treated,U2OS,,train
2529,U2OS-01_2_K22_s1_54,U2OS-01,2,K22,s1,ALG3,treated,U2OS,,train
2530,U2OS-01_2_K22_s1_56,U2OS-01,2,K22,s1,ALG3,treated,U2OS,,train
2531,U2OS-01_2_K22_s1_57,U2OS-01,2,K22,s1,ALG3,treated,U2OS,,train
2532,U2OS-01_2_K22_s1_59,U2OS-01,2,K22,s1,ALG3,treated,U2OS,,train
2533,U2OS-01_2_K22_s1_60,U2OS-01,2,K22,s1,ALG3,treated,U2OS,,train
2534,U2OS-01_2_K22_s1_62,U2OS-01,2,K22,s1,ALG3,treated,U2OS,,train
2535,U2OS-01_2_K22_s1_64,U2OS-01,2,K22,s1,ALG3,treated,U2OS,,train
2536,U2OS-01_2_K22_s1_65,U2OS-01,2,K22,s1,ALG3,treated,U2OS,,train
2537,U2OS-01_2_K22_s1_68,U2OS-01,2,K22,s1,ALG3,treated,U2OS,,train
2538,U2OS-01_2_K22_s1_69,U2OS-01,2,K22,s1,ALG3,treated,U2OS,,train
2539,U2OS-01_2_K22_s1_71,U2OS-01,2,K22,s1,ALG3,treated,U2OS,,train
2540,U2OS-01_2_K22_s1_73,U2OS-01,2,K22,s1,ALG3,treated,U2OS,,train
2541,U2OS-01_2_K22_s1_74,U2OS-01,2,K22,s1,ALG3,treated,U2OS,,train
2542,U2OS-01_2_L23_s1_14,U2OS-01,2,L23,s1,UQCR11,treated,U2OS,,train
2543,U2OS-01_2_L23_s1_17,U2OS-01,2,L23,s1,UQCR11,treated,U2OS,,train
2544,U2OS-01_2_L23_s1_18,U2OS-01,2,L23,s1,UQCR11,treated,U2OS,,train
2545,U2OS-01_2_L23_s1_21,U2OS-01,2,L23,s1,UQCR11,treated,U2OS,,train
2546,U2OS-01_2_L23_s1_25,U2OS-01,2,L23,s1,UQCR11,treated,U2OS,,train
2547,U2OS-01_2_L23_s1_26,U2OS-01,2,L23,s1,UQCR11,treated,U2OS,,train
2548,U2OS-01_2_L23_s1_28,U2OS-01,2,L23,s1,UQCR11,treated,U2OS,,train
2549,U2OS-01_2_L23_s1_30,U2OS-01,2,L23,s1,UQCR11,treated,U2OS,,train
2550,U2OS-01_2_L23_s1_31,U2OS-01,2,L23,s1,UQCR11,treated,U2OS,,train
2551,U2OS-01_2_L23_s1_32,U2OS-01,2,L23,s1,UQCR11,treated,U2OS,,train
2552,U2OS-01_2_L23_s1_34,U2OS-01,2,L23,s1,UQCR11,treated,U2OS,,train
2553,U2OS-01_2_L23_s1_36,U2OS-01,2,L23,s1,UQCR11,treated,U2OS,,train
2554,U2OS-01_2_L23_s1_37,U2OS-01,2,L23,s1,UQCR11,treated,U2OS,,train
2555,U2OS-01_2_L23_s1_38,U2OS-01,2,L23,s1,UQCR11,treated,U2OS,,train
2556,U2OS-01_2_L23_s1_43,U2OS-01,2,L23,s1,UQCR11,treated,U2OS,,train
2557,U2OS-01_2_L23_s1_44,U2OS-01,2,L23,s1,UQCR11,treated,U2OS,,train
2558,U2OS-01_2_L23_s1_45,U2OS-01,2,L23,s1,UQCR11,treated,U2OS,,train
2559,U2OS-01_2_L23_s1_46,U2OS-01,2,L23,s1,UQCR11,treated,U2OS,,train
2560,U2OS-01_2_L23_s1_48,U2OS-01,2,L23,s1,UQCR11,treated,U2OS,,train
2561,U2OS-01_2_L23_s1_49,U2OS-01,2,L23,s1,UQCR11,treated,U2OS,,train
2562,U2OS-01_2_L23_s1_50,U2OS-01,2,L23,s1,UQCR11,treated,U2OS,,train
2563,U2OS-01_2_L23_s1_52,U2OS-01,2,L23,s1,UQCR11,treated,U2OS,,train
2564,U2OS-01_2_L23_s1_54,U2OS-01,2,L23,s1,UQCR11,treated,U2OS,,train
2565,U2OS-01_2_L23_s1_55,U2OS-01,2,L23,s1,UQCR11,treated,U2OS,,train
2566,U2OS-01_2_L23_s1_57,U2OS-01,2,L23,s1,UQCR11,treated,U2OS,,train
2567,U2OS-01_2_L23_s1_58,U2OS-01,2,L23,s1,UQCR11,treated,U2OS,,train
2568,U2OS-01_2_L23_s1_59,U2OS-01,2,L23,s1,UQCR11,treated,U2OS,,train
2569,U2OS-01_2_L23_s1_60,U2OS-01,2,L23,s1,UQCR11,treated,U2OS,,train
2570,U2OS-01_2_L23_s1_61,U2OS-01,2,L23,s1,UQCR11,treated,U2OS,,train
2571,U2OS-01_2_L23_s1_62,U2OS-01,2,L23,s1,UQCR11,treated,U2OS,,train
2572,U2OS-01_2_L23_s1_65,U2OS-01,2,L23,s1,UQCR11,treated,U2OS,,train
2573,U2OS-01_2_L23_s1_66,U2OS-01,2,L23,s1,UQCR11,treated,U2OS,,train
2574,U2OS-01_2_L23_s1_68,U2OS-01,2,L23,s1,UQCR11,treated,U2OS,,train
2575,U2OS-01_2_L23_s1_69,U2OS-01,2,L23,s1,UQCR11,treated,U2OS,,train
2576,U2OS-01_2_L23_s1_70,U2OS-01,2,L23,s1,UQCR11,treated,U2OS,,train
2577,U2OS-01_2_L23_s1_72,U2OS-01,2,L23,s1,UQCR11,treated,U2OS,,train
2578,U2OS-01_2_L23_s1_74,U2OS-01,2,L23,s1,UQCR11,treated,U2OS,,train
2579,U2OS-01_2_L23_s1_77,U2OS-01,2,L23,s1,UQCR11,treated,U2OS,,train
2580,U2OS-01_2_L23_s1_78,U2OS-01,2,L23,s1,UQCR11,treated,U2OS,,train
2581,U2OS-01_2_L23_s1_79,U2OS-01,2,L23,s1,UQCR11,treated,U2OS,,train
2582,U2OS-01_2_M05_s1_10,U2OS-01,2,M05,s1,RAB40B,treated,U2OS,,train
2583,U2OS-01_2_M05_s1_11,U2OS-01,2,M05,s1,RAB40B,treated,U2OS,,train
2584,U2OS-01_2_M05_s1_12,U2OS-01,2,M05,s1,RAB40B,treated,U2OS,,train
2585,U2OS-01_2_M05_s1_15,U2OS-01,2,M05,s1,RAB40B,treated,U2OS,,train
2586,U2OS-01_2_M05_s1_19,U2OS-01,2,M05,s1,RAB40B,treated,U2OS,,train
2587,U2OS-01_2_M05_s1_20,U2OS-01,2,M05,s1,RAB40B,treated,U2OS,,train
2588,U2OS-01_2_M05_s1_21,U2OS-01,2,M05,s1,RAB40B,treated,U2OS,,train
2589,U2OS-01_2_M05_s1_23,U2OS-01,2,M05,s1,RAB40B,treated,U2OS,,train
2590,U2OS-01_2_M05_s1_24,U2OS-01,2,M05,s1,RAB40B,treated,U2OS,,train
2591,U2OS-01_2_M05_s1_25,U2OS-01,2,M05,s1,RAB40B,treated,U2OS,,train
2592,U2OS-01_2_M05_s1_26,U2OS-01,2,M05,s1,RAB40B,treated,U2OS,,train
2593,U2OS-01_2_M05_s1_28,U2OS-01,2,M05,s1,RAB40B,treated,U2OS,,train
2594,U2OS-01_2_M05_s1_29,U2OS-01,2,M05,s1,RAB40B,treated,U2OS,,train
2595,U2OS-01_2_M05_s1_30,U2OS-01,2,M05,s1,RAB40B,treated,U2OS,,train
2596,U2OS-01_2_M05_s1_36,U2OS-01,2,M05,s1,RAB40B,treated,U2OS,,train
2597,U2OS-01_2_M05_s1_37,U2OS-01,2,M05,s1,RAB40B,treated,U2OS,,train
2598,U2OS-01_2_M05_s1_38,U2OS-01,2,M05,s1,RAB40B,treated,U2OS,,train
2599,U2OS-01_2_M05_s1_39,U2OS-01,2,M05,s1,RAB40B,treated,U2OS,,train
2600,U2OS-01_2_M05_s1_40,U2OS-01,2,M05,s1,RAB40B,treated,U2OS,,train
2601,U2OS-01_2_M05_s1_41,U2OS-01,2,M05,s1,RAB40B,treated,U2OS,,train
2602,U2OS-01_2_M05_s1_42,U2OS-01,2,M05,s1,RAB40B,treated,U2OS,,train
2603,U2OS-01_2_M05_s1_44,U2OS-01,2,M05,s1,RAB40B,treated,U2OS,,train
2604,U2OS-01_2_M05_s1_45,U2OS-01,2,M05,s1,RAB40B,treated,U2OS,,train
2605,U2OS-01_2_M05_s1_47,U2OS-01,2,M05,s1,RAB40B,treated,U2OS,,train
2606,U2OS-01_2_M05_s1_48,U2OS-01,2,M05,s1,RAB40B,treated,U2OS,,train
2607,U2OS-01_2_M05_s1_49,U2OS-01,2,M05,s1,RAB40B,treated,U2OS,,train
2608,U2OS-01_2_M05_s1_51,U2OS-01,2,M05,s1,RAB40B,treated,U2OS,,train
2609,U2OS-01_2_M05_s1_52,U2OS-01,2,M05,s1,RAB40B,treated,U2OS,,train
2610,U2OS-01_2_M05_s1_53,U2OS-01,2,M05,s1,RAB40B,treated,U2OS,,train
2611,U2OS-01_2_M05_s1_54,U2OS-01,2,M05,s1,RAB40B,treated,U2OS,,train
2612,U2OS-01_2_M05_s1_58,U2OS-01,2,M05,s1,RAB40B,treated,U2OS,,train
2613,U2OS-01_2_M05_s1_59,U2OS-01,2,M05,s1,RAB40B,treated,U2OS,,train
2614,U2OS-01_2_M05_s1_61,U2OS-01,2,M05,s1,RAB40B,treated,U2OS,,train
2615,U2OS-01_2_M05_s1_63,U2OS-01,2,M05,s1,RAB40B,treated,U2OS,,train
2616,U2OS-01_2_M05_s1_64,U2OS-01,2,M05,s1,RAB40B,treated,U2OS,,train
2617,U2OS-01_2_M05_s1_67,U2OS-01,2,M05,s1,RAB40B,treated,U2OS,,train
2618,U2OS-01_2_M05_s1_68,U2OS-01,2,M05,s1,RAB40B,treated,U2OS,,train
2619,U2OS-01_2_M05_s1_70,U2OS-01,2,M05,s1,RAB40B,treated,U2OS,,train
2620,U2OS-01_2_M05_s1_74,U2OS-01,2,M05,s1,RAB40B,treated,U2OS,,train
2621,U2OS-01_2_M05_s1_75,U2OS-01,2,M05,s1,RAB40B,treated,U2OS,,train
2622,U2OS-01_2_M10_s1_8,U2OS-01,2,M10,s1,RRAGB,treated,U2OS,,train
2623,U2OS-01_2_M10_s1_10,U2OS-01,2,M10,s1,RRAGB,treated,U2OS,,train
2624,U2OS-01_2_M10_s1_11,U2OS-01,2,M10,s1,RRAGB,treated,U2OS,,train
2625,U2OS-01_2_M10_s1_15,U2OS-01,2,M10,s1,RRAGB,treated,U2OS,,train
2626,U2OS-01_2_M10_s1_18,U2OS-01,2,M10,s1,RRAGB,treated,U2OS,,train
2627,U2OS-01_2_M10_s1_19,U2OS-01,2,M10,s1,RRAGB,treated,U2OS,,train
2628,U2OS-01_2_M10_s1_22,U2OS-01,2,M10,s1,RRAGB,treated,U2OS,,train
2629,U2OS-01_2_M10_s1_23,U2OS-01,2,M10,s1,RRAGB,treated,U2OS,,train
2630,U2OS-01_2_M10_s1_25,U2OS-01,2,M10,s1,RRAGB,treated,U2OS,,train
2631,U2OS-01_2_M10_s1_26,U2OS-01,2,M10,s1,RRAGB,treated,U2OS,,train
2632,U2OS-01_2_M10_s1_27,U2OS-01,2,M10,s1,RRAGB,treated,U2OS,,train
2633,U2OS-01_2_M10_s1_29,U2OS-01,2,M10,s1,RRAGB,treated,U2OS,,train
2634,U2OS-01_2_M10_s1_30,U2OS-01,2,M10,s1,RRAGB,treated,U2OS,,train
2635,U2OS-01_2_M10_s1_31,U2OS-01,2,M10,s1,RRAGB,treated,U2OS,,train
2636,U2OS-01_2_M10_s1_37,U2OS-01,2,M10,s1,RRAGB,treated,U2OS,,train
2637,U2OS-01_2_M10_s1_38,U2OS-01,2,M10,s1,RRAGB,treated,U2OS,,train
2638,U2OS-01_2_M10_s1_39,U2OS-01,2,M10,s1,RRAGB,treated,U2OS,,train
2639,U2OS-01_2_M10_s1_41,U2OS-01,2,M10,s1,RRAGB,treated,U2OS,,train
2640,U2OS-01_2_M10_s1_42,U2OS-01,2,M10,s1,RRAGB,treated,U2OS,,train
2641,U2OS-01_2_M10_s1_43,U2OS-01,2,M10,s1,RRAGB,treated,U2OS,,train
2642,U2OS-01_2_M10_s1_44,U2OS-01,2,M10,s1,RRAGB,treated,U2OS,,train
2643,U2OS-01_2_M10_s1_46,U2OS-01,2,M10,s1,RRAGB,treated,U2OS,,train
2644,U2OS-01_2_M10_s1_48,U2OS-01,2,M10,s1,RRAGB,treated,U2OS,,train
2645,U2OS-01_2_M10_s1_50,U2OS-01,2,M10,s1,RRAGB,treated,U2OS,,train
2646,U2OS-01_2_M10_s1_51,U2OS-01,2,M10,s1,RRAGB,treated,U2OS,,train
2647,U2OS-01_2_M10_s1_53,U2OS-01,2,M10,s1,RRAGB,treated,U2OS,,train
2648,U2OS-01_2_M10_s1_54,U2OS-01,2,M10,s1,RRAGB,treated,U2OS,,train
2649,U2OS-01_2_M10_s1_55,U2OS-01,2,M10,s1,RRAGB,treated,U2OS,,train
2650,U2OS-01_2_M10_s1_57,U2OS-01,2,M10,s1,RRAGB,treated,U2OS,,train
2651,U2OS-01_2_M10_s1_59,U2OS-01,2,M10,s1,RRAGB,treated,U2OS,,train
2652,U2OS-01_2_M10_s1_61,U2OS-01,2,M10,s1,RRAGB,treated,U2OS,,train
2653,U2OS-01_2_M10_s1_62,U2OS-01,2,M10,s1,RRAGB,treated,U2OS,,train
2654,U2OS-01_2_M10_s1_64,U2OS-01,2,M10,s1,RRAGB,treated,U2OS,,train
2655,U2OS-01_2_M10_s1_66,U2OS-01,2,M10,s1,RRAGB,treated,U2OS,,train
2656,U2OS-01_2_M10_s1_67,U2OS-01,2,M10,s1,RRAGB,treated,U2OS,,train
2657,U2OS-01_2_M10_s1_69,U2OS-01,2,M10,s1,RRAGB,treated,U2OS,,train
2658,U2OS-01_2_M10_s1_74,U2OS-01,2,M10,s1,RRAGB,treated,U2OS,,train
2659,U2OS-01_2_M10_s2_12,U2OS-01,2,M10,s2,RRAGB,treated,U2OS,,train
2660,U2OS-01_2_M10_s2_13,U2OS-01,2,M10,s2,RRAGB,treated,U2OS,,train
2661,U2OS-01_2_M10_s2_14,U2OS-01,2,M10,s2,RRAGB,treated,U2OS,,train
2662,U2OS-01_2_M20_s1_4,U2OS-01,2,M20,s1,TRIM3,treated,U2OS,,train
2663,U2OS-01_2_M20_s1_5,U2OS-01,2,M20,s1,TRIM3,treated,U2OS,,train
2664,U2OS-01_2_M20_s1_6,U2OS-01,2,M20,s1,TRIM3,treated,U2OS,,train
2665,U2OS-01_2_M20_s1_8,U2OS-01,2,M20,s1,TRIM3,treated,U2OS,,train
2666,U2OS-01_2_M20_s1_12,U2OS-01,2,M20,s1,TRIM3,treated,U2OS,,train
2667,U2OS-01_2_M20_s1_13,U2OS-01,2,M20,s1,TRIM3,treated,U2OS,,train
2668,U2OS-01_2_M20_s1_14,U2OS-01,2,M20,s1,TRIM3,treated,U2OS,,train
2669,U2OS-01_2_M20_s1_16,U2OS-01,2,M20,s1,TRIM3,treated,U2OS,,train
2670,U2OS-01_2_M20_s1_17,U2OS-01,2,M20,s1,TRIM3,treated,U2OS,,train
2671,U2OS-01_2_M20_s1_18,U2OS-01,2,M20,s1,TRIM3,treated,U2OS,,train
2672,U2OS-01_2_M20_s1_19,U2OS-01,2,M20,s1,TRIM3,treated,U2OS,,train
2673,U2OS-01_2_M20_s1_20,U2OS-01,2,M20,s1,TRIM3,treated,U2OS,,train
2674,U2OS-01_2_M20_s1_21,U2OS-01,2,M20,s1,TRIM3,treated,U2OS,,train
2675,U2OS-01_2_M20_s1_22,U2OS-01,2,M20,s1,TRIM3,treated,U2OS,,train
2676,U2OS-01_2_M20_s1_27,U2OS-01,2,M20,s1,TRIM3,treated,U2OS,,train
2677,U2OS-01_2_M20_s1_28,U2OS-01,2,M20,s1,TRIM3,treated,U2OS,,train
2678,U2OS-01_2_M20_s1_29,U2OS-01,2,M20,s1,TRIM3,treated,U2OS,,train
2679,U2OS-01_2_M20_s1_30,U2OS-01,2,M20,s1,TRIM3,treated,U2OS,,train
2680,U2OS-01_2_M20_s1_31,U2OS-01,2,M20,s1,TRIM3,treated,U2OS,,train
2681,U2OS-01_2_M20_s1_32,U2OS-01,2,M20,s1,TRIM3,treated,U2OS,,train
2682,U2OS-01_2_M20_s1_33,U2OS-01,2,M20,s1,TRIM3,treated,U2OS,,train
2683,U2OS-01_2_M20_s1_37,U2OS-01,2,M20,s1,TRIM3,treated,U2OS,,train
2684,U2OS-01_2_M20_s1_38,U2OS-01,2,M20,s1,TRIM3,treated,U2OS,,train
2685,U2OS-01_2_M20_s1_39,U2OS-01,2,M20,s1,TRIM3,treated,U2OS,,train
2686,U2OS-01_2_M20_s1_40,U2OS-01,2,M20,s1,TRIM3,treated,U2OS,,train
2687,U2OS-01_2_M20_s1_41,U2OS-01,2,M20,s1,TRIM3,treated,U2OS,,train
2688,U2OS-01_2_M20_s1_42,U2OS-01,2,M20,s1,TRIM3,treated,U2OS,,train
2689,U2OS-01_2_M20_s1_43,U2OS-01,2,M20,s1,TRIM3,treated,U2OS,,train
2690,U2OS-01_2_M20_s1_44,U2OS-01,2,M20,s1,TRIM3,treated,U2OS,,train
2691,U2OS-01_2_M20_s1_46,U2OS-01,2,M20,s1,TRIM3,treated,U2OS,,train
2692,U2OS-01_2_M20_s1_48,U2OS-01,2,M20,s1,TRIM3,treated,U2OS,,train
2693,U2OS-01_2_M20_s1_49,U2OS-01,2,M20,s1,TRIM3,treated,U2OS,,train
2694,U2OS-01_2_M20_s1_51,U2OS-01,2,M20,s1,TRIM3,treated,U2OS,,train
2695,U2OS-01_2_M20_s1_52,U2OS-01,2,M20,s1,TRIM3,treated,U2OS,,train
2696,U2OS-01_2_M20_s1_54,U2OS-01,2,M20,s1,TRIM3,treated,U2OS,,train
2697,U2OS-01_2_M20_s1_57,U2OS-01,2,M20,s1,TRIM3,treated,U2OS,,train
2698,U2OS-01_2_M20_s1_58,U2OS-01,2,M20,s1,TRIM3,treated,U2OS,,train
2699,U2OS-01_2_M20_s1_60,U2OS-01,2,M20,s1,TRIM3,treated,U2OS,,train
2700,U2OS-01_2_M20_s2_2,U2OS-01,2,M20,s2,TRIM3,treated,U2OS,,train
2701,U2OS-01_2_M20_s2_3,U2OS-01,2,M20,s2,TRIM3,treated,U2OS,,train
2702,U2OS-01_2_N02_s1_15,U2OS-01,2,N02,s1,B3GNT2,treated,U2OS,,train
2703,U2OS-01_2_N02_s1_17,U2OS-01,2,N02,s1,B3GNT2,treated,U2OS,,train
2704,U2OS-01_2_N02_s1_18,U2OS-01,2,N02,s1,B3GNT2,treated,U2OS,,train
2705,U2OS-01_2_N02_s1_22,U2OS-01,2,N02,s1,B3GNT2,treated,U2OS,,train
2706,U2OS-01_2_N02_s1_24,U2OS-01,2,N02,s1,B3GNT2,treated,U2OS,,train
2707,U2OS-01_2_N02_s1_27,U2OS-01,2,N02,s1,B3GNT2,treated,U2OS,,train
2708,U2OS-01_2_N02_s1_28,U2OS-01,2,N02,s1,B3GNT2,treated,U2OS,,train
2709,U2OS-01_2_N02_s1_30,U2OS-01,2,N02,s1,B3GNT2,treated,U2OS,,train
2710,U2OS-01_2_N02_s1_31,U2OS-01,2,N02,s1,B3GNT2,treated,U2OS,,train
2711,U2OS-01_2_N02_s1_35,U2OS-01,2,N02,s1,B3GNT2,treated,U2OS,,train
2712,U2OS-01_2_N02_s1_37,U2OS-01,2,N02,s1,B3GNT2,treated,U2OS,,train
2713,U2OS-01_2_N02_s1_38,U2OS-01,2,N02,s1,B3GNT2,treated,U2OS,,train
2714,U2OS-01_2_N02_s1_39,U2OS-01,2,N02,s1,B3GNT2,treated,U2OS,,train
2715,U2OS-01_2_N02_s1_40,U2OS-01,2,N02,s1,B3GNT2,treated,U2OS,,train
2716,U2OS-01_2_N02_s1_44,U2OS-01,2,N02,s1,B3GNT2,treated,U2OS,,train
2717,U2OS-01_2_N02_s1_45,U2OS-01,2,N02,s1,B3GNT2,treated,U2OS,,train
2718,U2OS-01_2_N02_s1_46,U2OS-01,2,N02,s1,B3GNT2,treated,U2OS,,train
2719,U2OS-01_2_N02_s1_47,U2OS-01,2,N02,s1,B3GNT2,treated,U2OS,,train
2720,U2OS-01_2_N02_s1_49,U2OS-01,2,N02,s1,B3GNT2,treated,U2OS,,train
2721,U2OS-01_2_N02_s1_50,U2OS-01,2,N02,s1,B3GNT2,treated,U2OS,,train
2722,U2OS-01_2_N02_s1_51,U2OS-01,2,N02,s1,B3GNT2,treated,U2OS,,train
2723,U2OS-01_2_N02_s1_53,U2OS-01,2,N02,s1,B3GNT2,treated,U2OS,,train
2724,U2OS-01_2_N02_s1_54,U2OS-01,2,N02,s1,B3GNT2,treated,U2OS,,train
2725,U2OS-01_2_N02_s1_55,U2OS-01,2,N02,s1,B3GNT2,treated,U2OS,,train
2726,U2OS-01_2_N02_s1_56,U2OS-01,2,N02,s1,B3GNT2,treated,U2OS,,train
2727,U2OS-01_2_N02_s1_57,U2OS-01,2,N02,s1,B3GNT2,treated,U2OS,,train
2728,U2OS-01_2_N02_s1_59,U2OS-01,2,N02,s1,B3GNT2,treated,U2OS,,train
2729,U2OS-01_2_N02_s1_60,U2OS-01,2,N02,s1,B3GNT2,treated,U2OS,,train
2730,U2OS-01_2_N02_s1_61,U2OS-01,2,N02,s1,B3GNT2,treated,U2OS,,train
2731,U2OS-01_2_N02_s1_62,U2OS-01,2,N02,s1,B3GNT2,treated,U2OS,,train
2732,U2OS-01_2_N02_s1_65,U2OS-01,2,N02,s1,B3GNT2,treated,U2OS,,train
2733,U2OS-01_2_N02_s1_66,U2OS-01,2,N02,s1,B3GNT2,treated,U2OS,,train
2734,U2OS-01_2_N02_s1_68,U2OS-01,2,N02,s1,B3GNT2,treated,U2OS,,train
2735,U2OS-01_2_N02_s1_69,U2OS-01,2,N02,s1,B3GNT2,treated,U2OS,,train
2736,U2OS-01_2_N02_s1_70,U2OS-01,2,N02,s1,B3GNT2,treated,U2OS,,train
2737,U2OS-01_2_N02_s1_75,U2OS-01,2,N02,s1,B3GNT2,treated,U2OS,,train
2738,U2OS-01_2_N02_s1_76,U2OS-01,2,N02,s1,B3GNT2,treated,U2OS,,train
2739,U2OS-01_2_N02_s1_78,U2OS-01,2,N02,s1,B3GNT2,treated,U2OS,,train
2740,U2OS-01_2_N02_s1_79,U2OS-01,2,N02,s1,B3GNT2,treated,U2OS,,train
2741,U2OS-01_2_N02_s1_81,U2OS-01,2,N02,s1,B3GNT2,treated,U2OS,,train
2742,U2OS-01_2_N13_s1_8,U2OS-01,2,N13,s1,COQ7,treated,U2OS,,train
2743,U2OS-01_2_N13_s1_9,U2OS-01,2,N13,s1,COQ7,treated,U2OS,,train
2744,U2OS-01_2_N13_s1_10,U2OS-01,2,N13,s1,COQ7,treated,U2OS,,train
2745,U2OS-01_2_N13_s1_15,U2OS-01,2,N13,s1,COQ7,treated,U2OS,,train
2746,U2OS-01_2_N13_s1_18,U2OS-01,2,N13,s1,COQ7,treated,U2OS,,train
2747,U2OS-01_2_N13_s1_21,U2OS-01,2,N13,s1,COQ7,treated,U2OS,,train
2748,U2OS-01_2_N13_s1_23,U2OS-01,2,N13,s1,COQ7,treated,U2OS,,train
2749,U2OS-01_2_N13_s1_24,U2OS-01,2,N13,s1,COQ7,treated,U2OS,,train
2750,U2OS-01_2_N13_s1_25,U2OS-01,2,N13,s1,COQ7,treated,U2OS,,train
2751,U2OS-01_2_N13_s1_26,U2OS-01,2,N13,s1,COQ7,treated,U2OS,,train
2752,U2OS-01_2_N13_s1_27,U2OS-01,2,N13,s1,COQ7,treated,U2OS,,train
2753,U2OS-01_2_N13_s1_28,U2OS-01,2,N13,s1,COQ7,treated,U2OS,,train
2754,U2OS-01_2_N13_s1_30,U2OS-01,2,N13,s1,COQ7,treated,U2OS,,train
2755,U2OS-01_2_N13_s1_31,U2OS-01,2,N13,s1,COQ7,treated,U2OS,,train
2756,U2OS-01_2_N13_s1_36,U2OS-01,2,N13,s1,COQ7,treated,U2OS,,train
2757,U2OS-01_2_N13_s1_37,U2OS-01,2,N13,s1,COQ7,treated,U2OS,,train
2758,U2OS-01_2_N13_s1_38,U2OS-01,2,N13,s1,COQ7,treated,U2OS,,train
2759,U2OS-01_2_N13_s1_39,U2OS-01,2,N13,s1,COQ7,treated,U2OS,,train
2760,U2OS-01_2_N13_s1_40,U2OS-01,2,N13,s1,COQ7,treated,U2OS,,train
2761,U2OS-01_2_N13_s1_42,U2OS-01,2,N13,s1,COQ7,treated,U2OS,,train
2762,U2OS-01_2_N13_s1_43,U2OS-01,2,N13,s1,COQ7,treated,U2OS,,train
2763,U2OS-01_2_N13_s1_46,U2OS-01,2,N13,s1,COQ7,treated,U2OS,,train
2764,U2OS-01_2_N13_s1_49,U2OS-01,2,N13,s1,COQ7,treated,U2OS,,train
2765,U2OS-01_2_N13_s1_50,U2OS-01,2,N13,s1,COQ7,treated,U2OS,,train
2766,U2OS-01_2_N13_s1_51,U2OS-01,2,N13,s1,COQ7,treated,U2OS,,train
2767,U2OS-01_2_N13_s1_52,U2OS-01,2,N13,s1,COQ7,treated,U2OS,,train
2768,U2OS-01_2_N13_s1_53,U2OS-01,2,N13,s1,COQ7,treated,U2OS,,train
2769,U2OS-01_2_N13_s1_54,U2OS-01,2,N13,s1,COQ7,treated,U2OS,,train
2770,U2OS-01_2_N13_s1_55,U2OS-01,2,N13,s1,COQ7,treated,U2OS,,train
2771,U2OS-01_2_N13_s1_56,U2OS-01,2,N13,s1,COQ7,treated,U2OS,,train
2772,U2OS-01_2_N13_s1_59,U2OS-01,2,N13,s1,COQ7,treated,U2OS,,train
2773,U2OS-01_2_N13_s1_60,U2OS-01,2,N13,s1,COQ7,treated,U2OS,,train
2774,U2OS-01_2_N13_s1_62,U2OS-01,2,N13,s1,COQ7,treated,U2OS,,train
2775,U2OS-01_2_N13_s1_63,U2OS-01,2,N13,s1,COQ7,treated,U2OS,,train
2776,U2OS-01_2_N13_s1_64,U2OS-01,2,N13,s1,COQ7,treated,U2OS,,train
2777,U2OS-01_2_N13_s1_70,U2OS-01,2,N13,s1,COQ7,treated,U2OS,,train
2778,U2OS-01_2_N13_s2_12,U2OS-01,2,N13,s2,COQ7,treated,U2OS,,train
2779,U2OS-01_2_N13_s2_15,U2OS-01,2,N13,s2,COQ7,treated,U2OS,,train
2780,U2OS-01_2_N13_s2_17,U2OS-01,2,N13,s2,COQ7,treated,U2OS,,train
2781,U2OS-01_2_N13_s2_18,U2OS-01,2,N13,s2,COQ7,treated,U2OS,,train
2782,U2OS-01_3_B02_s1_12,U2OS-01,3,B02,s1,UNTREATED,negative_control,U2OS,,train
2783,U2OS-01_3_B02_s1_18,U2OS-01,3,B02,s1,UNTREATED,negative_control,U2OS,,train
2784,U2OS-01_3_B02_s1_19,U2OS-01,3,B02,s1,UNTREATED,negative_control,U2OS,,train
2785,U2OS-01_3_B02_s1_22,U2OS-01,3,B02,s1,UNTREATED,negative_control,U2OS,,train
2786,U2OS-01_3_B02_s1_25,U2OS-01,3,B02,s1,UNTREATED,negative_control,U2OS,,train
2787,U2OS-01_3_B02_s1_26,U2OS-01,3,B02,s1,UNTREATED,negative_control,U2OS,,train
2788,U2OS-01_3_B02_s1_27,U2OS-01,3,B02,s1,UNTREATED,negative_control,U2OS,,train
2789,U2OS-01_3_B02_s1_28,U2OS-01,3,B02,s1,UNTREATED,negative_control,U2OS,,train
2790,U2OS-01_3_B02_s1_29,U2OS-01,3,B02,s1,UNTREATED,negative_control,U2OS,,train
2791,U2OS-01_3_B02_s1_30,U2OS-01,3,B02,s1,UNTREATED,negative_control,U2OS,,train
2792,U2OS-01_3_B02_s1_32,U2OS-01,3,B02,s1,UNTREATED,negative_control,U2OS,,train
2793,U2OS-01_3_B02_s1_34,U2OS-01,3,B02,s1,UNTREATED,negative_control,U2OS,,train
2794,U2OS-01_3_B02_s1_35,U2OS-01,3,B02,s1,UNTREATED,negative_control,U2OS,,train
2795,U2OS-01_3_B02_s1_36,U2OS-01,3,B02,s1,UNTREATED,negative_control,U2OS,,train
2796,U2OS-01_3_B02_s1_41,U2OS-01,3,B02,s1,UNTREATED,negative_control,U2OS,,train
2797,U2OS-01_3_B02_s1_44,U2OS-01,3,B02,s1,UNTREATED,negative_control,U2OS,,train
2798,U2OS-01_3_B02_s1_45,U2OS-01,3,B02,s1,UNTREATED,negative_control,U2OS,,train
2799,U2OS-01_3_B02_s1_46,U2OS-01,3,B02,s1,UNTREATED,negative_control,U2OS,,train
2800,U2OS-01_3_B02_s1_47,U2OS-01,3,B02,s1,UNTREATED,negative_control,U2OS,,train
2801,U2OS-01_3_B02_s1_48,U2OS-01,3,B02,s1,UNTREATED,negative_control,U2OS,,train
2802,U2OS-01_3_B02_s1_49,U2OS-01,3,B02,s1,UNTREATED,negative_control,U2OS,,train
2803,U2OS-01_3_B02_s1_51,U2OS-01,3,B02,s1,UNTREATED,negative_control,U2OS,,train
2804,U2OS-01_3_B02_s1_53,U2OS-01,3,B02,s1,UNTREATED,negative_control,U2OS,,train
2805,U2OS-01_3_B02_s1_54,U2OS-01,3,B02,s1,UNTREATED,negative_control,U2OS,,train
2806,U2OS-01_3_B02_s1_55,U2OS-01,3,B02,s1,UNTREATED,negative_control,U2OS,,train
2807,U2OS-01_3_B02_s1_56,U2OS-01,3,B02,s1,UNTREATED,negative_control,U2OS,,train
2808,U2OS-01_3_B02_s1_57,U2OS-01,3,B02,s1,UNTREATED,negative_control,U2OS,,train
2809,U2OS-01_3_B02_s1_60,U2OS-01,3,B02,s1,UNTREATED,negative_control,U2OS,,train
2810,U2OS-01_3_B02_s1_61,U2OS-01,3,B02,s1,UNTREATED,negative_control,U2OS,,train
2811,U2OS-01_3_B02_s1_62,U2OS-01,3,B02,s1,UNTREATED,negative_control,U2OS,,train
2812,U2OS-01_3_B02_s1_64,U2OS-01,3,B02,s1,UNTREATED,negative_control,U2OS,,train
2813,U2OS-01_3_B02_s1_65,U2OS-01,3,B02,s1,UNTREATED,negative_control,U2OS,,train
2814,U2OS-01_3_B02_s1_67,U2OS-01,3,B02,s1,UNTREATED,negative_control,U2OS,,train
2815,U2OS-01_3_B02_s1_68,U2OS-01,3,B02,s1,UNTREATED,negative_control,U2OS,,train
2816,U2OS-01_3_B02_s1_69,U2OS-01,3,B02,s1,UNTREATED,negative_control,U2OS,,train
2817,U2OS-01_3_B02_s1_71,U2OS-01,3,B02,s1,UNTREATED,negative_control,U2OS,,train
2818,U2OS-01_3_B02_s1_72,U2OS-01,3,B02,s1,UNTREATED,negative_control,U2OS,,train
2819,U2OS-01_3_B02_s1_76,U2OS-01,3,B02,s1,UNTREATED,negative_control,U2OS,,train
2820,U2OS-01_3_B02_s1_77,U2OS-01,3,B02,s1,UNTREATED,negative_control,U2OS,,train
2821,U2OS-01_3_B02_s1_79,U2OS-01,3,B02,s1,UNTREATED,negative_control,U2OS,,train
2822,U2OS-01_3_B12_s1_11,U2OS-01,3,B12,s1,TCEB3B,treated,U2OS,,train
2823,U2OS-01_3_B12_s1_12,U2OS-01,3,B12,s1,TCEB3B,treated,U2OS,,train
2824,U2OS-01_3_B12_s1_15,U2OS-01,3,B12,s1,TCEB3B,treated,U2OS,,train
2825,U2OS-01_3_B12_s1_17,U2OS-01,3,B12,s1,TCEB3B,treated,U2OS,,train
2826,U2OS-01_3_B12_s1_21,U2OS-01,3,B12,s1,TCEB3B,treated,U2OS,,train
2827,U2OS-01_3_B12_s1_22,U2OS-01,3,B12,s1,TCEB3B,treated,U2OS,,train
2828,U2OS-01_3_B12_s1_23,U2OS-01,3,B12,s1,TCEB3B,treated,U2OS,,train
2829,U2OS-01_3_B12_s1_24,U2OS-01,3,B12,s1,TCEB3B,treated,U2OS,,train
2830,U2OS-01_3_B12_s1_26,U2OS-01,3,B12,s1,TCEB3B,treated,U2OS,,train
2831,U2OS-01_3_B12_s1_27,U2OS-01,3,B12,s1,TCEB3B,treated,U2OS,,train
2832,U2OS-01_3_B12_s1_28,U2OS-01,3,B12,s1,TCEB3B,treated,U2OS,,train
2833,U2OS-01_3_B12_s1_29,U2OS-01,3,B12,s1,TCEB3B,treated,U2OS,,train
2834,U2OS-01_3_B12_s1_30,U2OS-01,3,B12,s1,TCEB3B,treated,U2OS,,train
2835,U2OS-01_3_B12_s1_31,U2OS-01,3,B12,s1,TCEB3B,treated,U2OS,,train
2836,U2OS-01_3_B12_s1_36,U2OS-01,3,B12,s1,TCEB3B,treated,U2OS,,train
2837,U2OS-01_3_B12_s1_37,U2OS-01,3,B12,s1,TCEB3B,treated,U2OS,,train
2838,U2OS-01_3_B12_s1_38,U2OS-01,3,B12,s1,TCEB3B,treated,U2OS,,train
2839,U2OS-01_3_B12_s1_39,U2OS-01,3,B12,s1,TCEB3B,treated,U2OS,,train
2840,U2OS-01_3_B12_s1_40,U2OS-01,3,B12,s1,TCEB3B,treated,U2OS,,train
2841,U2OS-01_3_B12_s1_41,U2OS-01,3,B12,s1,TCEB3B,treated,U2OS,,train
2842,U2OS-01_3_B12_s1_42,U2OS-01,3,B12,s1,TCEB3B,treated,U2OS,,train
2843,U2OS-01_3_B12_s1_44,U2OS-01,3,B12,s1,TCEB3B,treated,U2OS,,train
2844,U2OS-01_3_B12_s1_45,U2OS-01,3,B12,s1,TCEB3B,treated,U2OS,,train
2845,U2OS-01_3_B12_s1_46,U2OS-01,3,B12,s1,TCEB3B,treated,U2OS,,train
2846,U2OS-01_3_B12_s1_48,U2OS-01,3,B12,s1,TCEB3B,treated,U2OS,,train
2847,U2OS-01_3_B12_s1_49,U2OS-01,3,B12,s1,TCEB3B,treated,U2OS,,train
2848,U2OS-01_3_B12_s1_50,U2OS-01,3,B12,s1,TCEB3B,treated,U2OS,,train
2849,U2OS-01_3_B12_s1_51,U2OS-01,3,B12,s1,TCEB3B,treated,U2OS,,train
2850,U2OS-01_3_B12_s1_53,U2OS-01,3,B12,s1,TCEB3B,treated,U2OS,,train
2851,U2OS-01_3_B12_s1_54,U2OS-01,3,B12,s1,TCEB3B,treated,U2OS,,train
2852,U2OS-01_3_B12_s1_56,U2OS-01,3,B12,s1,TCEB3B,treated,U2OS,,train
2853,U2OS-01_3_B12_s1_57,U2OS-01,3,B12,s1,TCEB3B,treated,U2OS,,train
2854,U2OS-01_3_B12_s1_59,U2OS-01,3,B12,s1,TCEB3B,treated,U2OS,,train
2855,U2OS-01_3_B12_s1_60,U2OS-01,3,B12,s1,TCEB3B,treated,U2OS,,train
2856,U2OS-01_3_B12_s1_61,U2OS-01,3,B12,s1,TCEB3B,treated,U2OS,,train
2857,U2OS-01_3_B12_s1_63,U2OS-01,3,B12,s1,TCEB3B,treated,U2OS,,train
2858,U2OS-01_3_B12_s1_64,U2OS-01,3,B12,s1,TCEB3B,treated,U2OS,,train
2859,U2OS-01_3_B12_s1_67,U2OS-01,3,B12,s1,TCEB3B,treated,U2OS,,train
2860,U2OS-01_3_B12_s1_68,U2OS-01,3,B12,s1,TCEB3B,treated,U2OS,,train
2861,U2OS-01_3_B12_s1_70,U2OS-01,3,B12,s1,TCEB3B,treated,U2OS,,train
2862,U2OS-01_3_C08_s1_5,U2OS-01,3,C08,s1,FXYD5,treated,U2OS,,train
2863,U2OS-01_3_C08_s1_7,U2OS-01,3,C08,s1,FXYD5,treated,U2OS,,train
2864,U2OS-01_3_C08_s1_8,U2OS-01,3,C08,s1,FXYD5,treated,U2OS,,train
2865,U2OS-01_3_C08_s1_11,U2OS-01,3,C08,s1,FXYD5,treated,U2OS,,train
2866,U2OS-01_3_C08_s1_13,U2OS-01,3,C08,s1,FXYD5,treated,U2OS,,train
2867,U2OS-01_3_C08_s1_14,U2OS-01,3,C08,s1,FXYD5,treated,U2OS,,train
2868,U2OS-01_3_C08_s1_16,U2OS-01,3,C08,s1,FXYD5,treated,U2OS,,train
2869,U2OS-01_3_C08_s1_17,U2OS-01,3,C08,s1,FXYD5,treated,U2OS,,train
2870,U2OS-01_3_C08_s1_18,U2OS-01,3,C08,s1,FXYD5,treated,U2OS,,train
2871,U2OS-01_3_C08_s1_19,U2OS-01,3,C08,s1,FXYD5,treated,U2OS,,train
2872,U2OS-01_3_C08_s1_21,U2OS-01,3,C08,s1,FXYD5,treated,U2OS,,train
2873,U2OS-01_3_C08_s1_22,U2OS-01,3,C08,s1,FXYD5,treated,U2OS,,train
2874,U2OS-01_3_C08_s1_23,U2OS-01,3,C08,s1,FXYD5,treated,U2OS,,train
2875,U2OS-01_3_C08_s1_24,U2OS-01,3,C08,s1,FXYD5,treated,U2OS,,train
2876,U2OS-01_3_C08_s1_29,U2OS-01,3,C08,s1,FXYD5,treated,U2OS,,train
2877,U2OS-01_3_C08_s1_31,U2OS-01,3,C08,s1,FXYD5,treated,U2OS,,train
2878,U2OS-01_3_C08_s1_33,U2OS-01,3,C08,s1,FXYD5,treated,U2OS,,train
2879,U2OS-01_3_C08_s1_34,U2OS-01,3,C08,s1,FXYD5,treated,U2OS,,train
2880,U2OS-01_3_C08_s1_35,U2OS-01,3,C08,s1,FXYD5,treated,U2OS,,train
2881,U2OS-01_3_C08_s1_36,U2OS-01,3,C08,s1,FXYD5,treated,U2OS,,train
2882,U2OS-01_3_C08_s1_37,U2OS-01,3,C08,s1,FXYD5,treated,U2OS,,train
2883,U2OS-01_3_C08_s1_39,U2OS-01,3,C08,s1,FXYD5,treated,U2OS,,train
2884,U2OS-01_3_C08_s1_40,U2OS-01,3,C08,s1,FXYD5,treated,U2OS,,train
2885,U2OS-01_3_C08_s1_42,U2OS-01,3,C08,s1,FXYD5,treated,U2OS,,train
2886,U2OS-01_3_C08_s1_44,U2OS-01,3,C08,s1,FXYD5,treated,U2OS,,train
2887,U2OS-01_3_C08_s1_45,U2OS-01,3,C08,s1,FXYD5,treated,U2OS,,train
2888,U2OS-01_3_C08_s1_47,U2OS-01,3,C08,s1,FXYD5,treated,U2OS,,train
2889,U2OS-01_3_C08_s1_48,U2OS-01,3,C08,s1,FXYD5,treated,U2OS,,train
2890,U2OS-01_3_C08_s1_49,U2OS-01,3,C08,s1,FXYD5,treated,U2OS,,train
2891,U2OS-01_3_C08_s1_50,U2OS-01,3,C08,s1,FXYD5,treated,U2OS,,train
2892,U2OS-01_3_C08_s1_52,U2OS-01,3,C08,s1,FXYD5,treated,U2OS,,train
2893,U2OS-01_3_C08_s1_54,U2OS-01,3,C08,s1,FXYD5,treated,U2OS,,train
2894,U2OS-01_3_C08_s1_56,U2OS-01,3,C08,s1,FXYD5,treated,U2OS,,train
2895,U2OS-01_3_C08_s1_57,U2OS-01,3,C08,s1,FXYD5,treated,U2OS,,train
2896,U2OS-01_3_C08_s1_58,U2OS-01,3,C08,s1,FXYD5,treated,U2OS,,train
2897,U2OS-01_3_C08_s1_61,U2OS-01,3,C08,s1,FXYD5,treated,U2OS,,train
2898,U2OS-01_3_C08_s1_63,U2OS-01,3,C08,s1,FXYD5,treated,U2OS,,train
2899,U2OS-01_3_C08_s1_65,U2OS-01,3,C08,s1,FXYD5,treated,U2OS,,train
2900,U2OS-01_3_C08_s1_66,U2OS-01,3,C08,s1,FXYD5,treated,U2OS,,train
2901,U2OS-01_3_C08_s1_68,U2OS-01,3,C08,s1,FXYD5,treated,U2OS,,train
2902,U2OS-01_3_D06_s1_16,U2OS-01,3,D06,s1,PRKAG3,treated,U2OS,,train
2903,U2OS-01_3_D06_s1_18,U2OS-01,3,D06,s1,PRKAG3,treated,U2OS,,train
2904,U2OS-01_3_D06_s1_19,U2OS-01,3,D06,s1,PRKAG3,treated,U2OS,,train
2905,U2OS-01_3_D06_s1_22,U2OS-01,3,D06,s1,PRKAG3,treated,U2OS,,train
2906,U2OS-01_3_D06_s1_26,U2OS-01,3,D06,s1,PRKAG3,treated,U2OS,,train
2907,U2OS-01_3_D06_s1_27,U2OS-01,3,D06,s1,PRKAG3,treated,U2OS,,train
2908,U2OS-01_3_D06_s1_28,U2OS-01,3,D06,s1,PRKAG3,treated,U2OS,,train
2909,U2OS-01_3_D06_s1_29,U2OS-01,3,D06,s1,PRKAG3,treated,U2OS,,train
2910,U2OS-01_3_D06_s1_30,U2OS-01,3,D06,s1,PRKAG3,treated,U2OS,,train
2911,U2OS-01_3_D06_s1_31,U2OS-01,3,D06,s1,PRKAG3,treated,U2OS,,train
2912,U2OS-01_3_D06_s1_33,U2OS-01,3,D06,s1,PRKAG3,treated,U2OS,,train
2913,U2OS-01_3_D06_s1_34,U2OS-01,3,D06,s1,PRKAG3,treated,U2OS,,train
2914,U2OS-01_3_D06_s1_35,U2OS-01,3,D06,s1,PRKAG3,treated,U2OS,,train
2915,U2OS-01_3_D06_s1_37,U2OS-01,3,D06,s1,PRKAG3,treated,U2OS,,train
2916,U2OS-01_3_D06_s1_41,U2OS-01,3,D06,s1,PRKAG3,treated,U2OS,,train
2917,U2OS-01_3_D06_s1_42,U2OS-01,3,D06,s1,PRKAG3,treated,U2OS,,train
2918,U2OS-01_3_D06_s1_43,U2OS-01,3,D06,s1,PRKAG3,treated,U2OS,,train
2919,U2OS-01_3_D06_s1_44,U2OS-01,3,D06,s1,PRKAG3,treated,U2OS,,train
2920,U2OS-01_3_D06_s1_45,U2OS-01,3,D06,s1,PRKAG3,treated,U2OS,,train
2921,U2OS-01_3_D06_s1_48,U2OS-01,3,D06,s1,PRKAG3,treated,U2OS,,train
2922,U2OS-01_3_D06_s1_51,U2OS-01,3,D06,s1,PRKAG3,treated,U2OS,,train
2923,U2OS-01_3_D06_s1_53,U2OS-01,3,D06,s1,PRKAG3,treated,U2OS,,train
2924,U2OS-01_3_D06_s1_54,U2OS-01,3,D06,s1,PRKAG3,treated,U2OS,,train
2925,U2OS-01_3_D06_s1_55,U2OS-01,3,D06,s1,PRKAG3,treated,U2OS,,train
2926,U2OS-01_3_D06_s1_56,U2OS-01,3,D06,s1,PRKAG3,treated,U2OS,,train
2927,U2OS-01_3_D06_s1_58,U2OS-01,3,D06,s1,PRKAG3,treated,U2OS,,train
2928,U2OS-01_3_D06_s1_60,U2OS-01,3,D06,s1,PRKAG3,treated,U2OS,,train
2929,U2OS-01_3_D06_s1_63,U2OS-01,3,D06,s1,PRKAG3,treated,U2OS,,train
2930,U2OS-01_3_D06_s1_64,U2OS-01,3,D06,s1,PRKAG3,treated,U2OS,,train
2931,U2OS-01_3_D06_s1_65,U2OS-01,3,D06,s1,PRKAG3,treated,U2OS,,train
2932,U2OS-01_3_D06_s1_69,U2OS-01,3,D06,s1,PRKAG3,treated,U2OS,,train
2933,U2OS-01_3_D06_s1_70,U2OS-01,3,D06,s1,PRKAG3,treated,U2OS,,train
2934,U2OS-01_3_D06_s1_72,U2OS-01,3,D06,s1,PRKAG3,treated,U2OS,,train
2935,U2OS-01_3_D06_s1_75,U2OS-01,3,D06,s1,PRKAG3,treated,U2OS,,train
2936,U2OS-01_3_D06_s1_79,U2OS-01,3,D06,s1,PRKAG3,treated,U2OS,,train
2937,U2OS-01_3_D06_s1_81,U2OS-01,3,D06,s1,PRKAG3,treated,U2OS,,train
2938,U2OS-01_3_D06_s1_82,U2OS-01,3,D06,s1,PRKAG3,treated,U2OS,,train
2939,U2OS-01_3_D06_s1_84,U2OS-01,3,D06,s1,PRKAG3,treated,U2OS,,train
2940,U2OS-01_3_D06_s2_15,U2OS-01,3,D06,s2,PRKAG3,treated,U2OS,,train
2941,U2OS-01_3_D06_s2_17,U2OS-01,3,D06,s2,PRKAG3,treated,U2OS,,train
2942,U2OS-01_3_D10_s1_5,U2OS-01,3,D10,s1,SH3KBP1,treated,U2OS,,train
2943,U2OS-01_3_D10_s1_6,U2OS-01,3,D10,s1,SH3KBP1,treated,U2OS,,train
2944,U2OS-01_3_D10_s1_8,U2OS-01,3,D10,s1,SH3KBP1,treated,U2OS,,train
2945,U2OS-01_3_D10_s1_10,U2OS-01,3,D10,s1,SH3KBP1,treated,U2OS,,train
2946,U2OS-01_3_D10_s1_13,U2OS-01,3,D10,s1,SH3KBP1,treated,U2OS,,train
2947,U2OS-01_3_D10_s1_14,U2OS-01,3,D10,s1,SH3KBP1,treated,U2OS,,train
2948,U2OS-01_3_D10_s1_15,U2OS-01,3,D10,s1,SH3KBP1,treated,U2OS,,train
2949,U2OS-01_3_D10_s1_17,U2OS-01,3,D10,s1,SH3KBP1,treated,U2OS,,train
2950,U2OS-01_3_D10_s1_18,U2OS-01,3,D10,s1,SH3KBP1,treated,U2OS,,train
2951,U2OS-01_3_D10_s1_19,U2OS-01,3,D10,s1,SH3KBP1,treated,U2OS,,train
2952,U2OS-01_3_D10_s1_20,U2OS-01,3,D10,s1,SH3KBP1,treated,U2OS,,train
2953,U2OS-01_3_D10_s1_21,U2OS-01,3,D10,s1,SH3KBP1,treated,U2OS,,train
2954,U2OS-01_3_D10_s1_22,U2OS-01,3,D10,s1,SH3KBP1,treated,U2OS,,train
2955,U2OS-01_3_D10_s1_24,U2OS-01,3,D10,s1,SH3KBP1,treated,U2OS,,train
2956,U2OS-01_3_D10_s1_30,U2OS-01,3,D10,s1,SH3KBP1,treated,U2OS,,train
2957,U2OS-01_3_D10_s1_31,U2OS-01,3,D10,s1,SH3KBP1,treated,U2OS,,train
2958,U2OS-01_3_D10_s1_32,U2OS-01,3,D10,s1,SH3KBP1,treated,U2OS,,train
2959,U2OS-01_3_D10_s1_33,U2OS-01,3,D10,s1,SH3KBP1,treated,U2OS,,train
2960,U2OS-01_3_D10_s1_34,U2OS-01,3,D10,s1,SH3KBP1,treated,U2OS,,train
2961,U2OS-01_3_D10_s1_36,U2OS-01,3,D10,s1,SH3KBP1,treated,U2OS,,train
2962,U2OS-01_3_D10_s1_37,U2OS-01,3,D10,s1,SH3KBP1,treated,U2OS,,train
2963,U2OS-01_3_D10_s1_41,U2OS-01,3,D10,s1,SH3KBP1,treated,U2OS,,train
2964,U2OS-01_3_D10_s1_42,U2OS-01,3,D10,s1,SH3KBP1,treated,U2OS,,train
2965,U2OS-01_3_D10_s1_45,U2OS-01,3,D10,s1,SH3KBP1,treated,U2OS,,train
2966,U2OS-01_3_D10_s1_46,U2OS-01,3,D10,s1,SH3KBP1,treated,U2OS,,train
2967,U2OS-01_3_D10_s2_9,U2OS-01,3,D10,s2,SH3KBP1,treated,U2OS,,train
2968,U2OS-01_3_D10_s2_10,U2OS-01,3,D10,s2,SH3KBP1,treated,U2OS,,train
2969,U2OS-01_3_D10_s2_12,U2OS-01,3,D10,s2,SH3KBP1,treated,U2OS,,train
2970,U2OS-01_3_D10_s2_13,U2OS-01,3,D10,s2,SH3KBP1,treated,U2OS,,train
2971,U2OS-01_3_D10_s2_15,U2OS-01,3,D10,s2,SH3KBP1,treated,U2OS,,train
2972,U2OS-01_3_D10_s2_17,U2OS-01,3,D10,s2,SH3KBP1,treated,U2OS,,train
2973,U2OS-01_3_D10_s2_18,U2OS-01,3,D10,s2,SH3KBP1,treated,U2OS,,train
2974,U2OS-01_3_D10_s2_20,U2OS-01,3,D10,s2,SH3KBP1,treated,U2OS,,train
2975,U2OS-01_3_D10_s2_22,U2OS-01,3,D10,s2,SH3KBP1,treated,U2OS,,train
2976,U2OS-01_3_D10_s2_23,U2OS-01,3,D10,s2,SH3KBP1,treated,U2OS,,train
2977,U2OS-01_3_D10_s2_25,U2OS-01,3,D10,s2,SH3KBP1,treated,U2OS,,train
2978,U2OS-01_3_D10_s2_26,U2OS-01,3,D10,s2,SH3KBP1,treated,U2OS,,train
2979,U2OS-01_3_D10_s2_32,U2OS-01,3,D10,s2,SH3KBP1,treated,U2OS,,train
2980,U2OS-01_3_D10_s2_34,U2OS-01,3,D10,s2,SH3KBP1,treated,U2OS,,train
2981,U2OS-01_3_D10_s2_35,U2OS-01,3,D10,s2,SH3KBP1,treated,U2OS,,train
2982,U2OS-01_3_D12_s1_8,U2OS-01,3,D12,s1,SLC25A39,treated,U2OS,,train
2983,U2OS-01_3_D12_s1_9,U2OS-01,3,D12,s1,SLC25A39,treated,U2OS,,train
2984,U2OS-01_3_D12_s1_10,U2OS-01,3,D12,s1,SLC25A39,treated,U2OS,,train
2985,U2OS-01_3_D12_s1_12,U2OS-01,3,D12,s1,SLC25A39,treated,U2OS,,train
2986,U2OS-01_3_D12_s1_14,U2OS-01,3,D12,s1,SLC25A39,treated,U2OS,,train
2987,U2OS-01_3_D12_s1_15,U2OS-01,3,D12,s1,SLC25A39,treated,U2OS,,train
2988,U2OS-01_3_D12_s1_16,U2OS-01,3,D12,s1,SLC25A39,treated,U2OS,,train
2989,U2OS-01_3_D12_s1_17,U2OS-01,3,D12,s1,SLC25A39,treated,U2OS,,train
2990,U2OS-01_3_D12_s1_18,U2OS-01,3,D12,s1,SLC25A39,treated,U2OS,,train
2991,U2OS-01_3_D12_s1_19,U2OS-01,3,D12,s1,SLC25A39,treated,U2OS,,train
2992,U2OS-01_3_D12_s1_20,U2OS-01,3,D12,s1,SLC25A39,treated,U2OS,,train
2993,U2OS-01_3_D12_s1_21,U2OS-01,3,D12,s1,SLC25A39,treated,U2OS,,train
2994,U2OS-01_3_D12_s1_22,U2OS-01,3,D12,s1,SLC25A39,treated,U2OS,,train
2995,U2OS-01_3_D12_s1_23,U2OS-01,3,D12,s1,SLC25A39,treated,U2OS,,train
2996,U2OS-01_3_D12_s1_27,U2OS-01,3,D12,s1,SLC25A39,treated,U2OS,,train
2997,U2OS-01_3_D12_s1_28,U2OS-01,3,D12,s1,SLC25A39,treated,U2OS,,train
2998,U2OS-01_3_D12_s1_29,U2OS-01,3,D12,s1,SLC25A39,treated,U2OS,,train
2999,U2OS-01_3_D12_s1_30,U2OS-01,3,D12,s1,SLC25A39,treated,U2OS,,train
3000,U2OS-01_3_D12_s1_31,U2OS-01,3,D12,s1,SLC25A39,treated,U2OS,,train
3001,U2OS-01_3_D12_s1_32,U2OS-01,3,D12,s1,SLC25A39,treated,U2OS,,train
3002,U2OS-01_3_D12_s1_33,U2OS-01,3,D12,s1,SLC25A39,treated,U2OS,,train
3003,U2OS-01_3_D12_s1_35,U2OS-01,3,D12,s1,SLC25A39,treated,U2OS,,train
3004,U2OS-01_3_D12_s1_36,U2OS-01,3,D12,s1,SLC25A39,treated,U2OS,,train
3005,U2OS-01_3_D12_s1_37,U2OS-01,3,D12,s1,SLC25A39,treated,U2OS,,train
3006,U2OS-01_3_D12_s1_38,U2OS-01,3,D12,s1,SLC25A39,treated,U2OS,,train
3007,U2OS-01_3_D12_s1_40,U2OS-01,3,D12,s1,SLC25A39,treated,U2OS,,train
3008,U2OS-01_3_D12_s1_41,U2OS-01,3,D12,s1,SLC25A39,treated,U2OS,,train
3009,U2OS-01_3_D12_s1_42,U2OS-01,3,D12,s1,SLC25A39,treated,U2OS,,train
3010,U2OS-01_3_D12_s1_43,U2OS-01,3,D12,s1,SLC25A39,treated,U2OS,,train
3011,U2OS-01_3_D12_s1_44,U2OS-01,3,D12,s1,SLC25A39,treated,U2OS,,train
3012,U2OS-01_3_D12_s1_46,U2OS-01,3,D12,s1,SLC25A39,treated,U2OS,,train
3013,U2OS-01_3_D12_s1_47,U2OS-01,3,D12,s1,SLC25A39,treated,U2OS,,train
3014,U2OS-01_3_D12_s1_50,U2OS-01,3,D12,s1,SLC25A39,treated,U2OS,,train
3015,U2OS-01_3_D12_s1_52,U2OS-01,3,D12,s1,SLC25A39,treated,U2OS,,train
3016,U2OS-01_3_D12_s1_53,U2OS-01,3,D12,s1,SLC25A39,treated,U2OS,,train
3017,U2OS-01_3_D12_s2_3,U2OS-01,3,D12,s2,SLC25A39,treated,U2OS,,train
3018,U2OS-01_3_D12_s2_4,U2OS-01,3,D12,s2,SLC25A39,treated,U2OS,,train
3019,U2OS-01_3_D12_s2_6,U2OS-01,3,D12,s2,SLC25A39,treated,U2OS,,train
3020,U2OS-01_3_D12_s2_7,U2OS-01,3,D12,s2,SLC25A39,treated,U2OS,,train
3021,U2OS-01_3_D12_s2_9,U2OS-01,3,D12,s2,SLC25A39,treated,U2OS,,train
3022,U2OS-01_3_D17_s1_14,U2OS-01,3,D17,s1,RASD1,treated,U2OS,,train
3023,U2OS-01_3_D17_s1_15,U2OS-01,3,D17,s1,RASD1,treated,U2OS,,train
3024,U2OS-01_3_D17_s1_17,U2OS-01,3,D17,s1,RASD1,treated,U2OS,,train
3025,U2OS-01_3_D17_s1_19,U2OS-01,3,D17,s1,RASD1,treated,U2OS,,train
3026,U2OS-01_3_D17_s1_23,U2OS-01,3,D17,s1,RASD1,treated,U2OS,,train
3027,U2OS-01_3_D17_s1_25,U2OS-01,3,D17,s1,RASD1,treated,U2OS,,train
3028,U2OS-01_3_D17_s1_26,U2OS-01,3,D17,s1,RASD1,treated,U2OS,,train
3029,U2OS-01_3_D17_s1_27,U2OS-01,3,D17,s1,RASD1,treated,U2OS,,train
3030,U2OS-01_3_D17_s1_28,U2OS-01,3,D17,s1,RASD1,treated,U2OS,,train
3031,U2OS-01_3_D17_s1_29,U2OS-01,3,D17,s1,RASD1,treated,U2OS,,train
3032,U2OS-01_3_D17_s1_30,U2OS-01,3,D17,s1,RASD1,treated,U2OS,,train
3033,U2OS-01_3_D17_s1_31,U2OS-01,3,D17,s1,RASD1,treated,U2OS,,train
3034,U2OS-01_3_D17_s1_32,U2OS-01,3,D17,s1,RASD1,treated,U2OS,,train
3035,U2OS-01_3_D17_s1_35,U2OS-01,3,D17,s1,RASD1,treated,U2OS,,train
3036,U2OS-01_3_D17_s1_39,U2OS-01,3,D17,s1,RASD1,treated,U2OS,,train
3037,U2OS-01_3_D17_s1_40,U2OS-01,3,D17,s1,RASD1,treated,U2OS,,train
3038,U2OS-01_3_D17_s1_42,U2OS-01,3,D17,s1,RASD1,treated,U2OS,,train
3039,U2OS-01_3_D17_s1_43,U2OS-01,3,D17,s1,RASD1,treated,U2OS,,train
3040,U2OS-01_3_D17_s1_44,U2OS-01,3,D17,s1,RASD1,treated,U2OS,,train
3041,U2OS-01_3_D17_s1_45,U2OS-01,3,D17,s1,RASD1,treated,U2OS,,train
3042,U2OS-01_3_D17_s1_46,U2OS-01,3,D17,s1,RASD1,treated,U2OS,,train
3043,U2OS-01_3_D17_s1_49,U2OS-01,3,D17,s1,RASD1,treated,U2OS,,train
3044,U2OS-01_3_D17_s1_50,U2OS-01,3,D17,s1,RASD1,treated,U2OS,,train
3045,U2OS-01_3_D17_s1_53,U2OS-01,3,D17,s1,RASD1,treated,U2OS,,train
3046,U2OS-01_3_D17_s1_54,U2OS-01,3,D17,s1,RASD1,treated,U2OS,,train
3047,U2OS-01_3_D17_s1_55,U2OS-01,3,D17,s1,RASD1,treated,U2OS,,train
3048,U2OS-01_3_D17_s1_56,U2OS-01,3,D17,s1,RASD1,treated,U2OS,,train
3049,U2OS-01_3_D17_s1_57,U2OS-01,3,D17,s1,RASD1,treated,U2OS,,train
3050,U2OS-01_3_D17_s1_58,U2OS-01,3,D17,s1,RASD1,treated,U2OS,,train
3051,U2OS-01_3_D17_s1_59,U2OS-01,3,D17,s1,RASD1,treated,U2OS,,train
3052,U2OS-01_3_D17_s1_62,U2OS-01,3,D17,s1,RASD1,treated,U2OS,,train
3053,U2OS-01_3_D17_s1_63,U2OS-01,3,D17,s1,RASD1,treated,U2OS,,train
3054,U2OS-01_3_D17_s1_65,U2OS-01,3,D17,s1,RASD1,treated,U2OS,,train
3055,U2OS-01_3_D17_s1_66,U2OS-01,3,D17,s1,RASD1,treated,U2OS,,train
3056,U2OS-01_3_D17_s1_67,U2OS-01,3,D17,s1,RASD1,treated,U2OS,,train
3057,U2OS-01_3_D17_s1_71,U2OS-01,3,D17,s1,RASD1,treated,U2OS,,train
3058,U2OS-01_3_D17_s1_73,U2OS-01,3,D17,s1,RASD1,treated,U2OS,,train
3059,U2OS-01_3_D17_s1_76,U2OS-01,3,D17,s1,RASD1,treated,U2OS,,train
3060,U2OS-01_3_D17_s1_77,U2OS-01,3,D17,s1,RASD1,treated,U2OS,,train
3061,U2OS-01_3_D17_s1_79,U2OS-01,3,D17,s1,RASD1,treated,U2OS,,train
3062,U2OS-01_3_D22_s1_8,U2OS-01,3,D22,s1,CDHR2,treated,U2OS,,train
3063,U2OS-01_3_D22_s1_10,U2OS-01,3,D22,s1,CDHR2,treated,U2OS,,train
3064,U2OS-01_3_D22_s1_11,U2OS-01,3,D22,s1,CDHR2,treated,U2OS,,train
3065,U2OS-01_3_D22_s1_14,U2OS-01,3,D22,s1,CDHR2,treated,U2OS,,train
3066,U2OS-01_3_D22_s1_16,U2OS-01,3,D22,s1,CDHR2,treated,U2OS,,train
3067,U2OS-01_3_D22_s1_17,U2OS-01,3,D22,s1,CDHR2,treated,U2OS,,train
3068,U2OS-01_3_D22_s1_18,U2OS-01,3,D22,s1,CDHR2,treated,U2OS,,train
3069,U2OS-01_3_D22_s1_20,U2OS-01,3,D22,s1,CDHR2,treated,U2OS,,train
3070,U2OS-01_3_D22_s1_21,U2OS-01,3,D22,s1,CDHR2,treated,U2OS,,train
3071,U2OS-01_3_D22_s1_22,U2OS-01,3,D22,s1,CDHR2,treated,U2OS,,train
3072,U2OS-01_3_D22_s1_23,U2OS-01,3,D22,s1,CDHR2,treated,U2OS,,train
3073,U2OS-01_3_D22_s1_25,U2OS-01,3,D22,s1,CDHR2,treated,U2OS,,train
3074,U2OS-01_3_D22_s1_26,U2OS-01,3,D22,s1,CDHR2,treated,U2OS,,train
3075,U2OS-01_3_D22_s1_27,U2OS-01,3,D22,s1,CDHR2,treated,U2OS,,train
3076,U2OS-01_3_D22_s1_34,U2OS-01,3,D22,s1,CDHR2,treated,U2OS,,train
3077,U2OS-01_3_D22_s1_36,U2OS-01,3,D22,s1,CDHR2,treated,U2OS,,train
3078,U2OS-01_3_D22_s1_37,U2OS-01,3,D22,s1,CDHR2,treated,U2OS,,train
3079,U2OS-01_3_D22_s1_38,U2OS-01,3,D22,s1,CDHR2,treated,U2OS,,train
3080,U2OS-01_3_D22_s1_39,U2OS-01,3,D22,s1,CDHR2,treated,U2OS,,train
3081,U2OS-01_3_D22_s1_40,U2OS-01,3,D22,s1,CDHR2,treated,U2OS,,train
3082,U2OS-01_3_D22_s1_41,U2OS-01,3,D22,s1,CDHR2,treated,U2OS,,train
3083,U2OS-01_3_D22_s1_44,U2OS-01,3,D22,s1,CDHR2,treated,U2OS,,train
3084,U2OS-01_3_D22_s1_45,U2OS-01,3,D22,s1,CDHR2,treated,U2OS,,train
3085,U2OS-01_3_D22_s1_46,U2OS-01,3,D22,s1,CDHR2,treated,U2OS,,train
3086,U2OS-01_3_D22_s1_48,U2OS-01,3,D22,s1,CDHR2,treated,U2OS,,train
3087,U2OS-01_3_D22_s1_49,U2OS-01,3,D22,s1,CDHR2,treated,U2OS,,train
3088,U2OS-01_3_D22_s1_51,U2OS-01,3,D22,s1,CDHR2,treated,U2OS,,train
3089,U2OS-01_3_D22_s1_52,U2OS-01,3,D22,s1,CDHR2,treated,U2OS,,train
3090,U2OS-01_3_D22_s1_53,U2OS-01,3,D22,s1,CDHR2,treated,U2OS,,train
3091,U2OS-01_3_D22_s1_55,U2OS-01,3,D22,s1,CDHR2,treated,U2OS,,train
3092,U2OS-01_3_D22_s1_57,U2OS-01,3,D22,s1,CDHR2,treated,U2OS,,train
3093,U2OS-01_3_D22_s1_59,U2OS-01,3,D22,s1,CDHR2,treated,U2OS,,train
3094,U2OS-01_3_D22_s1_61,U2OS-01,3,D22,s1,CDHR2,treated,U2OS,,train
3095,U2OS-01_3_D22_s1_62,U2OS-01,3,D22,s1,CDHR2,treated,U2OS,,train
3096,U2OS-01_3_D22_s1_64,U2OS-01,3,D22,s1,CDHR2,treated,U2OS,,train
3097,U2OS-01_3_D22_s1_69,U2OS-01,3,D22,s1,CDHR2,treated,U2OS,,train
3098,U2OS-01_3_D22_s1_70,U2OS-01,3,D22,s1,CDHR2,treated,U2OS,,train
3099,U2OS-01_3_D22_s2_15,U2OS-01,3,D22,s2,CDHR2,treated,U2OS,,train
3100,U2OS-01_3_D22_s2_17,U2OS-01,3,D22,s2,CDHR2,treated,U2OS,,train
3101,U2OS-01_3_D22_s2_18,U2OS-01,3,D22,s2,CDHR2,treated,U2OS,,train
3102,U2OS-01_3_E10_s1_13,U2OS-01,3,E10,s1,SOCS7,treated,U2OS,,train
3103,U2OS-01_3_E10_s1_14,U2OS-01,3,E10,s1,SOCS7,treated,U2OS,,train
3104,U2OS-01_3_E10_s1_15,U2OS-01,3,E10,s1,SOCS7,treated,U2OS,,train
3105,U2OS-01_3_E10_s1_18,U2OS-01,3,E10,s1,SOCS7,treated,U2OS,,train
3106,U2OS-01_3_E10_s1_20,U2OS-01,3,E10,s1,SOCS7,treated,U2OS,,train
3107,U2OS-01_3_E10_s1_21,U2OS-01,3,E10,s1,SOCS7,treated,U2OS,,train
3108,U2OS-01_3_E10_s1_23,U2OS-01,3,E10,s1,SOCS7,treated,U2OS,,train
3109,U2OS-01_3_E10_s1_24,U2OS-01,3,E10,s1,SOCS7,treated,U2OS,,train
3110,U2OS-01_3_E10_s1_25,U2OS-01,3,E10,s1,SOCS7,treated,U2OS,,train
3111,U2OS-01_3_E10_s1_26,U2OS-01,3,E10,s1,SOCS7,treated,U2OS,,train
3112,U2OS-01_3_E10_s1_27,U2OS-01,3,E10,s1,SOCS7,treated,U2OS,,train
3113,U2OS-01_3_E10_s1_28,U2OS-01,3,E10,s1,SOCS7,treated,U2OS,,train
3114,U2OS-01_3_E10_s1_30,U2OS-01,3,E10,s1,SOCS7,treated,U2OS,,train
3115,U2OS-01_3_E10_s1_32,U2OS-01,3,E10,s1,SOCS7,treated,U2OS,,train
3116,U2OS-01_3_E10_s1_37,U2OS-01,3,E10,s1,SOCS7,treated,U2OS,,train
3117,U2OS-01_3_E10_s1_39,U2OS-01,3,E10,s1,SOCS7,treated,U2OS,,train
3118,U2OS-01_3_E10_s1_40,U2OS-01,3,E10,s1,SOCS7,treated,U2OS,,train
3119,U2OS-01_3_E10_s1_42,U2OS-01,3,E10,s1,SOCS7,treated,U2OS,,train
3120,U2OS-01_3_E10_s1_43,U2OS-01,3,E10,s1,SOCS7,treated,U2OS,,train
3121,U2OS-01_3_E10_s1_44,U2OS-01,3,E10,s1,SOCS7,treated,U2OS,,train
3122,U2OS-01_3_E10_s1_45,U2OS-01,3,E10,s1,SOCS7,treated,U2OS,,train
3123,U2OS-01_3_E10_s1_48,U2OS-01,3,E10,s1,SOCS7,treated,U2OS,,train
3124,U2OS-01_3_E10_s1_49,U2OS-01,3,E10,s1,SOCS7,treated,U2OS,,train
3125,U2OS-01_3_E10_s1_50,U2OS-01,3,E10,s1,SOCS7,treated,U2OS,,train
3126,U2OS-01_3_E10_s1_51,U2OS-01,3,E10,s1,SOCS7,treated,U2OS,,train
3127,U2OS-01_3_E10_s1_52,U2OS-01,3,E10,s1,SOCS7,treated,U2OS,,train
3128,U2OS-01_3_E10_s1_53,U2OS-01,3,E10,s1,SOCS7,treated,U2OS,,train
3129,U2OS-01_3_E10_s1_54,U2OS-01,3,E10,s1,SOCS7,treated,U2OS,,train
3130,U2OS-01_3_E10_s1_56,U2OS-01,3,E10,s1,SOCS7,treated,U2OS,,train
3131,U2OS-01_3_E10_s1_57,U2OS-01,3,E10,s1,SOCS7,treated,U2OS,,train
3132,U2OS-01_3_E10_s1_62,U2OS-01,3,E10,s1,SOCS7,treated,U2OS,,train
3133,U2OS-01_3_E10_s1_63,U2OS-01,3,E10,s1,SOCS7,treated,U2OS,,train
3134,U2OS-01_3_E10_s1_65,U2OS-01,3,E10,s1,SOCS7,treated,U2OS,,train
3135,U2OS-01_3_E10_s1_66,U2OS-01,3,E10,s1,SOCS7,treated,U2OS,,train
3136,U2OS-01_3_E10_s1_67,U2OS-01,3,E10,s1,SOCS7,treated,U2OS,,train
3137,U2OS-01_3_E10_s1_69,U2OS-01,3,E10,s1,SOCS7,treated,U2OS,,train
3138,U2OS-01_3_E10_s1_70,U2OS-01,3,E10,s1,SOCS7,treated,U2OS,,train
3139,U2OS-01_3_E10_s1_73,U2OS-01,3,E10,s1,SOCS7,treated,U2OS,,train
3140,U2OS-01_3_E10_s1_76,U2OS-01,3,E10,s1,SOCS7,treated,U2OS,,train
3141,U2OS-01_3_E10_s1_78,U2OS-01,3,E10,s1,SOCS7,treated,U2OS,,train
3142,U2OS-01_3_E13_s1_12,U2OS-01,3,E13,s1,GPN2,treated,U2OS,,train
3143,U2OS-01_3_E13_s1_15,U2OS-01,3,E13,s1,GPN2,treated,U2OS,,train
3144,U2OS-01_3_E13_s1_16,U2OS-01,3,E13,s1,GPN2,treated,U2OS,,train
3145,U2OS-01_3_E13_s1_18,U2OS-01,3,E13,s1,GPN2,treated,U2OS,,train
3146,U2OS-01_3_E13_s1_20,U2OS-01,3,E13,s1,GPN2,treated,U2OS,,train
3147,U2OS-01_3_E13_s1_22,U2OS-01,3,E13,s1,GPN2,treated,U2OS,,train
3148,U2OS-01_3_E13_s1_23,U2OS-01,3,E13,s1,GPN2,treated,U2OS,,train
3149,U2OS-01_3_E13_s1_24,U2OS-01,3,E13,s1,GPN2,treated,U2OS,,train
3150,U2OS-01_3_E13_s1_25,U2OS-01,3,E13,s1,GPN2,treated,U2OS,,train
3151,U2OS-01_3_E13_s1_27,U2OS-01,3,E13,s1,GPN2,treated,U2OS,,train
3152,U2OS-01_3_E13_s1_28,U2OS-01,3,E13,s1,GPN2,treated,U2OS,,train
3153,U2OS-01_3_E13_s1_30,U2OS-01,3,E13,s1,GPN2,treated,U2OS,,train
3154,U2OS-01_3_E13_s1_31,U2OS-01,3,E13,s1,GPN2,treated,U2OS,,train
3155,U2OS-01_3_E13_s1_32,U2OS-01,3,E13,s1,GPN2,treated,U2OS,,train
3156,U2OS-01_3_E13_s1_36,U2OS-01,3,E13,s1,GPN2,treated,U2OS,,train
3157,U2OS-01_3_E13_s1_37,U2OS-01,3,E13,s1,GPN2,treated,U2OS,,train
3158,U2OS-01_3_E13_s1_38,U2OS-01,3,E13,s1,GPN2,treated,U2OS,,train
3159,U2OS-01_3_E13_s1_39,U2OS-01,3,E13,s1,GPN2,treated,U2OS,,train
3160,U2OS-01_3_E13_s1_40,U2OS-01,3,E13,s1,GPN2,treated,U2OS,,train
3161,U2OS-01_3_E13_s1_41,U2OS-01,3,E13,s1,GPN2,treated,U2OS,,train
3162,U2OS-01_3_E13_s1_42,U2OS-01,3,E13,s1,GPN2,treated,U2OS,,train
3163,U2OS-01_3_E13_s1_44,U2OS-01,3,E13,s1,GPN2,treated,U2OS,,train
3164,U2OS-01_3_E13_s1_45,U2OS-01,3,E13,s1,GPN2,treated,U2OS,,train
3165,U2OS-01_3_E13_s1_46,U2OS-01,3,E13,s1,GPN2,treated,U2OS,,train
3166,U2OS-01_3_E13_s1_47,U2OS-01,3,E13,s1,GPN2,treated,U2OS,,train
3167,U2OS-01_3_E13_s1_48,U2OS-01,3,E13,s1,GPN2,treated,U2OS,,train
3168,U2OS-01_3_E13_s1_49,U2OS-01,3,E13,s1,GPN2,treated,U2OS,,train
3169,U2OS-01_3_E13_s1_50,U2OS-01,3,E13,s1,GPN2,treated,U2OS,,train
3170,U2OS-01_3_E13_s1_51,U2OS-01,3,E13,s1,GPN2,treated,U2OS,,train
3171,U2OS-01_3_E13_s1_52,U2OS-01,3,E13,s1,GPN2,treated,U2OS,,train
3172,U2OS-01_3_E13_s1_56,U2OS-01,3,E13,s1,GPN2,treated,U2OS,,train
3173,U2OS-01_3_E13_s1_57,U2OS-01,3,E13,s1,GPN2,treated,U2OS,,train
3174,U2OS-01_3_E13_s1_59,U2OS-01,3,E13,s1,GPN2,treated,U2OS,,train
3175,U2OS-01_3_E13_s1_60,U2OS-01,3,E13,s1,GPN2,treated,U2OS,,train
3176,U2OS-01_3_E13_s1_61,U2OS-01,3,E13,s1,GPN2,treated,U2OS,,train
3177,U2OS-01_3_E13_s1_63,U2OS-01,3,E13,s1,GPN2,treated,U2OS,,train
3178,U2OS-01_3_E13_s1_64,U2OS-01,3,E13,s1,GPN2,treated,U2OS,,train
3179,U2OS-01_3_E13_s1_67,U2OS-01,3,E13,s1,GPN2,treated,U2OS,,train
3180,U2OS-01_3_E13_s1_68,U2OS-01,3,E13,s1,GPN2,treated,U2OS,,train
3181,U2OS-01_3_E13_s1_69,U2OS-01,3,E13,s1,GPN2,treated,U2OS,,train
3182,U2OS-01_3_F05_s1_16,U2OS-01,3,F05,s1,GDPD2,treated,U2OS,,train
3183,U2OS-01_3_F05_s1_17,U2OS-01,3,F05,s1,GDPD2,treated,U2OS,,train
3184,U2OS-01_3_F05_s1_18,U2OS-01,3,F05,s1,GDPD2,treated,U2OS,,train
3185,U2OS-01_3_F05_s1_20,U2OS-01,3,F05,s1,GDPD2,treated,U2OS,,train
3186,U2OS-01_3_F05_s1_22,U2OS-01,3,F05,s1,GDPD2,treated,U2OS,,train
3187,U2OS-01_3_F05_s1_23,U2OS-01,3,F05,s1,GDPD2,treated,U2OS,,train
3188,U2OS-01_3_F05_s1_24,U2OS-01,3,F05,s1,GDPD2,treated,U2OS,,train
3189,U2OS-01_3_F05_s1_25,U2OS-01,3,F05,s1,GDPD2,treated,U2OS,,train
3190,U2OS-01_3_F05_s1_26,U2OS-01,3,F05,s1,GDPD2,treated,U2OS,,train
3191,U2OS-01_3_F05_s1_27,U2OS-01,3,F05,s1,GDPD2,treated,U2OS,,train
3192,U2OS-01_3_F05_s1_28,U2OS-01,3,F05,s1,GDPD2,treated,U2OS,,train
3193,U2OS-01_3_F05_s1_29,U2OS-01,3,F05,s1,GDPD2,treated,U2OS,,train
3194,U2OS-01_3_F05_s1_30,U2OS-01,3,F05,s1,GDPD2,treated,U2OS,,train
3195,U2OS-01_3_F05_s1_31,U2OS-01,3,F05,s1,GDPD2,treated,U2OS,,train
3196,U2OS-01_3_F05_s1_38,U2OS-01,3,F05,s1,GDPD2,treated,U2OS,,train
3197,U2OS-01_3_F05_s1_39,U2OS-01,3,F05,s1,GDPD2,treated,U2OS,,train
3198,U2OS-01_3_F05_s1_40,U2OS-01,3,F05,s1,GDPD2,treated,U2OS,,train
3199,U2OS-01_3_F05_s1_41,U2OS-01,3,F05,s1,GDPD2,treated,U2OS,,train
3200,U2OS-01_3_F05_s1_42,U2OS-01,3,F05,s1,GDPD2,treated,U2OS,,train
3201,U2OS-01_3_F05_s1_43,U2OS-01,3,F05,s1,GDPD2,treated,U2OS,,train
3202,U2OS-01_3_F05_s1_45,U2OS-01,3,F05,s1,GDPD2,treated,U2OS,,train
3203,U2OS-01_3_F05_s1_48,U2OS-01,3,F05,s1,GDPD2,treated,U2OS,,train
3204,U2OS-01_3_F05_s1_50,U2OS-01,3,F05,s1,GDPD2,treated,U2OS,,train
3205,U2OS-01_3_F05_s1_51,U2OS-01,3,F05,s1,GDPD2,treated,U2OS,,train
3206,U2OS-01_3_F05_s1_52,U2OS-01,3,F05,s1,GDPD2,treated,U2OS,,train
3207,U2OS-01_3_F05_s1_53,U2OS-01,3,F05,s1,GDPD2,treated,U2OS,,train
3208,U2OS-01_3_F05_s1_54,U2OS-01,3,F05,s1,GDPD2,treated,U2OS,,train
3209,U2OS-01_3_F05_s1_55,U2OS-01,3,F05,s1,GDPD2,treated,U2OS,,train
3210,U2OS-01_3_F05_s1_56,U2OS-01,3,F05,s1,GDPD2,treated,U2OS,,train
3211,U2OS-01_3_F05_s1_57,U2OS-01,3,F05,s1,GDPD2,treated,U2OS,,train
3212,U2OS-01_3_F05_s1_61,U2OS-01,3,F05,s1,GDPD2,treated,U2OS,,train
3213,U2OS-01_3_F05_s1_63,U2OS-01,3,F05,s1,GDPD2,treated,U2OS,,train
3214,U2OS-01_3_F05_s1_65,U2OS-01,3,F05,s1,GDPD2,treated,U2OS,,train
3215,U2OS-01_3_F05_s1_66,U2OS-01,3,F05,s1,GDPD2,treated,U2OS,,train
3216,U2OS-01_3_F05_s1_67,U2OS-01,3,F05,s1,GDPD2,treated,U2OS,,train
3217,U2OS-01_3_F05_s1_70,U2OS-01,3,F05,s1,GDPD2,treated,U2OS,,train
3218,U2OS-01_3_F05_s1_71,U2OS-01,3,F05,s1,GDPD2,treated,U2OS,,train
3219,U2OS-01_3_F05_s1_73,U2OS-01,3,F05,s1,GDPD2,treated,U2OS,,train
3220,U2OS-01_3_F05_s1_74,U2OS-01,3,F05,s1,GDPD2,treated,U2OS,,train
3221,U2OS-01_3_F05_s1_76,U2OS-01,3,F05,s1,GDPD2,treated,U2OS,,train
3222,U2OS-01_3_F06_s1_8,U2OS-01,3,F06,s1,DDX41,treated,U2OS,,train
3223,U2OS-01_3_F06_s1_9,U2OS-01,3,F06,s1,DDX41,treated,U2OS,,train
3224,U2OS-01_3_F06_s1_10,U2OS-01,3,F06,s1,DDX41,treated,U2OS,,train
3225,U2OS-01_3_F06_s1_13,U2OS-01,3,F06,s1,DDX41,treated,U2OS,,train
3226,U2OS-01_3_F06_s1_15,U2OS-01,3,F06,s1,DDX41,treated,U2OS,,train
3227,U2OS-01_3_F06_s1_16,U2OS-01,3,F06,s1,DDX41,treated,U2OS,,train
3228,U2OS-01_3_F06_s1_17,U2OS-01,3,F06,s1,DDX41,treated,U2OS,,train
3229,U2OS-01_3_F06_s1_18,U2OS-01,3,F06,s1,DDX41,treated,U2OS,,train
3230,U2OS-01_3_F06_s1_19,U2OS-01,3,F06,s1,DDX41,treated,U2OS,,train
3231,U2OS-01_3_F06_s1_21,U2OS-01,3,F06,s1,DDX41,treated,U2OS,,train
3232,U2OS-01_3_F06_s1_22,U2OS-01,3,F06,s1,DDX41,treated,U2OS,,train
3233,U2OS-01_3_F06_s1_24,U2OS-01,3,F06,s1,DDX41,treated,U2OS,,train
3234,U2OS-01_3_F06_s1_26,U2OS-01,3,F06,s1,DDX41,treated,U2OS,,train
3235,U2OS-01_3_F06_s1_27,U2OS-01,3,F06,s1,DDX41,treated,U2OS,,train
3236,U2OS-01_3_F06_s1_31,U2OS-01,3,F06,s1,DDX41,treated,U2OS,,train
3237,U2OS-01_3_F06_s1_33,U2OS-01,3,F06,s1,DDX41,treated,U2OS,,train
3238,U2OS-01_3_F06_s1_34,U2OS-01,3,F06,s1,DDX41,treated,U2OS,,train
3239,U2OS-01_3_F06_s1_35,U2OS-01,3,F06,s1,DDX41,treated,U2OS,,train
3240,U2OS-01_3_F06_s1_36,U2OS-01,3,F06,s1,DDX41,treated,U2OS,,train
3241,U2OS-01_3_F06_s1_39,U2OS-01,3,F06,s1,DDX41,treated,U2OS,,train
3242,U2OS-01_3_F06_s1_40,U2OS-01,3,F06,s1,DDX41,treated,U2OS,,train
3243,U2OS-01_3_F06_s1_43,U2OS-01,3,F06,s1,DDX41,treated,U2OS,,train
3244,U2OS-01_3_F06_s1_46,U2OS-01,3,F06,s1,DDX41,treated,U2OS,,train
3245,U2OS-01_3_F06_s1_47,U2OS-01,3,F06,s1,DDX41,treated,U2OS,,train
3246,U2OS-01_3_F06_s1_49,U2OS-01,3,F06,s1,DDX41,treated,U2OS,,train
3247,U2OS-01_3_F06_s1_50,U2OS-01,3,F06,s1,DDX41,treated,U2OS,,train
3248,U2OS-01_3_F06_s1_51,U2OS-01,3,F06,s1,DDX41,treated,U2OS,,train
3249,U2OS-01_3_F06_s1_53,U2OS-01,3,F06,s1,DDX41,treated,U2OS,,train
3250,U2OS-01_3_F06_s1_54,U2OS-01,3,F06,s1,DDX41,treated,U2OS,,train
3251,U2OS-01_3_F06_s1_55,U2OS-01,3,F06,s1,DDX41,treated,U2OS,,train
3252,U2OS-01_3_F06_s1_59,U2OS-01,3,F06,s1,DDX41,treated,U2OS,,train
3253,U2OS-01_3_F06_s1_60,U2OS-01,3,F06,s1,DDX41,treated,U2OS,,train
3254,U2OS-01_3_F06_s1_62,U2OS-01,3,F06,s1,DDX41,treated,U2OS,,train
3255,U2OS-01_3_F06_s1_63,U2OS-01,3,F06,s1,DDX41,treated,U2OS,,train
3256,U2OS-01_3_F06_s2_1,U2OS-01,3,F06,s2,DDX41,treated,U2OS,,train
3257,U2OS-01_3_F06_s2_6,U2OS-01,3,F06,s2,DDX41,treated,U2OS,,train
3258,U2OS-01_3_F06_s2_7,U2OS-01,3,F06,s2,DDX41,treated,U2OS,,train
3259,U2OS-01_3_F06_s2_9,U2OS-01,3,F06,s2,DDX41,treated,U2OS,,train
3260,U2OS-01_3_F06_s2_10,U2OS-01,3,F06,s2,DDX41,treated,U2OS,,train
3261,U2OS-01_3_F06_s2_11,U2OS-01,3,F06,s2,DDX41,treated,U2OS,,train
3262,U2OS-01_3_F18_s1_15,U2OS-01,3,F18,s1,RAB14,treated,U2OS,,train
3263,U2OS-01_3_F18_s1_16,U2OS-01,3,F18,s1,RAB14,treated,U2OS,,train
3264,U2OS-01_3_F18_s1_19,U2OS-01,3,F18,s1,RAB14,treated,U2OS,,train
3265,U2OS-01_3_F18_s1_21,U2OS-01,3,F18,s1,RAB14,treated,U2OS,,train
3266,U2OS-01_3_F18_s1_24,U2OS-01,3,F18,s1,RAB14,treated,U2OS,,train
3267,U2OS-01_3_F18_s1_25,U2OS-01,3,F18,s1,RAB14,treated,U2OS,,train
3268,U2OS-01_3_F18_s1_26,U2OS-01,3,F18,s1,RAB14,treated,U2OS,,train
3269,U2OS-01_3_F18_s1_27,U2OS-01,3,F18,s1,RAB14,treated,U2OS,,train
3270,U2OS-01_3_F18_s1_28,U2OS-01,3,F18,s1,RAB14,treated,U2OS,,train
3271,U2OS-01_3_F18_s1_30,U2OS-01,3,F18,s1,RAB14,treated,U2OS,,train
3272,U2OS-01_3_F18_s1_31,U2OS-01,3,F18,s1,RAB14,treated,U2OS,,train
3273,U2OS-01_3_F18_s1_32,U2OS-01,3,F18,s1,RAB14,treated,U2OS,,train
3274,U2OS-01_3_F18_s1_34,U2OS-01,3,F18,s1,RAB14,treated,U2OS,,train
3275,U2OS-01_3_F18_s1_35,U2OS-01,3,F18,s1,RAB14,treated,U2OS,,train
3276,U2OS-01_3_F18_s1_40,U2OS-01,3,F18,s1,RAB14,treated,U2OS,,train
3277,U2OS-01_3_F18_s1_41,U2OS-01,3,F18,s1,RAB14,treated,U2OS,,train
3278,U2OS-01_3_F18_s1_43,U2OS-01,3,F18,s1,RAB14,treated,U2OS,,train
3279,U2OS-01_3_F18_s1_44,U2OS-01,3,F18,s1,RAB14,treated,U2OS,,train
3280,U2OS-01_3_F18_s1_45,U2OS-01,3,F18,s1,RAB14,treated,U2OS,,train
3281,U2OS-01_3_F18_s1_46,U2OS-01,3,F18,s1,RAB14,treated,U2OS,,train
3282,U2OS-01_3_F18_s1_50,U2OS-01,3,F18,s1,RAB14,treated,U2OS,,train
3283,U2OS-01_3_F18_s1_52,U2OS-01,3,F18,s1,RAB14,treated,U2OS,,train
3284,U2OS-01_3_F18_s1_54,U2OS-01,3,F18,s1,RAB14,treated,U2OS,,train
3285,U2OS-01_3_F18_s1_56,U2OS-01,3,F18,s1,RAB14,treated,U2OS,,train
3286,U2OS-01_3_F18_s1_58,U2OS-01,3,F18,s1,RAB14,treated,U2OS,,train
3287,U2OS-01_3_F18_s1_60,U2OS-01,3,F18,s1,RAB14,treated,U2OS,,train
3288,U2OS-01_3_F18_s1_61,U2OS-01,3,F18,s1,RAB14,treated,U2OS,,train
3289,U2OS-01_3_F18_s1_62,U2OS-01,3,F18,s1,RAB14,treated,U2OS,,train
3290,U2OS-01_3_F18_s1_66,U2OS-01,3,F18,s1,RAB14,treated,U2OS,,train
3291,U2OS-01_3_F18_s1_67,U2OS-01,3,F18,s1,RAB14,treated,U2OS,,train
3292,U2OS-01_3_F18_s1_70,U2OS-01,3,F18,s1,RAB14,treated,U2OS,,train
3293,U2OS-01_3_F18_s1_71,U2OS-01,3,F18,s1,RAB14,treated,U2OS,,train
3294,U2OS-01_3_F18_s1_73,U2OS-01,3,F18,s1,RAB14,treated,U2OS,,train
3295,U2OS-01_3_F18_s1_74,U2OS-01,3,F18,s1,RAB14,treated,U2OS,,train
3296,U2OS-01_3_F18_s1_76,U2OS-01,3,F18,s1,RAB14,treated,U2OS,,train
3297,U2OS-01_3_F18_s1_78,U2OS-01,3,F18,s1,RAB14,treated,U2OS,,train
3298,U2OS-01_3_F18_s1_79,U2OS-01,3,F18,s1,RAB14,treated,U2OS,,train
3299,U2OS-01_3_F18_s1_81,U2OS-01,3,F18,s1,RAB14,treated,U2OS,,train
3300,U2OS-01_3_F18_s1_82,U2OS-01,3,F18,s1,RAB14,treated,U2OS,,train
3301,U2OS-01_3_F18_s1_83,U2OS-01,3,F18,s1,RAB14,treated,U2OS,,train
3302,U2OS-01_3_G16_s1_8,U2OS-01,3,G16,s1,FAM63B,treated,U2OS,,train
3303,U2OS-01_3_G16_s1_9,U2OS-01,3,G16,s1,FAM63B,treated,U2OS,,train
3304,U2OS-01_3_G16_s1_10,U2OS-01,3,G16,s1,FAM63B,treated,U2OS,,train
3305,U2OS-01_3_G16_s1_12,U2OS-01,3,G16,s1,FAM63B,treated,U2OS,,train
3306,U2OS-01_3_G16_s1_16,U2OS-01,3,G16,s1,FAM63B,treated,U2OS,,train
3307,U2OS-01_3_G16_s1_17,U2OS-01,3,G16,s1,FAM63B,treated,U2OS,,train
3308,U2OS-01_3_G16_s1_18,U2OS-01,3,G16,s1,FAM63B,treated,U2OS,,train
3309,U2OS-01_3_G16_s1_19,U2OS-01,3,G16,s1,FAM63B,treated,U2OS,,train
3310,U2OS-01_3_G16_s1_21,U2OS-01,3,G16,s1,FAM63B,treated,U2OS,,train
3311,U2OS-01_3_G16_s1_22,U2OS-01,3,G16,s1,FAM63B,treated,U2OS,,train
3312,U2OS-01_3_G16_s1_23,U2OS-01,3,G16,s1,FAM63B,treated,U2OS,,train
3313,U2OS-01_3_G16_s1_24,U2OS-01,3,G16,s1,FAM63B,treated,U2OS,,train
3314,U2OS-01_3_G16_s1_25,U2OS-01,3,G16,s1,FAM63B,treated,U2OS,,train
3315,U2OS-01_3_G16_s1_26,U2OS-01,3,G16,s1,FAM63B,treated,U2OS,,train
3316,U2OS-01_3_G16_s1_32,U2OS-01,3,G16,s1,FAM63B,treated,U2OS,,train
3317,U2OS-01_3_G16_s1_33,U2OS-01,3,G16,s1,FAM63B,treated,U2OS,,train
3318,U2OS-01_3_G16_s1_34,U2OS-01,3,G16,s1,FAM63B,treated,U2OS,,train
3319,U2OS-01_3_G16_s1_35,U2OS-01,3,G16,s1,FAM63B,treated,U2OS,,train
3320,U2OS-01_3_G16_s1_37,U2OS-01,3,G16,s1,FAM63B,treated,U2OS,,train
3321,U2OS-01_3_G16_s1_38,U2OS-01,3,G16,s1,FAM63B,treated,U2OS,,train
3322,U2OS-01_3_G16_s1_39,U2OS-01,3,G16,s1,FAM63B,treated,U2OS,,train
3323,U2OS-01_3_G16_s1_41,U2OS-01,3,G16,s1,FAM63B,treated,U2OS,,train
3324,U2OS-01_3_G16_s1_42,U2OS-01,3,G16,s1,FAM63B,treated,U2OS,,train
3325,U2OS-01_3_G16_s1_43,U2OS-01,3,G16,s1,FAM63B,treated,U2OS,,train
3326,U2OS-01_3_G16_s1_44,U2OS-01,3,G16,s1,FAM63B,treated,U2OS,,train
3327,U2OS-01_3_G16_s1_45,U2OS-01,3,G16,s1,FAM63B,treated,U2OS,,train
3328,U2OS-01_3_G16_s1_48,U2OS-01,3,G16,s1,FAM63B,treated,U2OS,,train
3329,U2OS-01_3_G16_s1_49,U2OS-01,3,G16,s1,FAM63B,treated,U2OS,,train
3330,U2OS-01_3_G16_s1_51,U2OS-01,3,G16,s1,FAM63B,treated,U2OS,,train
3331,U2OS-01_3_G16_s1_52,U2OS-01,3,G16,s1,FAM63B,treated,U2OS,,train
3332,U2OS-01_3_G16_s1_54,U2OS-01,3,G16,s1,FAM63B,treated,U2OS,,train
3333,U2OS-01_3_G16_s1_55,U2OS-01,3,G16,s1,FAM63B,treated,U2OS,,train
3334,U2OS-01_3_G16_s1_57,U2OS-01,3,G16,s1,FAM63B,treated,U2OS,,train
3335,U2OS-01_3_G16_s1_59,U2OS-01,3,G16,s1,FAM63B,treated,U2OS,,train
3336,U2OS-01_3_G16_s1_60,U2OS-01,3,G16,s1,FAM63B,treated,U2OS,,train
3337,U2OS-01_3_G16_s1_62,U2OS-01,3,G16,s1,FAM63B,treated,U2OS,,train
3338,U2OS-01_3_G16_s1_63,U2OS-01,3,G16,s1,FAM63B,treated,U2OS,,train
3339,U2OS-01_3_G16_s2_5,U2OS-01,3,G16,s2,FAM63B,treated,U2OS,,train
3340,U2OS-01_3_G16_s2_6,U2OS-01,3,G16,s2,FAM63B,treated,U2OS,,train
3341,U2OS-01_3_G16_s2_8,U2OS-01,3,G16,s2,FAM63B,treated,U2OS,,train
3342,U2OS-01_3_G18_s1_6,U2OS-01,3,G18,s1,DUOX2,treated,U2OS,,train
3343,U2OS-01_3_G18_s1_8,U2OS-01,3,G18,s1,DUOX2,treated,U2OS,,train
3344,U2OS-01_3_G18_s1_11,U2OS-01,3,G18,s1,DUOX2,treated,U2OS,,train
3345,U2OS-01_3_G18_s1_12,U2OS-01,3,G18,s1,DUOX2,treated,U2OS,,train
3346,U2OS-01_3_G18_s1_14,U2OS-01,3,G18,s1,DUOX2,treated,U2OS,,train
3347,U2OS-01_3_G18_s1_16,U2OS-01,3,G18,s1,DUOX2,treated,U2OS,,train
3348,U2OS-01_3_G18_s1_17,U2OS-01,3,G18,s1,DUOX2,treated,U2OS,,train
3349,U2OS-01_3_G18_s1_18,U2OS-01,3,G18,s1,DUOX2,treated,U2OS,,train
3350,U2OS-01_3_G18_s1_22,U2OS-01,3,G18,s1,DUOX2,treated,U2OS,,train
3351,U2OS-01_3_G18_s1_23,U2OS-01,3,G18,s1,DUOX2,treated,U2OS,,train
3352,U2OS-01_3_G18_s1_24,U2OS-01,3,G18,s1,DUOX2,treated,U2OS,,train
3353,U2OS-01_3_G18_s1_26,U2OS-01,3,G18,s1,DUOX2,treated,U2OS,,train
3354,U2OS-01_3_G18_s1_27,U2OS-01,3,G18,s1,DUOX2,treated,U2OS,,train
3355,U2OS-01_3_G18_s1_29,U2OS-01,3,G18,s1,DUOX2,treated,U2OS,,train
3356,U2OS-01_3_G18_s1_31,U2OS-01,3,G18,s1,DUOX2,treated,U2OS,,train
3357,U2OS-01_3_G18_s1_32,U2OS-01,3,G18,s1,DUOX2,treated,U2OS,,train
3358,U2OS-01_3_G18_s1_33,U2OS-01,3,G18,s1,DUOX2,treated,U2OS,,train
3359,U2OS-01_3_G18_s1_35,U2OS-01,3,G18,s1,DUOX2,treated,U2OS,,train
3360,U2OS-01_3_G18_s1_37,U2OS-01,3,G18,s1,DUOX2,treated,U2OS,,train
3361,U2OS-01_3_G18_s1_41,U2OS-01,3,G18,s1,DUOX2,treated,U2OS,,train
3362,U2OS-01_3_G18_s1_43,U2OS-01,3,G18,s1,DUOX2,treated,U2OS,,train
3363,U2OS-01_3_G18_s1_44,U2OS-01,3,G18,s1,DUOX2,treated,U2OS,,train
3364,U2OS-01_3_G18_s2_3,U2OS-01,3,G18,s2,DUOX2,treated,U2OS,,train
3365,U2OS-01_3_G18_s2_4,U2OS-01,3,G18,s2,DUOX2,treated,U2OS,,train
3366,U2OS-01_3_G18_s2_5,U2OS-01,3,G18,s2,DUOX2,treated,U2OS,,train
3367,U2OS-01_3_G18_s2_6,U2OS-01,3,G18,s2,DUOX2,treated,U2OS,,train
3368,U2OS-01_3_G18_s2_10,U2OS-01,3,G18,s2,DUOX2,treated,U2OS,,train
3369,U2OS-01_3_G18_s2_11,U2OS-01,3,G18,s2,DUOX2,treated,U2OS,,train
3370,U2OS-01_3_G18_s2_14,U2OS-01,3,G18,s2,DUOX2,treated,U2OS,,train
3371,U2OS-01_3_G18_s2_15,U2OS-01,3,G18,s2,DUOX2,treated,U2OS,,train
3372,U2OS-01_3_G18_s2_16,U2OS-01,3,G18,s2,DUOX2,treated,U2OS,,train
3373,U2OS-01_3_G18_s2_19,U2OS-01,3,G18,s2,DUOX2,treated,U2OS,,train
3374,U2OS-01_3_G18_s2_20,U2OS-01,3,G18,s2,DUOX2,treated,U2OS,,train
3375,U2OS-01_3_G18_s2_21,U2OS-01,3,G18,s2,DUOX2,treated,U2OS,,train
3376,U2OS-01_3_G18_s2_24,U2OS-01,3,G18,s2,DUOX2,treated,U2OS,,train
3377,U2OS-01_3_G18_s2_26,U2OS-01,3,G18,s2,DUOX2,treated,U2OS,,train
3378,U2OS-01_3_G18_s2_28,U2OS-01,3,G18,s2,DUOX2,treated,U2OS,,train
3379,U2OS-01_3_G18_s2_29,U2OS-01,3,G18,s2,DUOX2,treated,U2OS,,train
3380,U2OS-01_3_G21_s1_9,U2OS-01,3,G21,s1,IL20RB,treated,U2OS,,train
3381,U2OS-01_3_G21_s1_11,U2OS-01,3,G21,s1,IL20RB,treated,U2OS,,train
3382,U2OS-01_3_G21_s1_12,U2OS-01,3,G21,s1,IL20RB,treated,U2OS,,train
3383,U2OS-01_3_G21_s1_14,U2OS-01,3,G21,s1,IL20RB,treated,U2OS,,train
3384,U2OS-01_3_G21_s1_16,U2OS-01,3,G21,s1,IL20RB,treated,U2OS,,train
3385,U2OS-01_3_G21_s1_18,U2OS-01,3,G21,s1,IL20RB,treated,U2OS,,train
3386,U2OS-01_3_G21_s1_19,U2OS-01,3,G21,s1,IL20RB,treated,U2OS,,train
3387,U2OS-01_3_G21_s1_20,U2OS-01,3,G21,s1,IL20RB,treated,U2OS,,train
3388,U2OS-01_3_G21_s1_21,U2OS-01,3,G21,s1,IL20RB,treated,U2OS,,train
3389,U2OS-01_3_G21_s1_24,U2OS-01,3,G21,s1,IL20RB,treated,U2OS,,train
3390,U2OS-01_3_G21_s1_25,U2OS-01,3,G21,s1,IL20RB,treated,U2OS,,train
3391,U2OS-01_3_G21_s1_27,U2OS-01,3,G21,s1,IL20RB,treated,U2OS,,train
3392,U2OS-01_3_G21_s1_28,U2OS-01,3,G21,s1,IL20RB,treated,U2OS,,train
3393,U2OS-01_3_G21_s1_29,U2OS-01,3,G21,s1,IL20RB,treated,U2OS,,train
3394,U2OS-01_3_G21_s1_34,U2OS-01,3,G21,s1,IL20RB,treated,U2OS,,train
3395,U2OS-01_3_G21_s1_35,U2OS-01,3,G21,s1,IL20RB,treated,U2OS,,train
3396,U2OS-01_3_G21_s1_37,U2OS-01,3,G21,s1,IL20RB,treated,U2OS,,train
3397,U2OS-01_3_G21_s1_38,U2OS-01,3,G21,s1,IL20RB,treated,U2OS,,train
3398,U2OS-01_3_G21_s1_39,U2OS-01,3,G21,s1,IL20RB,treated,U2OS,,train
3399,U2OS-01_3_G21_s1_40,U2OS-01,3,G21,s1,IL20RB,treated,U2OS,,train
3400,U2OS-01_3_G21_s1_41,U2OS-01,3,G21,s1,IL20RB,treated,U2OS,,train
3401,U2OS-01_3_G21_s1_47,U2OS-01,3,G21,s1,IL20RB,treated,U2OS,,train
3402,U2OS-01_3_G21_s1_48,U2OS-01,3,G21,s1,IL20RB,treated,U2OS,,train
3403,U2OS-01_3_G21_s1_49,U2OS-01,3,G21,s1,IL20RB,treated,U2OS,,train
3404,U2OS-01_3_G21_s1_50,U2OS-01,3,G21,s1,IL20RB,treated,U2OS,,train
3405,U2OS-01_3_G21_s1_51,U2OS-01,3,G21,s1,IL20RB,treated,U2OS,,train
3406,U2OS-01_3_G21_s1_54,U2OS-01,3,G21,s1,IL20RB,treated,U2OS,,train
3407,U2OS-01_3_G21_s1_55,U2OS-01,3,G21,s1,IL20RB,treated,U2OS,,train
3408,U2OS-01_3_G21_s1_57,U2OS-01,3,G21,s1,IL20RB,treated,U2OS,,train
3409,U2OS-01_3_G21_s1_58,U2OS-01,3,G21,s1,IL20RB,treated,U2OS,,train
3410,U2OS-01_3_G21_s1_61,U2OS-01,3,G21,s1,IL20RB,treated,U2OS,,train
3411,U2OS-01_3_G21_s1_62,U2OS-01,3,G21,s1,IL20RB,treated,U2OS,,train
3412,U2OS-01_3_G21_s1_64,U2OS-01,3,G21,s1,IL20RB,treated,U2OS,,train
3413,U2OS-01_3_G21_s1_65,U2OS-01,3,G21,s1,IL20RB,treated,U2OS,,train
3414,U2OS-01_3_G21_s1_66,U2OS-01,3,G21,s1,IL20RB,treated,U2OS,,train
3415,U2OS-01_3_G21_s1_68,U2OS-01,3,G21,s1,IL20RB,treated,U2OS,,train
3416,U2OS-01_3_G21_s1_69,U2OS-01,3,G21,s1,IL20RB,treated,U2OS,,train
3417,U2OS-01_3_G21_s1_73,U2OS-01,3,G21,s1,IL20RB,treated,U2OS,,train
3418,U2OS-01_3_G21_s2_11,U2OS-01,3,G21,s2,IL20RB,treated,U2OS,,train
3419,U2OS-01_3_G21_s2_12,U2OS-01,3,G21,s2,IL20RB,treated,U2OS,,train
3420,U2OS-01_3_H06_s1_12,U2OS-01,3,H06,s1,DERA,treated,U2OS,,train
3421,U2OS-01_3_H06_s1_13,U2OS-01,3,H06,s1,DERA,treated,U2OS,,train
3422,U2OS-01_3_H06_s1_14,U2OS-01,3,H06,s1,DERA,treated,U2OS,,train
3423,U2OS-01_3_H06_s1_17,U2OS-01,3,H06,s1,DERA,treated,U2OS,,train
3424,U2OS-01_3_H06_s1_20,U2OS-01,3,H06,s1,DERA,treated,U2OS,,train
3425,U2OS-01_3_H06_s1_21,U2OS-01,3,H06,s1,DERA,treated,U2OS,,train
3426,U2OS-01_3_H06_s1_22,U2OS-01,3,H06,s1,DERA,treated,U2OS,,train
3427,U2OS-01_3_H06_s1_23,U2OS-01,3,H06,s1,DERA,treated,U2OS,,train
3428,U2OS-01_3_H06_s1_25,U2OS-01,3,H06,s1,DERA,treated,U2OS,,train
3429,U2OS-01_3_H06_s1_26,U2OS-01,3,H06,s1,DERA,treated,U2OS,,train
3430,U2OS-01_3_H06_s1_27,U2OS-01,3,H06,s1,DERA,treated,U2OS,,train
3431,U2OS-01_3_H06_s1_28,U2OS-01,3,H06,s1,DERA,treated,U2OS,,train
3432,U2OS-01_3_H06_s1_30,U2OS-01,3,H06,s1,DERA,treated,U2OS,,train
3433,U2OS-01_3_H06_s1_31,U2OS-01,3,H06,s1,DERA,treated,U2OS,,train
3434,U2OS-01_3_H06_s1_36,U2OS-01,3,H06,s1,DERA,treated,U2OS,,train
3435,U2OS-01_3_H06_s1_37,U2OS-01,3,H06,s1,DERA,treated,U2OS,,train
3436,U2OS-01_3_H06_s1_38,U2OS-01,3,H06,s1,DERA,treated,U2OS,,train
3437,U2OS-01_3_H06_s1_40,U2OS-01,3,H06,s1,DERA,treated,U2OS,,train
3438,U2OS-01_3_H06_s1_41,U2OS-01,3,H06,s1,DERA,treated,U2OS,,train
3439,U2OS-01_3_H06_s1_43,U2OS-01,3,H06,s1,DERA,treated,U2OS,,train
3440,U2OS-01_3_H06_s1_44,U2OS-01,3,H06,s1,DERA,treated,U2OS,,train
3441,U2OS-01_3_H06_s1_48,U2OS-01,3,H06,s1,DERA,treated,U2OS,,train
3442,U2OS-01_3_H06_s1_49,U2OS-01,3,H06,s1,DERA,treated,U2OS,,train
3443,U2OS-01_3_H06_s1_50,U2OS-01,3,H06,s1,DERA,treated,U2OS,,train
3444,U2OS-01_3_H06_s1_51,U2OS-01,3,H06,s1,DERA,treated,U2OS,,train
3445,U2OS-01_3_H06_s1_52,U2OS-01,3,H06,s1,DERA,treated,U2OS,,train
3446,U2OS-01_3_H06_s1_54,U2OS-01,3,H06,s1,DERA,treated,U2OS,,train
3447,U2OS-01_3_H06_s1_55,U2OS-01,3,H06,s1,DERA,treated,U2OS,,train
3448,U2OS-01_3_H06_s1_56,U2OS-01,3,H06,s1,DERA,treated,U2OS,,train
3449,U2OS-01_3_H06_s1_59,U2OS-01,3,H06,s1,DERA,treated,U2OS,,train
3450,U2OS-01_3_H06_s1_61,U2OS-01,3,H06,s1,DERA,treated,U2OS,,train
3451,U2OS-01_3_H06_s1_62,U2OS-01,3,H06,s1,DERA,treated,U2OS,,train
3452,U2OS-01_3_H06_s1_64,U2OS-01,3,H06,s1,DERA,treated,U2OS,,train
3453,U2OS-01_3_H06_s1_66,U2OS-01,3,H06,s1,DERA,treated,U2OS,,train
3454,U2OS-01_3_H06_s1_67,U2OS-01,3,H06,s1,DERA,treated,U2OS,,train
3455,U2OS-01_3_H06_s1_70,U2OS-01,3,H06,s1,DERA,treated,U2OS,,train
3456,U2OS-01_3_H06_s1_72,U2OS-01,3,H06,s1,DERA,treated,U2OS,,train
3457,U2OS-01_3_H06_s1_75,U2OS-01,3,H06,s1,DERA,treated,U2OS,,train
3458,U2OS-01_3_H06_s1_77,U2OS-01,3,H06,s1,DERA,treated,U2OS,,train
3459,U2OS-01_3_H06_s1_78,U2OS-01,3,H06,s1,DERA,treated,U2OS,,train
3460,U2OS-01_3_I14_s1_14,U2OS-01,3,I14,s1,GULP1,treated,U2OS,,train
3461,U2OS-01_3_I14_s1_15,U2OS-01,3,I14,s1,GULP1,treated,U2OS,,train
3462,U2OS-01_3_I14_s1_16,U2OS-01,3,I14,s1,GULP1,treated,U2OS,,train
3463,U2OS-01_3_I14_s1_21,U2OS-01,3,I14,s1,GULP1,treated,U2OS,,train
3464,U2OS-01_3_I14_s1_23,U2OS-01,3,I14,s1,GULP1,treated,U2OS,,train
3465,U2OS-01_3_I14_s1_24,U2OS-01,3,I14,s1,GULP1,treated,U2OS,,train
3466,U2OS-01_3_I14_s1_25,U2OS-01,3,I14,s1,GULP1,treated,U2OS,,train
3467,U2OS-01_3_I14_s1_26,U2OS-01,3,I14,s1,GULP1,treated,U2OS,,train
3468,U2OS-01_3_I14_s1_28,U2OS-01,3,I14,s1,GULP1,treated,U2OS,,train
3469,U2OS-01_3_I14_s1_29,U2OS-01,3,I14,s1,GULP1,treated,U2OS,,train
3470,U2OS-01_3_I14_s1_30,U2OS-01,3,I14,s1,GULP1,treated,U2OS,,train
3471,U2OS-01_3_I14_s1_31,U2OS-01,3,I14,s1,GULP1,treated,U2OS,,train
3472,U2OS-01_3_I14_s1_32,U2OS-01,3,I14,s1,GULP1,treated,U2OS,,train
3473,U2OS-01_3_I14_s1_33,U2OS-01,3,I14,s1,GULP1,treated,U2OS,,train
3474,U2OS-01_3_I14_s1_39,U2OS-01,3,I14,s1,GULP1,treated,U2OS,,train
3475,U2OS-01_3_I14_s1_40,U2OS-01,3,I14,s1,GULP1,treated,U2OS,,train
3476,U2OS-01_3_I14_s1_42,U2OS-01,3,I14,s1,GULP1,treated,U2OS,,train
3477,U2OS-01_3_I14_s1_43,U2OS-01,3,I14,s1,GULP1,treated,U2OS,,train
3478,U2OS-01_3_I14_s1_44,U2OS-01,3,I14,s1,GULP1,treated,U2OS,,train
3479,U2OS-01_3_I14_s1_45,U2OS-01,3,I14,s1,GULP1,treated,U2OS,,train
3480,U2OS-01_3_I14_s1_46,U2OS-01,3,I14,s1,GULP1,treated,U2OS,,train
3481,U2OS-01_3_I14_s1_49,U2OS-01,3,I14,s1,GULP1,treated,U2OS,,train
3482,U2OS-01_3_I14_s1_50,U2OS-01,3,I14,s1,GULP1,treated,U2OS,,train
3483,U2OS-01_3_I14_s1_52,U2OS-01,3,I14,s1,GULP1,treated,U2OS,,train
3484,U2OS-01_3_I14_s1_53,U2OS-01,3,I14,s1,GULP1,treated,U2OS,,train
3485,U2OS-01_3_I14_s1_54,U2OS-01,3,I14,s1,GULP1,treated,U2OS,,train
3486,U2OS-01_3_I14_s1_55,U2OS-01,3,I14,s1,GULP1,treated,U2OS,,train
3487,U2OS-01_3_I14_s1_58,U2OS-01,3,I14,s1,GULP1,treated,U2OS,,train
3488,U2OS-01_3_I14_s1_59,U2OS-01,3,I14,s1,GULP1,treated,U2OS,,train
3489,U2OS-01_3_I14_s1_60,U2OS-01,3,I14,s1,GULP1,treated,U2OS,,train
3490,U2OS-01_3_I14_s1_62,U2OS-01,3,I14,s1,GULP1,treated,U2OS,,train
3491,U2OS-01_3_I14_s1_63,U2OS-01,3,I14,s1,GULP1,treated,U2OS,,train
3492,U2OS-01_3_I14_s1_65,U2OS-01,3,I14,s1,GULP1,treated,U2OS,,train
3493,U2OS-01_3_I14_s1_67,U2OS-01,3,I14,s1,GULP1,treated,U2OS,,train
3494,U2OS-01_3_I14_s1_68,U2OS-01,3,I14,s1,GULP1,treated,U2OS,,train
3495,U2OS-01_3_I14_s1_70,U2OS-01,3,I14,s1,GULP1,treated,U2OS,,train
3496,U2OS-01_3_I14_s1_72,U2OS-01,3,I14,s1,GULP1,treated,U2OS,,train
3497,U2OS-01_3_I14_s1_74,U2OS-01,3,I14,s1,GULP1,treated,U2OS,,train
3498,U2OS-01_3_I14_s1_75,U2OS-01,3,I14,s1,GULP1,treated,U2OS,,train
3499,U2OS-01_3_I14_s1_76,U2OS-01,3,I14,s1,GULP1,treated,U2OS,,train
3500,U2OS-01_3_J09_s1_14,U2OS-01,3,J09,s1,CSAD,treated,U2OS,,train
3501,U2OS-01_3_J09_s1_17,U2OS-01,3,J09,s1,CSAD,treated,U2OS,,train
3502,U2OS-01_3_J09_s1_18,U2OS-01,3,J09,s1,CSAD,treated,U2OS,,train
3503,U2OS-01_3_J09_s1_20,U2OS-01,3,J09,s1,CSAD,treated,U2OS,,train
3504,U2OS-01_3_J09_s1_22,U2OS-01,3,J09,s1,CSAD,treated,U2OS,,train
3505,U2OS-01_3_J09_s1_24,U2OS-01,3,J09,s1,CSAD,treated,U2OS,,train
3506,U2OS-01_3_J09_s1_26,U2OS-01,3,J09,s1,CSAD,treated,U2OS,,train
3507,U2OS-01_3_J09_s1_27,U2OS-01,3,J09,s1,CSAD,treated,U2OS,,train
3508,U2OS-01_3_J09_s1_28,U2OS-01,3,J09,s1,CSAD,treated,U2OS,,train
3509,U2OS-01_3_J09_s1_31,U2OS-01,3,J09,s1,CSAD,treated,U2OS,,train
3510,U2OS-01_3_J09_s1_33,U2OS-01,3,J09,s1,CSAD,treated,U2OS,,train
3511,U2OS-01_3_J09_s1_34,U2OS-01,3,J09,s1,CSAD,treated,U2OS,,train
3512,U2OS-01_3_J09_s1_36,U2OS-01,3,J09,s1,CSAD,treated,U2OS,,train
3513,U2OS-01_3_J09_s1_38,U2OS-01,3,J09,s1,CSAD,treated,U2OS,,train
3514,U2OS-01_3_J09_s1_44,U2OS-01,3,J09,s1,CSAD,treated,U2OS,,train
3515,U2OS-01_3_J09_s1_45,U2OS-01,3,J09,s1,CSAD,treated,U2OS,,train
3516,U2OS-01_3_J09_s1_47,U2OS-01,3,J09,s1,CSAD,treated,U2OS,,train
3517,U2OS-01_3_J09_s1_48,U2OS-01,3,J09,s1,CSAD,treated,U2OS,,train
3518,U2OS-01_3_J09_s1_49,U2OS-01,3,J09,s1,CSAD,treated,U2OS,,train
3519,U2OS-01_3_J09_s1_50,U2OS-01,3,J09,s1,CSAD,treated,U2OS,,train
3520,U2OS-01_3_J09_s1_51,U2OS-01,3,J09,s1,CSAD,treated,U2OS,,train
3521,U2OS-01_3_J09_s1_54,U2OS-01,3,J09,s1,CSAD,treated,U2OS,,train
3522,U2OS-01_3_J09_s1_55,U2OS-01,3,J09,s1,CSAD,treated,U2OS,,train
3523,U2OS-01_3_J09_s1_56,U2OS-01,3,J09,s1,CSAD,treated,U2OS,,train
3524,U2OS-01_3_J09_s1_57,U2OS-01,3,J09,s1,CSAD,treated,U2OS,,train
3525,U2OS-01_3_J09_s1_58,U2OS-01,3,J09,s1,CSAD,treated,U2OS,,train
3526,U2OS-01_3_J09_s1_59,U2OS-01,3,J09,s1,CSAD,treated,U2OS,,train
3527,U2OS-01_3_J09_s1_61,U2OS-01,3,J09,s1,CSAD,treated,U2OS,,train
3528,U2OS-01_3_J09_s1_63,U2OS-01,3,J09,s1,CSAD,treated,U2OS,,train
3529,U2OS-01_3_J09_s1_64,U2OS-01,3,J09,s1,CSAD,treated,U2OS,,train
3530,U2OS-01_3_J09_s1_66,U2OS-01,3,J09,s1,CSAD,treated,U2OS,,train
3531,U2OS-01_3_J09_s1_68,U2OS-01,3,J09,s1,CSAD,treated,U2OS,,train
3532,U2OS-01_3_J09_s1_70,U2OS-01,3,J09,s1,CSAD,treated,U2OS,,train
3533,U2OS-01_3_J09_s1_72,U2OS-01,3,J09,s1,CSAD,treated,U2OS,,train
3534,U2OS-01_3_J09_s1_73,U2OS-01,3,J09,s1,CSAD,treated,U2OS,,train
3535,U2OS-01_3_J09_s1_75,U2OS-01,3,J09,s1,CSAD,treated,U2OS,,train
3536,U2OS-01_3_J09_s1_77,U2OS-01,3,J09,s1,CSAD,treated,U2OS,,train
3537,U2OS-01_3_J09_s1_79,U2OS-01,3,J09,s1,CSAD,treated,U2OS,,train
3538,U2OS-01_3_J09_s1_80,U2OS-01,3,J09,s1,CSAD,treated,U2OS,,train
3539,U2OS-01_3_J09_s1_81,U2OS-01,3,J09,s1,CSAD,treated,U2OS,,train
3540,U2OS-01_3_J13_s1_5,U2OS-01,3,J13,s1,EHD3,treated,U2OS,,train
3541,U2OS-01_3_J13_s1_6,U2OS-01,3,J13,s1,EHD3,treated,U2OS,,train
3542,U2OS-01_3_J13_s1_7,U2OS-01,3,J13,s1,EHD3,treated,U2OS,,train
3543,U2OS-01_3_J13_s1_9,U2OS-01,3,J13,s1,EHD3,treated,U2OS,,train
3544,U2OS-01_3_J13_s1_12,U2OS-01,3,J13,s1,EHD3,treated,U2OS,,train
3545,U2OS-01_3_J13_s1_13,U2OS-01,3,J13,s1,EHD3,treated,U2OS,,train
3546,U2OS-01_3_J13_s1_14,U2OS-01,3,J13,s1,EHD3,treated,U2OS,,train
3547,U2OS-01_3_J13_s1_15,U2OS-01,3,J13,s1,EHD3,treated,U2OS,,train
3548,U2OS-01_3_J13_s1_17,U2OS-01,3,J13,s1,EHD3,treated,U2OS,,train
3549,U2OS-01_3_J13_s1_18,U2OS-01,3,J13,s1,EHD3,treated,U2OS,,train
3550,U2OS-01_3_J13_s1_19,U2OS-01,3,J13,s1,EHD3,treated,U2OS,,train
3551,U2OS-01_3_J13_s1_21,U2OS-01,3,J13,s1,EHD3,treated,U2OS,,train
3552,U2OS-01_3_J13_s1_22,U2OS-01,3,J13,s1,EHD3,treated,U2OS,,train
3553,U2OS-01_3_J13_s1_23,U2OS-01,3,J13,s1,EHD3,treated,U2OS,,train
3554,U2OS-01_3_J13_s1_28,U2OS-01,3,J13,s1,EHD3,treated,U2OS,,train
3555,U2OS-01_3_J13_s1_29,U2OS-01,3,J13,s1,EHD3,treated,U2OS,,train
3556,U2OS-01_3_J13_s1_31,U2OS-01,3,J13,s1,EHD3,treated,U2OS,,train
3557,U2OS-01_3_J13_s1_32,U2OS-01,3,J13,s1,EHD3,treated,U2OS,,train
3558,U2OS-01_3_J13_s1_33,U2OS-01,3,J13,s1,EHD3,treated,U2OS,,train
3559,U2OS-01_3_J13_s1_34,U2OS-01,3,J13,s1,EHD3,treated,U2OS,,train
3560,U2OS-01_3_J13_s1_36,U2OS-01,3,J13,s1,EHD3,treated,U2OS,,train
3561,U2OS-01_3_J13_s1_38,U2OS-01,3,J13,s1,EHD3,treated,U2OS,,train
3562,U2OS-01_3_J13_s2_5,U2OS-01,3,J13,s2,EHD3,treated,U2OS,,train
3563,U2OS-01_3_J13_s2_7,U2OS-01,3,J13,s2,EHD3,treated,U2OS,,train
3564,U2OS-01_3_J13_s2_8,U2OS-01,3,J13,s2,EHD3,treated,U2OS,,train
3565,U2OS-01_3_J13_s2_9,U2OS-01,3,J13,s2,EHD3,treated,U2OS,,train
3566,U2OS-01_3_J13_s2_10,U2OS-01,3,J13,s2,EHD3,treated,U2OS,,train
3567,U2OS-01_3_J13_s2_11,U2OS-01,3,J13,s2,EHD3,treated,U2OS,,train
3568,U2OS-01_3_J13_s2_12,U2OS-01,3,J13,s2,EHD3,treated,U2OS,,train
3569,U2OS-01_3_J13_s2_13,U2OS-01,3,J13,s2,EHD3,treated,U2OS,,train
3570,U2OS-01_3_J13_s2_15,U2OS-01,3,J13,s2,EHD3,treated,U2OS,,train
3571,U2OS-01_3_J13_s2_16,U2OS-01,3,J13,s2,EHD3,treated,U2OS,,train
3572,U2OS-01_3_J13_s2_18,U2OS-01,3,J13,s2,EHD3,treated,U2OS,,train
3573,U2OS-01_3_J13_s2_19,U2OS-01,3,J13,s2,EHD3,treated,U2OS,,train
3574,U2OS-01_3_J13_s2_20,U2OS-01,3,J13,s2,EHD3,treated,U2OS,,train
3575,U2OS-01_3_J13_s2_22,U2OS-01,3,J13,s2,EHD3,treated,U2OS,,train
3576,U2OS-01_3_J13_s2_23,U2OS-01,3,J13,s2,EHD3,treated,U2OS,,train
3577,U2OS-01_3_J13_s2_25,U2OS-01,3,J13,s2,EHD3,treated,U2OS,,train
3578,U2OS-01_3_J13_s2_26,U2OS-01,3,J13,s2,EHD3,treated,U2OS,,train
3579,U2OS-01_3_J13_s2_27,U2OS-01,3,J13,s2,EHD3,treated,U2OS,,train
3580,U2OS-01_3_J16_s1_6,U2OS-01,3,J16,s1,GLRX2,treated,U2OS,,train
3581,U2OS-01_3_J16_s1_7,U2OS-01,3,J16,s1,GLRX2,treated,U2OS,,train
3582,U2OS-01_3_J16_s1_8,U2OS-01,3,J16,s1,GLRX2,treated,U2OS,,train
3583,U2OS-01_3_J16_s1_10,U2OS-01,3,J16,s1,GLRX2,treated,U2OS,,train
3584,U2OS-01_3_J16_s1_14,U2OS-01,3,J16,s1,GLRX2,treated,U2OS,,train
3585,U2OS-01_3_J16_s1_17,U2OS-01,3,J16,s1,GLRX2,treated,U2OS,,train
3586,U2OS-01_3_J16_s1_18,U2OS-01,3,J16,s1,GLRX2,treated,U2OS,,train
3587,U2OS-01_3_J16_s1_19,U2OS-01,3,J16,s1,GLRX2,treated,U2OS,,train
3588,U2OS-01_3_J16_s1_20,U2OS-01,3,J16,s1,GLRX2,treated,U2OS,,train
3589,U2OS-01_3_J16_s1_21,U2OS-01,3,J16,s1,GLRX2,treated,U2OS,,train
3590,U2OS-01_3_J16_s1_22,U2OS-01,3,J16,s1,GLRX2,treated,U2OS,,train
3591,U2OS-01_3_J16_s1_23,U2OS-01,3,J16,s1,GLRX2,treated,U2OS,,train
3592,U2OS-01_3_J16_s1_24,U2OS-01,3,J16,s1,GLRX2,treated,U2OS,,train
3593,U2OS-01_3_J16_s1_25,U2OS-01,3,J16,s1,GLRX2,treated,U2OS,,train
3594,U2OS-01_3_J16_s1_29,U2OS-01,3,J16,s1,GLRX2,treated,U2OS,,train
3595,U2OS-01_3_J16_s1_30,U2OS-01,3,J16,s1,GLRX2,treated,U2OS,,train
3596,U2OS-01_3_J16_s1_31,U2OS-01,3,J16,s1,GLRX2,treated,U2OS,,train
3597,U2OS-01_3_J16_s1_32,U2OS-01,3,J16,s1,GLRX2,treated,U2OS,,train
3598,U2OS-01_3_J16_s1_34,U2OS-01,3,J16,s1,GLRX2,treated,U2OS,,train
3599,U2OS-01_3_J16_s1_35,U2OS-01,3,J16,s1,GLRX2,treated,U2OS,,train
3600,U2OS-01_3_J16_s1_36,U2OS-01,3,J16,s1,GLRX2,treated,U2OS,,train
3601,U2OS-01_3_J16_s1_38,U2OS-01,3,J16,s1,GLRX2,treated,U2OS,,train
3602,U2OS-01_3_J16_s2_4,U2OS-01,3,J16,s2,GLRX2,treated,U2OS,,train
3603,U2OS-01_3_J16_s2_7,U2OS-01,3,J16,s2,GLRX2,treated,U2OS,,train
3604,U2OS-01_3_J16_s2_8,U2OS-01,3,J16,s2,GLRX2,treated,U2OS,,train
3605,U2OS-01_3_J16_s2_10,U2OS-01,3,J16,s2,GLRX2,treated,U2OS,,train
3606,U2OS-01_3_J16_s2_11,U2OS-01,3,J16,s2,GLRX2,treated,U2OS,,train
3607,U2OS-01_3_J16_s2_12,U2OS-01,3,J16,s2,GLRX2,treated,U2OS,,train
3608,U2OS-01_3_J16_s2_13,U2OS-01,3,J16,s2,GLRX2,treated,U2OS,,train
3609,U2OS-01_3_J16_s2_14,U2OS-01,3,J16,s2,GLRX2,treated,U2OS,,train
3610,U2OS-01_3_J16_s2_16,U2OS-01,3,J16,s2,GLRX2,treated,U2OS,,train
3611,U2OS-01_3_J16_s2_17,U2OS-01,3,J16,s2,GLRX2,treated,U2OS,,train
3612,U2OS-01_3_J16_s2_19,U2OS-01,3,J16,s2,GLRX2,treated,U2OS,,train
3613,U2OS-01_3_J16_s2_20,U2OS-01,3,J16,s2,GLRX2,treated,U2OS,,train
3614,U2OS-01_3_J16_s2_22,U2OS-01,3,J16,s2,GLRX2,treated,U2OS,,train
3615,U2OS-01_3_J16_s2_26,U2OS-01,3,J16,s2,GLRX2,treated,U2OS,,train
3616,U2OS-01_3_J16_s2_27,U2OS-01,3,J16,s2,GLRX2,treated,U2OS,,train
3617,U2OS-01_3_J16_s2_30,U2OS-01,3,J16,s2,GLRX2,treated,U2OS,,train
3618,U2OS-01_3_J16_s2_31,U2OS-01,3,J16,s2,GLRX2,treated,U2OS,,train
3619,U2OS-01_3_J16_s2_32,U2OS-01,3,J16,s2,GLRX2,treated,U2OS,,train
3620,U2OS-01_3_J17_s1_12,U2OS-01,3,J17,s1,RAB9B,treated,U2OS,,train
3621,U2OS-01_3_J17_s1_13,U2OS-01,3,J17,s1,RAB9B,treated,U2OS,,train
3622,U2OS-01_3_J17_s1_14,U2OS-01,3,J17,s1,RAB9B,treated,U2OS,,train
3623,U2OS-01_3_J17_s1_16,U2OS-01,3,J17,s1,RAB9B,treated,U2OS,,train
3624,U2OS-01_3_J17_s1_19,U2OS-01,3,J17,s1,RAB9B,treated,U2OS,,train
3625,U2OS-01_3_J17_s1_20,U2OS-01,3,J17,s1,RAB9B,treated,U2OS,,train
3626,U2OS-01_3_J17_s1_22,U2OS-01,3,J17,s1,RAB9B,treated,U2OS,,train
3627,U2OS-01_3_J17_s1_23,U2OS-01,3,J17,s1,RAB9B,treated,U2OS,,train
3628,U2OS-01_3_J17_s1_24,U2OS-01,3,J17,s1,RAB9B,treated,U2OS,,train
3629,U2OS-01_3_J17_s1_25,U2OS-01,3,J17,s1,RAB9B,treated,U2OS,,train
3630,U2OS-01_3_J17_s1_27,U2OS-01,3,J17,s1,RAB9B,treated,U2OS,,train
3631,U2OS-01_3_J17_s1_28,U2OS-01,3,J17,s1,RAB9B,treated,U2OS,,train
3632,U2OS-01_3_J17_s1_30,U2OS-01,3,J17,s1,RAB9B,treated,U2OS,,train
3633,U2OS-01_3_J17_s1_31,U2OS-01,3,J17,s1,RAB9B,treated,U2OS,,train
3634,U2OS-01_3_J17_s1_35,U2OS-01,3,J17,s1,RAB9B,treated,U2OS,,train
3635,U2OS-01_3_J17_s1_36,U2OS-01,3,J17,s1,RAB9B,treated,U2OS,,train
3636,U2OS-01_3_J17_s1_38,U2OS-01,3,J17,s1,RAB9B,treated,U2OS,,train
3637,U2OS-01_3_J17_s1_39,U2OS-01,3,J17,s1,RAB9B,treated,U2OS,,train
3638,U2OS-01_3_J17_s1_40,U2OS-01,3,J17,s1,RAB9B,treated,U2OS,,train
3639,U2OS-01_3_J17_s1_41,U2OS-01,3,J17,s1,RAB9B,treated,U2OS,,train
3640,U2OS-01_3_J17_s1_43,U2OS-01,3,J17,s1,RAB9B,treated,U2OS,,train
3641,U2OS-01_3_J17_s1_46,U2OS-01,3,J17,s1,RAB9B,treated,U2OS,,train
3642,U2OS-01_3_J17_s1_47,U2OS-01,3,J17,s1,RAB9B,treated,U2OS,,train
3643,U2OS-01_3_J17_s1_48,U2OS-01,3,J17,s1,RAB9B,treated,U2OS,,train
3644,U2OS-01_3_J17_s1_49,U2OS-01,3,J17,s1,RAB9B,treated,U2OS,,train
3645,U2OS-01_3_J17_s1_50,U2OS-01,3,J17,s1,RAB9B,treated,U2OS,,train
3646,U2OS-01_3_J17_s1_52,U2OS-01,3,J17,s1,RAB9B,treated,U2OS,,train
3647,U2OS-01_3_J17_s1_53,U2OS-01,3,J17,s1,RAB9B,treated,U2OS,,train
3648,U2OS-01_3_J17_s1_54,U2OS-01,3,J17,s1,RAB9B,treated,U2OS,,train
3649,U2OS-01_3_J17_s1_57,U2OS-01,3,J17,s1,RAB9B,treated,U2OS,,train
3650,U2OS-01_3_J17_s1_60,U2OS-01,3,J17,s1,RAB9B,treated,U2OS,,train
3651,U2OS-01_3_J17_s1_61,U2OS-01,3,J17,s1,RAB9B,treated,U2OS,,train
3652,U2OS-01_3_J17_s1_63,U2OS-01,3,J17,s1,RAB9B,treated,U2OS,,train
3653,U2OS-01_3_J17_s1_64,U2OS-01,3,J17,s1,RAB9B,treated,U2OS,,train
3654,U2OS-01_3_J17_s1_65,U2OS-01,3,J17,s1,RAB9B,treated,U2OS,,train
3655,U2OS-01_3_J17_s1_68,U2OS-01,3,J17,s1,RAB9B,treated,U2OS,,train
3656,U2OS-01_3_J17_s1_70,U2OS-01,3,J17,s1,RAB9B,treated,U2OS,,train
3657,U2OS-01_3_J17_s1_74,U2OS-01,3,J17,s1,RAB9B,treated,U2OS,,train
3658,U2OS-01_3_J17_s1_75,U2OS-01,3,J17,s1,RAB9B,treated,U2OS,,train
3659,U2OS-01_3_J17_s1_76,U2OS-01,3,J17,s1,RAB9B,treated,U2OS,,train
3660,U2OS-01_3_K02_s1_11,U2OS-01,3,K02,s1,POLK,treated,U2OS,,train
3661,U2OS-01_3_K02_s1_13,U2OS-01,3,K02,s1,POLK,treated,U2OS,,train
3662,U2OS-01_3_K02_s1_14,U2OS-01,3,K02,s1,POLK,treated,U2OS,,train
3663,U2OS-01_3_K02_s1_16,U2OS-01,3,K02,s1,POLK,treated,U2OS,,train
3664,U2OS-01_3_K02_s1_18,U2OS-01,3,K02,s1,POLK,treated,U2OS,,train
3665,U2OS-01_3_K02_s1_20,U2OS-01,3,K02,s1,POLK,treated,U2OS,,train
3666,U2OS-01_3_K02_s1_21,U2OS-01,3,K02,s1,POLK,treated,U2OS,,train
3667,U2OS-01_3_K02_s1_22,U2OS-01,3,K02,s1,POLK,treated,U2OS,,train
3668,U2OS-01_3_K02_s1_23,U2OS-01,3,K02,s1,POLK,treated,U2OS,,train
3669,U2OS-01_3_K02_s1_26,U2OS-01,3,K02,s1,POLK,treated,U2OS,,train
3670,U2OS-01_3_K02_s1_27,U2OS-01,3,K02,s1,POLK,treated,U2OS,,train
3671,U2OS-01_3_K02_s1_28,U2OS-01,3,K02,s1,POLK,treated,U2OS,,train
3672,U2OS-01_3_K02_s1_29,U2OS-01,3,K02,s1,POLK,treated,U2OS,,train
3673,U2OS-01_3_K02_s1_31,U2OS-01,3,K02,s1,POLK,treated,U2OS,,train
3674,U2OS-01_3_K02_s1_37,U2OS-01,3,K02,s1,POLK,treated,U2OS,,train
3675,U2OS-01_3_K02_s1_38,U2OS-01,3,K02,s1,POLK,treated,U2OS,,train
3676,U2OS-01_3_K02_s1_39,U2OS-01,3,K02,s1,POLK,treated,U2OS,,train
3677,U2OS-01_3_K02_s1_40,U2OS-01,3,K02,s1,POLK,treated,U2OS,,train
3678,U2OS-01_3_K02_s1_41,U2OS-01,3,K02,s1,POLK,treated,U2OS,,train
3679,U2OS-01_3_K02_s1_42,U2OS-01,3,K02,s1,POLK,treated,U2OS,,train
3680,U2OS-01_3_K02_s1_43,U2OS-01,3,K02,s1,POLK,treated,U2OS,,train
3681,U2OS-01_3_K02_s1_46,U2OS-01,3,K02,s1,POLK,treated,U2OS,,train
3682,U2OS-01_3_K02_s1_47,U2OS-01,3,K02,s1,POLK,treated,U2OS,,train
3683,U2OS-01_3_K02_s1_48,U2OS-01,3,K02,s1,POLK,treated,U2OS,,train
3684,U2OS-01_3_K02_s1_49,U2OS-01,3,K02,s1,POLK,treated,U2OS,,train
3685,U2OS-01_3_K02_s1_51,U2OS-01,3,K02,s1,POLK,treated,U2OS,,train
3686,U2OS-01_3_K02_s1_52,U2OS-01,3,K02,s1,POLK,treated,U2OS,,train
3687,U2OS-01_3_K02_s1_53,U2OS-01,3,K02,s1,POLK,treated,U2OS,,train
3688,U2OS-01_3_K02_s1_54,U2OS-01,3,K02,s1,POLK,treated,U2OS,,train
3689,U2OS-01_3_K02_s1_55,U2OS-01,3,K02,s1,POLK,treated,U2OS,,train
3690,U2OS-01_3_K02_s1_59,U2OS-01,3,K02,s1,POLK,treated,U2OS,,train
3691,U2OS-01_3_K02_s1_61,U2OS-01,3,K02,s1,POLK,treated,U2OS,,train
3692,U2OS-01_3_K02_s1_64,U2OS-01,3,K02,s1,POLK,treated,U2OS,,train
3693,U2OS-01_3_K02_s1_65,U2OS-01,3,K02,s1,POLK,treated,U2OS,,train
3694,U2OS-01_3_K02_s1_66,U2OS-01,3,K02,s1,POLK,treated,U2OS,,train
3695,U2OS-01_3_K02_s1_68,U2OS-01,3,K02,s1,POLK,treated,U2OS,,train
3696,U2OS-01_3_K02_s1_69,U2OS-01,3,K02,s1,POLK,treated,U2OS,,train
3697,U2OS-01_3_K02_s1_71,U2OS-01,3,K02,s1,POLK,treated,U2OS,,train
3698,U2OS-01_3_K02_s1_73,U2OS-01,3,K02,s1,POLK,treated,U2OS,,train
3699,U2OS-01_3_K02_s1_76,U2OS-01,3,K02,s1,POLK,treated,U2OS,,train
3700,U2OS-01_3_K10_s1_13,U2OS-01,3,K10,s1,NIN,treated,U2OS,,train
3701,U2OS-01_3_K10_s1_15,U2OS-01,3,K10,s1,NIN,treated,U2OS,,train
3702,U2OS-01_3_K10_s1_17,U2OS-01,3,K10,s1,NIN,treated,U2OS,,train
3703,U2OS-01_3_K10_s1_19,U2OS-01,3,K10,s1,NIN,treated,U2OS,,train
3704,U2OS-01_3_K10_s1_21,U2OS-01,3,K10,s1,NIN,treated,U2OS,,train
3705,U2OS-01_3_K10_s1_22,U2OS-01,3,K10,s1,NIN,treated,U2OS,,train
3706,U2OS-01_3_K10_s1_23,U2OS-01,3,K10,s1,NIN,treated,U2OS,,train
3707,U2OS-01_3_K10_s1_24,U2OS-01,3,K10,s1,NIN,treated,U2OS,,train
3708,U2OS-01_3_K10_s1_26,U2OS-01,3,K10,s1,NIN,treated,U2OS,,train
3709,U2OS-01_3_K10_s1_28,U2OS-01,3,K10,s1,NIN,treated,U2OS,,train
3710,U2OS-01_3_K10_s1_29,U2OS-01,3,K10,s1,NIN,treated,U2OS,,train
3711,U2OS-01_3_K10_s1_31,U2OS-01,3,K10,s1,NIN,treated,U2OS,,train
3712,U2OS-01_3_K10_s1_32,U2OS-01,3,K10,s1,NIN,treated,U2OS,,train
3713,U2OS-01_3_K10_s1_35,U2OS-01,3,K10,s1,NIN,treated,U2OS,,train
3714,U2OS-01_3_K10_s1_44,U2OS-01,3,K10,s1,NIN,treated,U2OS,,train
3715,U2OS-01_3_K10_s1_45,U2OS-01,3,K10,s1,NIN,treated,U2OS,,train
3716,U2OS-01_3_K10_s1_46,U2OS-01,3,K10,s1,NIN,treated,U2OS,,train
3717,U2OS-01_3_K10_s1_47,U2OS-01,3,K10,s1,NIN,treated,U2OS,,train
3718,U2OS-01_3_K10_s1_48,U2OS-01,3,K10,s1,NIN,treated,U2OS,,train
3719,U2OS-01_3_K10_s1_49,U2OS-01,3,K10,s1,NIN,treated,U2OS,,train
3720,U2OS-01_3_K10_s1_52,U2OS-01,3,K10,s1,NIN,treated,U2OS,,train
3721,U2OS-01_3_K10_s1_54,U2OS-01,3,K10,s1,NIN,treated,U2OS,,train
3722,U2OS-01_3_K10_s1_56,U2OS-01,3,K10,s1,NIN,treated,U2OS,,train
3723,U2OS-01_3_K10_s1_57,U2OS-01,3,K10,s1,NIN,treated,U2OS,,train
3724,U2OS-01_3_K10_s1_58,U2OS-01,3,K10,s1,NIN,treated,U2OS,,train
3725,U2OS-01_3_K10_s1_59,U2OS-01,3,K10,s1,NIN,treated,U2OS,,train
3726,U2OS-01_3_K10_s1_60,U2OS-01,3,K10,s1,NIN,treated,U2OS,,train
3727,U2OS-01_3_K10_s1_61,U2OS-01,3,K10,s1,NIN,treated,U2OS,,train
3728,U2OS-01_3_K10_s1_62,U2OS-01,3,K10,s1,NIN,treated,U2OS,,train
3729,U2OS-01_3_K10_s1_63,U2OS-01,3,K10,s1,NIN,treated,U2OS,,train
3730,U2OS-01_3_K10_s1_68,U2OS-01,3,K10,s1,NIN,treated,U2OS,,train
3731,U2OS-01_3_K10_s1_69,U2OS-01,3,K10,s1,NIN,treated,U2OS,,train
3732,U2OS-01_3_K10_s1_74,U2OS-01,3,K10,s1,NIN,treated,U2OS,,train
3733,U2OS-01_3_K10_s1_75,U2OS-01,3,K10,s1,NIN,treated,U2OS,,train
3734,U2OS-01_3_K10_s1_76,U2OS-01,3,K10,s1,NIN,treated,U2OS,,train
3735,U2OS-01_3_K10_s1_80,U2OS-01,3,K10,s1,NIN,treated,U2OS,,train
3736,U2OS-01_3_K10_s1_82,U2OS-01,3,K10,s1,NIN,treated,U2OS,,train
3737,U2OS-01_3_K10_s1_86,U2OS-01,3,K10,s1,NIN,treated,U2OS,,train
3738,U2OS-01_3_K10_s1_88,U2OS-01,3,K10,s1,NIN,treated,U2OS,,train
3739,U2OS-01_3_K10_s1_89,U2OS-01,3,K10,s1,NIN,treated,U2OS,,train
3740,U2OS-01_3_K14_s1_12,U2OS-01,3,K14,s1,TRNT1,treated,U2OS,,train
3741,U2OS-01_3_K14_s1_13,U2OS-01,3,K14,s1,TRNT1,treated,U2OS,,train
3742,U2OS-01_3_K14_s1_14,U2OS-01,3,K14,s1,TRNT1,treated,U2OS,,train
3743,U2OS-01_3_K14_s1_17,U2OS-01,3,K14,s1,TRNT1,treated,U2OS,,train
3744,U2OS-01_3_K14_s1_20,U2OS-01,3,K14,s1,TRNT1,treated,U2OS,,train
3745,U2OS-01_3_K14_s1_21,U2OS-01,3,K14,s1,TRNT1,treated,U2OS,,train
3746,U2OS-01_3_K14_s1_22,U2OS-01,3,K14,s1,TRNT1,treated,U2OS,,train
3747,U2OS-01_3_K14_s1_23,U2OS-01,3,K14,s1,TRNT1,treated,U2OS,,train
3748,U2OS-01_3_K14_s1_24,U2OS-01,3,K14,s1,TRNT1,treated,U2OS,,train
3749,U2OS-01_3_K14_s1_26,U2OS-01,3,K14,s1,TRNT1,treated,U2OS,,train
3750,U2OS-01_3_K14_s1_27,U2OS-01,3,K14,s1,TRNT1,treated,U2OS,,train
3751,U2OS-01_3_K14_s1_28,U2OS-01,3,K14,s1,TRNT1,treated,U2OS,,train
3752,U2OS-01_3_K14_s1_32,U2OS-01,3,K14,s1,TRNT1,treated,U2OS,,train
3753,U2OS-01_3_K14_s1_33,U2OS-01,3,K14,s1,TRNT1,treated,U2OS,,train
3754,U2OS-01_3_K14_s1_38,U2OS-01,3,K14,s1,TRNT1,treated,U2OS,,train
3755,U2OS-01_3_K14_s1_39,U2OS-01,3,K14,s1,TRNT1,treated,U2OS,,train
3756,U2OS-01_3_K14_s1_41,U2OS-01,3,K14,s1,TRNT1,treated,U2OS,,train
3757,U2OS-01_3_K14_s1_42,U2OS-01,3,K14,s1,TRNT1,treated,U2OS,,train
3758,U2OS-01_3_K14_s1_43,U2OS-01,3,K14,s1,TRNT1,treated,U2OS,,train
3759,U2OS-01_3_K14_s1_44,U2OS-01,3,K14,s1,TRNT1,treated,U2OS,,train
3760,U2OS-01_3_K14_s1_46,U2OS-01,3,K14,s1,TRNT1,treated,U2OS,,train
3761,U2OS-01_3_K14_s1_48,U2OS-01,3,K14,s1,TRNT1,treated,U2OS,,train
3762,U2OS-01_3_K14_s1_50,U2OS-01,3,K14,s1,TRNT1,treated,U2OS,,train
3763,U2OS-01_3_K14_s1_51,U2OS-01,3,K14,s1,TRNT1,treated,U2OS,,train
3764,U2OS-01_3_K14_s1_52,U2OS-01,3,K14,s1,TRNT1,treated,U2OS,,train
3765,U2OS-01_3_K14_s1_54,U2OS-01,3,K14,s1,TRNT1,treated,U2OS,,train
3766,U2OS-01_3_K14_s1_55,U2OS-01,3,K14,s1,TRNT1,treated,U2OS,,train
3767,U2OS-01_3_K14_s1_56,U2OS-01,3,K14,s1,TRNT1,treated,U2OS,,train
3768,U2OS-01_3_K14_s1_57,U2OS-01,3,K14,s1,TRNT1,treated,U2OS,,train
3769,U2OS-01_3_K14_s1_59,U2OS-01,3,K14,s1,TRNT1,treated,U2OS,,train
3770,U2OS-01_3_K14_s1_63,U2OS-01,3,K14,s1,TRNT1,treated,U2OS,,train
3771,U2OS-01_3_K14_s1_65,U2OS-01,3,K14,s1,TRNT1,treated,U2OS,,train
3772,U2OS-01_3_K14_s1_67,U2OS-01,3,K14,s1,TRNT1,treated,U2OS,,train
3773,U2OS-01_3_K14_s1_70,U2OS-01,3,K14,s1,TRNT1,treated,U2OS,,train
3774,U2OS-01_3_K14_s1_71,U2OS-01,3,K14,s1,TRNT1,treated,U2OS,,train
3775,U2OS-01_3_K14_s1_74,U2OS-01,3,K14,s1,TRNT1,treated,U2OS,,train
3776,U2OS-01_3_K14_s1_75,U2OS-01,3,K14,s1,TRNT1,treated,U2OS,,train
3777,U2OS-01_3_K14_s1_77,U2OS-01,3,K14,s1,TRNT1,treated,U2OS,,train
3778,U2OS-01_3_K14_s1_78,U2OS-01,3,K14,s1,TRNT1,treated,U2OS,,train
3779,U2OS-01_3_K14_s1_80,U2OS-01,3,K14,s1,TRNT1,treated,U2OS,,train
3780,U2OS-01_3_L06_s1_16,U2OS-01,3,L06,s1,CNTN5,treated,U2OS,,train
3781,U2OS-01_3_L06_s1_18,U2OS-01,3,L06,s1,CNTN5,treated,U2OS,,train
3782,U2OS-01_3_L06_s1_20,U2OS-01,3,L06,s1,CNTN5,treated,U2OS,,train
3783,U2OS-01_3_L06_s1_22,U2OS-01,3,L06,s1,CNTN5,treated,U2OS,,train
3784,U2OS-01_3_L06_s1_25,U2OS-01,3,L06,s1,CNTN5,treated,U2OS,,train
3785,U2OS-01_3_L06_s1_26,U2OS-01,3,L06,s1,CNTN5,treated,U2OS,,train
3786,U2OS-01_3_L06_s1_27,U2OS-01,3,L06,s1,CNTN5,treated,U2OS,,train
3787,U2OS-01_3_L06_s1_28,U2OS-01,3,L06,s1,CNTN5,treated,U2OS,,train
3788,U2OS-01_3_L06_s1_29,U2OS-01,3,L06,s1,CNTN5,treated,U2OS,,train
3789,U2OS-01_3_L06_s1_30,U2OS-01,3,L06,s1,CNTN5,treated,U2OS,,train
3790,U2OS-01_3_L06_s1_31,U2OS-01,3,L06,s1,CNTN5,treated,U2OS,,train
3791,U2OS-01_3_L06_s1_33,U2OS-01,3,L06,s1,CNTN5,treated,U2OS,,train
3792,U2OS-01_3_L06_s1_34,U2OS-01,3,L06,s1,CNTN5,treated,U2OS,,train
3793,U2OS-01_3_L06_s1_35,U2OS-01,3,L06,s1,CNTN5,treated,U2OS,,train
3794,U2OS-01_3_L06_s1_40,U2OS-01,3,L06,s1,CNTN5,treated,U2OS,,train
3795,U2OS-01_3_L06_s1_42,U2OS-01,3,L06,s1,CNTN5,treated,U2OS,,train
3796,U2OS-01_3_L06_s1_43,U2OS-01,3,L06,s1,CNTN5,treated,U2OS,,train
3797,U2OS-01_3_L06_s1_45,U2OS-01,3,L06,s1,CNTN5,treated,U2OS,,train
3798,U2OS-01_3_L06_s1_46,U2OS-01,3,L06,s1,CNTN5,treated,U2OS,,train
3799,U2OS-01_3_L06_s1_48,U2OS-01,3,L06,s1,CNTN5,treated,U2OS,,train
3800,U2OS-01_3_L06_s1_49,U2OS-01,3,L06,s1,CNTN5,treated,U2OS,,train
3801,U2OS-01_3_L06_s1_51,U2OS-01,3,L06,s1,CNTN5,treated,U2OS,,train
3802,U2OS-01_3_L06_s1_52,U2OS-01,3,L06,s1,CNTN5,treated,U2OS,,train
3803,U2OS-01_3_L06_s1_56,U2OS-01,3,L06,s1,CNTN5,treated,U2OS,,train
3804,U2OS-01_3_L06_s1_57,U2OS-01,3,L06,s1,CNTN5,treated,U2OS,,train
3805,U2OS-01_3_L06_s1_58,U2OS-01,3,L06,s1,CNTN5,treated,U2OS,,train
3806,U2OS-01_3_L06_s1_59,U2OS-01,3,L06,s1,CNTN5,treated,U2OS,,train
3807,U2OS-01_3_L06_s1_60,U2OS-01,3,L06,s1,CNTN5,treated,U2OS,,train
3808,U2OS-01_3_L06_s1_61,U2OS-01,3,L06,s1,CNTN5,treated,U2OS,,train
3809,U2OS-01_3_L06_s1_62,U2OS-01,3,L06,s1,CNTN5,treated,U2OS,,train
3810,U2OS-01_3_L06_s1_64,U2OS-01,3,L06,s1,CNTN5,treated,U2OS,,train
3811,U2OS-01_3_L06_s1_65,U2OS-01,3,L06,s1,CNTN5,treated,U2OS,,train
3812,U2OS-01_3_L06_s1_67,U2OS-01,3,L06,s1,CNTN5,treated,U2OS,,train
3813,U2OS-01_3_L06_s1_69,U2OS-01,3,L06,s1,CNTN5,treated,U2OS,,train
3814,U2OS-01_3_L06_s1_70,U2OS-01,3,L06,s1,CNTN5,treated,U2OS,,train
3815,U2OS-01_3_L06_s1_73,U2OS-01,3,L06,s1,CNTN5,treated,U2OS,,train
3816,U2OS-01_3_L06_s1_74,U2OS-01,3,L06,s1,CNTN5,treated,U2OS,,train
3817,U2OS-01_3_L06_s1_76,U2OS-01,3,L06,s1,CNTN5,treated,U2OS,,train
3818,U2OS-01_3_L06_s1_77,U2OS-01,3,L06,s1,CNTN5,treated,U2OS,,train
3819,U2OS-01_3_L06_s1_78,U2OS-01,3,L06,s1,CNTN5,treated,U2OS,,train
3820,U2OS-01_3_L13_s1_13,U2OS-01,3,L13,s1,TREM2,treated,U2OS,,train
3821,U2OS-01_3_L13_s1_15,U2OS-01,3,L13,s1,TREM2,treated,U2OS,,train
3822,U2OS-01_3_L13_s1_16,U2OS-01,3,L13,s1,TREM2,treated,U2OS,,train
3823,U2OS-01_3_L13_s1_18,U2OS-01,3,L13,s1,TREM2,treated,U2OS,,train
3824,U2OS-01_3_L13_s1_20,U2OS-01,3,L13,s1,TREM2,treated,U2OS,,train
3825,U2OS-01_3_L13_s1_22,U2OS-01,3,L13,s1,TREM2,treated,U2OS,,train
3826,U2OS-01_3_L13_s1_23,U2OS-01,3,L13,s1,TREM2,treated,U2OS,,train
3827,U2OS-01_3_L13_s1_24,U2OS-01,3,L13,s1,TREM2,treated,U2OS,,train
3828,U2OS-01_3_L13_s1_27,U2OS-01,3,L13,s1,TREM2,treated,U2OS,,train
3829,U2OS-01_3_L13_s1_28,U2OS-01,3,L13,s1,TREM2,treated,U2OS,,train
3830,U2OS-01_3_L13_s1_30,U2OS-01,3,L13,s1,TREM2,treated,U2OS,,train
3831,U2OS-01_3_L13_s1_31,U2OS-01,3,L13,s1,TREM2,treated,U2OS,,train
3832,U2OS-01_3_L13_s1_33,U2OS-01,3,L13,s1,TREM2,treated,U2OS,,train
3833,U2OS-01_3_L13_s1_35,U2OS-01,3,L13,s1,TREM2,treated,U2OS,,train
3834,U2OS-01_3_L13_s1_39,U2OS-01,3,L13,s1,TREM2,treated,U2OS,,train
3835,U2OS-01_3_L13_s1_40,U2OS-01,3,L13,s1,TREM2,treated,U2OS,,train
3836,U2OS-01_3_L13_s1_41,U2OS-01,3,L13,s1,TREM2,treated,U2OS,,train
3837,U2OS-01_3_L13_s1_42,U2OS-01,3,L13,s1,TREM2,treated,U2OS,,train
3838,U2OS-01_3_L13_s1_43,U2OS-01,3,L13,s1,TREM2,treated,U2OS,,train
3839,U2OS-01_3_L13_s1_44,U2OS-01,3,L13,s1,TREM2,treated,U2OS,,train
3840,U2OS-01_3_L13_s1_46,U2OS-01,3,L13,s1,TREM2,treated,U2OS,,train
3841,U2OS-01_3_L13_s1_49,U2OS-01,3,L13,s1,TREM2,treated,U2OS,,train
3842,U2OS-01_3_L13_s1_50,U2OS-01,3,L13,s1,TREM2,treated,U2OS,,train
3843,U2OS-01_3_L13_s1_52,U2OS-01,3,L13,s1,TREM2,treated,U2OS,,train
3844,U2OS-01_3_L13_s1_54,U2OS-01,3,L13,s1,TREM2,treated,U2OS,,train
3845,U2OS-01_3_L13_s1_55,U2OS-01,3,L13,s1,TREM2,treated,U2OS,,train
3846,U2OS-01_3_L13_s1_56,U2OS-01,3,L13,s1,TREM2,treated,U2OS,,train
3847,U2OS-01_3_L13_s1_57,U2OS-01,3,L13,s1,TREM2,treated,U2OS,,train
3848,U2OS-01_3_L13_s1_58,U2OS-01,3,L13,s1,TREM2,treated,U2OS,,train
3849,U2OS-01_3_L13_s1_61,U2OS-01,3,L13,s1,TREM2,treated,U2OS,,train
3850,U2OS-01_3_L13_s1_63,U2OS-01,3,L13,s1,TREM2,treated,U2OS,,train
3851,U2OS-01_3_L13_s1_65,U2OS-01,3,L13,s1,TREM2,treated,U2OS,,train
3852,U2OS-01_3_L13_s1_67,U2OS-01,3,L13,s1,TREM2,treated,U2OS,,train
3853,U2OS-01_3_L13_s1_68,U2OS-01,3,L13,s1,TREM2,treated,U2OS,,train
3854,U2OS-01_3_L13_s1_69,U2OS-01,3,L13,s1,TREM2,treated,U2OS,,train
3855,U2OS-01_3_L13_s1_73,U2OS-01,3,L13,s1,TREM2,treated,U2OS,,train
3856,U2OS-01_3_L13_s1_75,U2OS-01,3,L13,s1,TREM2,treated,U2OS,,train
3857,U2OS-01_3_L13_s1_77,U2OS-01,3,L13,s1,TREM2,treated,U2OS,,train
3858,U2OS-01_3_L13_s1_78,U2OS-01,3,L13,s1,TREM2,treated,U2OS,,train
3859,U2OS-01_3_L13_s1_79,U2OS-01,3,L13,s1,TREM2,treated,U2OS,,train
3860,U2OS-01_3_M05_s1_12,U2OS-01,3,M05,s1,PELO,treated,U2OS,,train
3861,U2OS-01_3_M05_s1_14,U2OS-01,3,M05,s1,PELO,treated,U2OS,,train
3862,U2OS-01_3_M05_s1_15,U2OS-01,3,M05,s1,PELO,treated,U2OS,,train
3863,U2OS-01_3_M05_s1_17,U2OS-01,3,M05,s1,PELO,treated,U2OS,,train
3864,U2OS-01_3_M05_s1_19,U2OS-01,3,M05,s1,PELO,treated,U2OS,,train
3865,U2OS-01_3_M05_s1_20,U2OS-01,3,M05,s1,PELO,treated,U2OS,,train
3866,U2OS-01_3_M05_s1_21,U2OS-01,3,M05,s1,PELO,treated,U2OS,,train
3867,U2OS-01_3_M05_s1_22,U2OS-01,3,M05,s1,PELO,treated,U2OS,,train
3868,U2OS-01_3_M05_s1_24,U2OS-01,3,M05,s1,PELO,treated,U2OS,,train
3869,U2OS-01_3_M05_s1_25,U2OS-01,3,M05,s1,PELO,treated,U2OS,,train
3870,U2OS-01_3_M05_s1_26,U2OS-01,3,M05,s1,PELO,treated,U2OS,,train
3871,U2OS-01_3_M05_s1_27,U2OS-01,3,M05,s1,PELO,treated,U2OS,,train
3872,U2OS-01_3_M05_s1_29,U2OS-01,3,M05,s1,PELO,treated,U2OS,,train
3873,U2OS-01_3_M05_s1_30,U2OS-01,3,M05,s1,PELO,treated,U2OS,,train
3874,U2OS-01_3_M05_s1_37,U2OS-01,3,M05,s1,PELO,treated,U2OS,,train
3875,U2OS-01_3_M05_s1_40,U2OS-01,3,M05,s1,PELO,treated,U2OS,,train
3876,U2OS-01_3_M05_s1_41,U2OS-01,3,M05,s1,PELO,treated,U2OS,,train
3877,U2OS-01_3_M05_s1_42,U2OS-01,3,M05,s1,PELO,treated,U2OS,,train
3878,U2OS-01_3_M05_s1_43,U2OS-01,3,M05,s1,PELO,treated,U2OS,,train
3879,U2OS-01_3_M05_s1_44,U2OS-01,3,M05,s1,PELO,treated,U2OS,,train
3880,U2OS-01_3_M05_s1_46,U2OS-01,3,M05,s1,PELO,treated,U2OS,,train
3881,U2OS-01_3_M05_s1_49,U2OS-01,3,M05,s1,PELO,treated,U2OS,,train
3882,U2OS-01_3_M05_s1_50,U2OS-01,3,M05,s1,PELO,treated,U2OS,,train
3883,U2OS-01_3_M05_s1_51,U2OS-01,3,M05,s1,PELO,treated,U2OS,,train
3884,U2OS-01_3_M05_s1_53,U2OS-01,3,M05,s1,PELO,treated,U2OS,,train
3885,U2OS-01_3_M05_s1_54,U2OS-01,3,M05,s1,PELO,treated,U2OS,,train
3886,U2OS-01_3_M05_s1_55,U2OS-01,3,M05,s1,PELO,treated,U2OS,,train
3887,U2OS-01_3_M05_s1_56,U2OS-01,3,M05,s1,PELO,treated,U2OS,,train
3888,U2OS-01_3_M05_s1_57,U2OS-01,3,M05,s1,PELO,treated,U2OS,,train
3889,U2OS-01_3_M05_s1_58,U2OS-01,3,M05,s1,PELO,treated,U2OS,,train
3890,U2OS-01_3_M05_s1_63,U2OS-01,3,M05,s1,PELO,treated,U2OS,,train
3891,U2OS-01_3_M05_s1_64,U2OS-01,3,M05,s1,PELO,treated,U2OS,,train
3892,U2OS-01_3_M05_s1_66,U2OS-01,3,M05,s1,PELO,treated,U2OS,,train
3893,U2OS-01_3_M05_s1_67,U2OS-01,3,M05,s1,PELO,treated,U2OS,,train
3894,U2OS-01_3_M05_s1_68,U2OS-01,3,M05,s1,PELO,treated,U2OS,,train
3895,U2OS-01_3_M05_s1_71,U2OS-01,3,M05,s1,PELO,treated,U2OS,,train
3896,U2OS-01_3_M05_s1_73,U2OS-01,3,M05,s1,PELO,treated,U2OS,,train
3897,U2OS-01_3_M05_s1_75,U2OS-01,3,M05,s1,PELO,treated,U2OS,,train
3898,U2OS-01_3_M05_s1_76,U2OS-01,3,M05,s1,PELO,treated,U2OS,,train
3899,U2OS-01_3_M05_s1_77,U2OS-01,3,M05,s1,PELO,treated,U2OS,,train
3900,U2OS-01_3_M14_s1_13,U2OS-01,3,M14,s1,UBE2J1,treated,U2OS,,train
3901,U2OS-01_3_M14_s1_17,U2OS-01,3,M14,s1,UBE2J1,treated,U2OS,,train
3902,U2OS-01_3_M14_s1_19,U2OS-01,3,M14,s1,UBE2J1,treated,U2OS,,train
3903,U2OS-01_3_M14_s1_21,U2OS-01,3,M14,s1,UBE2J1,treated,U2OS,,train
3904,U2OS-01_3_M14_s1_25,U2OS-01,3,M14,s1,UBE2J1,treated,U2OS,,train
3905,U2OS-01_3_M14_s1_26,U2OS-01,3,M14,s1,UBE2J1,treated,U2OS,,train
3906,U2OS-01_3_M14_s1_27,U2OS-01,3,M14,s1,UBE2J1,treated,U2OS,,train
3907,U2OS-01_3_M14_s1_29,U2OS-01,3,M14,s1,UBE2J1,treated,U2OS,,train
3908,U2OS-01_3_M14_s1_30,U2OS-01,3,M14,s1,UBE2J1,treated,U2OS,,train
3909,U2OS-01_3_M14_s1_31,U2OS-01,3,M14,s1,UBE2J1,treated,U2OS,,train
3910,U2OS-01_3_M14_s1_32,U2OS-01,3,M14,s1,UBE2J1,treated,U2OS,,train
3911,U2OS-01_3_M14_s1_33,U2OS-01,3,M14,s1,UBE2J1,treated,U2OS,,train
3912,U2OS-01_3_M14_s1_34,U2OS-01,3,M14,s1,UBE2J1,treated,U2OS,,train
3913,U2OS-01_3_M14_s1_35,U2OS-01,3,M14,s1,UBE2J1,treated,U2OS,,train
3914,U2OS-01_3_M14_s1_39,U2OS-01,3,M14,s1,UBE2J1,treated,U2OS,,train
3915,U2OS-01_3_M14_s1_40,U2OS-01,3,M14,s1,UBE2J1,treated,U2OS,,train
3916,U2OS-01_3_M14_s1_41,U2OS-01,3,M14,s1,UBE2J1,treated,U2OS,,train
3917,U2OS-01_3_M14_s1_42,U2OS-01,3,M14,s1,UBE2J1,treated,U2OS,,train
3918,U2OS-01_3_M14_s1_43,U2OS-01,3,M14,s1,UBE2J1,treated,U2OS,,train
3919,U2OS-01_3_M14_s1_44,U2OS-01,3,M14,s1,UBE2J1,treated,U2OS,,train
3920,U2OS-01_3_M14_s1_45,U2OS-01,3,M14,s1,UBE2J1,treated,U2OS,,train
3921,U2OS-01_3_M14_s1_47,U2OS-01,3,M14,s1,UBE2J1,treated,U2OS,,train
3922,U2OS-01_3_M14_s1_49,U2OS-01,3,M14,s1,UBE2J1,treated,U2OS,,train
3923,U2OS-01_3_M14_s1_50,U2OS-01,3,M14,s1,UBE2J1,treated,U2OS,,train
3924,U2OS-01_3_M14_s1_51,U2OS-01,3,M14,s1,UBE2J1,treated,U2OS,,train
3925,U2OS-01_3_M14_s1_52,U2OS-01,3,M14,s1,UBE2J1,treated,U2OS,,train
3926,U2OS-01_3_M14_s1_53,U2OS-01,3,M14,s1,UBE2J1,treated,U2OS,,train
3927,U2OS-01_3_M14_s1_54,U2OS-01,3,M14,s1,UBE2J1,treated,U2OS,,train
3928,U2OS-01_3_M14_s1_55,U2OS-01,3,M14,s1,UBE2J1,treated,U2OS,,train
3929,U2OS-01_3_M14_s1_56,U2OS-01,3,M14,s1,UBE2J1,treated,U2OS,,train
3930,U2OS-01_3_M14_s1_58,U2OS-01,3,M14,s1,UBE2J1,treated,U2OS,,train
3931,U2OS-01_3_M14_s1_59,U2OS-01,3,M14,s1,UBE2J1,treated,U2OS,,train
3932,U2OS-01_3_M14_s1_62,U2OS-01,3,M14,s1,UBE2J1,treated,U2OS,,train
3933,U2OS-01_3_M14_s1_63,U2OS-01,3,M14,s1,UBE2J1,treated,U2OS,,train
3934,U2OS-01_3_M14_s1_64,U2OS-01,3,M14,s1,UBE2J1,treated,U2OS,,train
3935,U2OS-01_3_M14_s1_66,U2OS-01,3,M14,s1,UBE2J1,treated,U2OS,,train
3936,U2OS-01_3_M14_s1_67,U2OS-01,3,M14,s1,UBE2J1,treated,U2OS,,train
3937,U2OS-01_3_M14_s1_70,U2OS-01,3,M14,s1,UBE2J1,treated,U2OS,,train
3938,U2OS-01_3_M14_s1_71,U2OS-01,3,M14,s1,UBE2J1,treated,U2OS,,train
3939,U2OS-01_3_M14_s1_73,U2OS-01,3,M14,s1,UBE2J1,treated,U2OS,,train
3940,U2OS-01_3_O21_s1_11,U2OS-01,3,O21,s1,SIRT6,treated,U2OS,,train
3941,U2OS-01_3_O21_s1_13,U2OS-01,3,O21,s1,SIRT6,treated,U2OS,,train
3942,U2OS-01_3_O21_s1_14,U2OS-01,3,O21,s1,SIRT6,treated,U2OS,,train
3943,U2OS-01_3_O21_s1_18,U2OS-01,3,O21,s1,SIRT6,treated,U2OS,,train
3944,U2OS-01_3_O21_s1_21,U2OS-01,3,O21,s1,SIRT6,treated,U2OS,,train
3945,U2OS-01_3_O21_s1_24,U2OS-01,3,O21,s1,SIRT6,treated,U2OS,,train
3946,U2OS-01_3_O21_s1_25,U2OS-01,3,O21,s1,SIRT6,treated,U2OS,,train
3947,U2OS-01_3_O21_s1_26,U2OS-01,3,O21,s1,SIRT6,treated,U2OS,,train
3948,U2OS-01_3_O21_s1_27,U2OS-01,3,O21,s1,SIRT6,treated,U2OS,,train
3949,U2OS-01_3_O21_s1_28,U2OS-01,3,O21,s1,SIRT6,treated,U2OS,,train
3950,U2OS-01_3_O21_s1_29,U2OS-01,3,O21,s1,SIRT6,treated,U2OS,,train
3951,U2OS-01_3_O21_s1_32,U2OS-01,3,O21,s1,SIRT6,treated,U2OS,,train
3952,U2OS-01_3_O21_s1_33,U2OS-01,3,O21,s1,SIRT6,treated,U2OS,,train
3953,U2OS-01_3_O21_s1_34,U2OS-01,3,O21,s1,SIRT6,treated,U2OS,,train
3954,U2OS-01_3_O21_s1_39,U2OS-01,3,O21,s1,SIRT6,treated,U2OS,,train
3955,U2OS-01_3_O21_s1_40,U2OS-01,3,O21,s1,SIRT6,treated,U2OS,,train
3956,U2OS-01_3_O21_s1_41,U2OS-01,3,O21,s1,SIRT6,treated,U2OS,,train
3957,U2OS-01_3_O21_s1_42,U2OS-01,3,O21,s1,SIRT6,treated,U2OS,,train
3958,U2OS-01_3_O21_s1_43,U2OS-01,3,O21,s1,SIRT6,treated,U2OS,,train
3959,U2OS-01_3_O21_s1_44,U2OS-01,3,O21,s1,SIRT6,treated,U2OS,,train
3960,U2OS-01_3_O21_s1_45,U2OS-01,3,O21,s1,SIRT6,treated,U2OS,,train
3961,U2OS-01_3_O21_s1_48,U2OS-01,3,O21,s1,SIRT6,treated,U2OS,,train
3962,U2OS-01_3_O21_s1_49,U2OS-01,3,O21,s1,SIRT6,treated,U2OS,,train
3963,U2OS-01_3_O21_s1_50,U2OS-01,3,O21,s1,SIRT6,treated,U2OS,,train
3964,U2OS-01_3_O21_s1_52,U2OS-01,3,O21,s1,SIRT6,treated,U2OS,,train
3965,U2OS-01_3_O21_s1_53,U2OS-01,3,O21,s1,SIRT6,treated,U2OS,,train
3966,U2OS-01_3_O21_s1_54,U2OS-01,3,O21,s1,SIRT6,treated,U2OS,,train
3967,U2OS-01_3_O21_s1_55,U2OS-01,3,O21,s1,SIRT6,treated,U2OS,,train
3968,U2OS-01_3_O21_s1_56,U2OS-01,3,O21,s1,SIRT6,treated,U2OS,,train
3969,U2OS-01_3_O21_s1_57,U2OS-01,3,O21,s1,SIRT6,treated,U2OS,,train
3970,U2OS-01_3_O21_s1_60,U2OS-01,3,O21,s1,SIRT6,treated,U2OS,,train
3971,U2OS-01_3_O21_s1_61,U2OS-01,3,O21,s1,SIRT6,treated,U2OS,,train
3972,U2OS-01_3_O21_s1_63,U2OS-01,3,O21,s1,SIRT6,treated,U2OS,,train
3973,U2OS-01_3_O21_s1_64,U2OS-01,3,O21,s1,SIRT6,treated,U2OS,,train
3974,U2OS-01_3_O21_s1_65,U2OS-01,3,O21,s1,SIRT6,treated,U2OS,,train
3975,U2OS-01_3_O21_s1_68,U2OS-01,3,O21,s1,SIRT6,treated,U2OS,,train
3976,U2OS-01_3_O21_s1_70,U2OS-01,3,O21,s1,SIRT6,treated,U2OS,,train
3977,U2OS-01_3_O21_s1_72,U2OS-01,3,O21,s1,SIRT6,treated,U2OS,,train
3978,U2OS-01_3_O21_s1_73,U2OS-01,3,O21,s1,SIRT6,treated,U2OS,,train
3979,U2OS-01_3_O21_s1_74,U2OS-01,3,O21,s1,SIRT6,treated,U2OS,,train
3980,U2OS-02_1_B02_s1_15,U2OS-02,1,B02,s1,UNTREATED,negative_control,U2OS,,train
3981,U2OS-02_1_B02_s1_16,U2OS-02,1,B02,s1,UNTREATED,negative_control,U2OS,,train
3982,U2OS-02_1_B02_s1_17,U2OS-02,1,B02,s1,UNTREATED,negative_control,U2OS,,train
3983,U2OS-02_1_B02_s1_19,U2OS-02,1,B02,s1,UNTREATED,negative_control,U2OS,,train
3984,U2OS-02_1_B02_s1_21,U2OS-02,1,B02,s1,UNTREATED,negative_control,U2OS,,train
3985,U2OS-02_1_B02_s1_23,U2OS-02,1,B02,s1,UNTREATED,negative_control,U2OS,,train
3986,U2OS-02_1_B02_s1_24,U2OS-02,1,B02,s1,UNTREATED,negative_control,U2OS,,train
3987,U2OS-02_1_B02_s1_26,U2OS-02,1,B02,s1,UNTREATED,negative_control,U2OS,,train
3988,U2OS-02_1_B02_s1_27,U2OS-02,1,B02,s1,UNTREATED,negative_control,U2OS,,train
3989,U2OS-02_1_B02_s1_29,U2OS-02,1,B02,s1,UNTREATED,negative_control,U2OS,,train
3990,U2OS-02_1_B02_s1_30,U2OS-02,1,B02,s1,UNTREATED,negative_control,U2OS,,train
3991,U2OS-02_1_B02_s1_31,U2OS-02,1,B02,s1,UNTREATED,negative_control,U2OS,,train
3992,U2OS-02_1_B02_s1_33,U2OS-02,1,B02,s1,UNTREATED,negative_control,U2OS,,train
3993,U2OS-02_1_B02_s1_34,U2OS-02,1,B02,s1,UNTREATED,negative_control,U2OS,,train
3994,U2OS-02_1_B02_s1_38,U2OS-02,1,B02,s1,UNTREATED,negative_control,U2OS,,train
3995,U2OS-02_1_B02_s1_39,U2OS-02,1,B02,s1,UNTREATED,negative_control,U2OS,,train
3996,U2OS-02_1_B02_s1_40,U2OS-02,1,B02,s1,UNTREATED,negative_control,U2OS,,train
3997,U2OS-02_1_B02_s1_41,U2OS-02,1,B02,s1,UNTREATED,negative_control,U2OS,,train
3998,U2OS-02_1_B02_s1_42,U2OS-02,1,B02,s1,UNTREATED,negative_control,U2OS,,train
3999,U2OS-02_1_B02_s1_43,U2OS-02,1,B02,s1,UNTREATED,negative_control,U2OS,,train
4000,U2OS-02_1_B02_s1_44,U2OS-02,1,B02,s1,UNTREATED,negative_control,U2OS,,train
4001,U2OS-02_1_B02_s1_48,U2OS-02,1,B02,s1,UNTREATED,negative_control,U2OS,,train
4002,U2OS-02_1_B02_s1_49,U2OS-02,1,B02,s1,UNTREATED,negative_control,U2OS,,train
4003,U2OS-02_1_B02_s1_50,U2OS-02,1,B02,s1,UNTREATED,negative_control,U2OS,,train
4004,U2OS-02_1_B02_s1_51,U2OS-02,1,B02,s1,UNTREATED,negative_control,U2OS,,train
4005,U2OS-02_1_B02_s1_52,U2OS-02,1,B02,s1,UNTREATED,negative_control,U2OS,,train
4006,U2OS-02_1_B02_s1_53,U2OS-02,1,B02,s1,UNTREATED,negative_control,U2OS,,train
4007,U2OS-02_1_B02_s1_54,U2OS-02,1,B02,s1,UNTREATED,negative_control,U2OS,,train
4008,U2OS-02_1_B02_s1_55,U2OS-02,1,B02,s1,UNTREATED,negative_control,U2OS,,train
4009,U2OS-02_1_B02_s1_56,U2OS-02,1,B02,s1,UNTREATED,negative_control,U2OS,,train
4010,U2OS-02_1_B02_s1_59,U2OS-02,1,B02,s1,UNTREATED,negative_control,U2OS,,train
4011,U2OS-02_1_B02_s1_60,U2OS-02,1,B02,s1,UNTREATED,negative_control,U2OS,,train
4012,U2OS-02_1_B02_s1_63,U2OS-02,1,B02,s1,UNTREATED,negative_control,U2OS,,train
4013,U2OS-02_1_B02_s1_64,U2OS-02,1,B02,s1,UNTREATED,negative_control,U2OS,,train
4014,U2OS-02_1_B02_s1_65,U2OS-02,1,B02,s1,UNTREATED,negative_control,U2OS,,train
4015,U2OS-02_1_B02_s1_67,U2OS-02,1,B02,s1,UNTREATED,negative_control,U2OS,,train
4016,U2OS-02_1_B02_s1_68,U2OS-02,1,B02,s1,UNTREATED,negative_control,U2OS,,train
4017,U2OS-02_1_B02_s1_70,U2OS-02,1,B02,s1,UNTREATED,negative_control,U2OS,,train
4018,U2OS-02_1_B02_s1_72,U2OS-02,1,B02,s1,UNTREATED,negative_control,U2OS,,train
4019,U2OS-02_1_B02_s1_73,U2OS-02,1,B02,s1,UNTREATED,negative_control,U2OS,,train
4020,U2OS-02_1_B06_s1_10,U2OS-02,1,B06,s1,DUOX2,treated,U2OS,,train
4021,U2OS-02_1_B06_s1_11,U2OS-02,1,B06,s1,DUOX2,treated,U2OS,,train
4022,U2OS-02_1_B06_s1_12,U2OS-02,1,B06,s1,DUOX2,treated,U2OS,,train
4023,U2OS-02_1_B06_s1_15,U2OS-02,1,B06,s1,DUOX2,treated,U2OS,,train
4024,U2OS-02_1_B06_s1_17,U2OS-02,1,B06,s1,DUOX2,treated,U2OS,,train
4025,U2OS-02_1_B06_s1_18,U2OS-02,1,B06,s1,DUOX2,treated,U2OS,,train
4026,U2OS-02_1_B06_s1_19,U2OS-02,1,B06,s1,DUOX2,treated,U2OS,,train
4027,U2OS-02_1_B06_s1_20,U2OS-02,1,B06,s1,DUOX2,treated,U2OS,,train
4028,U2OS-02_1_B06_s1_22,U2OS-02,1,B06,s1,DUOX2,treated,U2OS,,train
4029,U2OS-02_1_B06_s1_23,U2OS-02,1,B06,s1,DUOX2,treated,U2OS,,train
4030,U2OS-02_1_B06_s1_24,U2OS-02,1,B06,s1,DUOX2,treated,U2OS,,train
4031,U2OS-02_1_B06_s1_26,U2OS-02,1,B06,s1,DUOX2,treated,U2OS,,train
4032,U2OS-02_1_B06_s1_28,U2OS-02,1,B06,s1,DUOX2,treated,U2OS,,train
4033,U2OS-02_1_B06_s1_29,U2OS-02,1,B06,s1,DUOX2,treated,U2OS,,train
4034,U2OS-02_1_B06_s1_35,U2OS-02,1,B06,s1,DUOX2,treated,U2OS,,train
4035,U2OS-02_1_B06_s1_36,U2OS-02,1,B06,s1,DUOX2,treated,U2OS,,train
4036,U2OS-02_1_B06_s1_39,U2OS-02,1,B06,s1,DUOX2,treated,U2OS,,train
4037,U2OS-02_1_B06_s1_40,U2OS-02,1,B06,s1,DUOX2,treated,U2OS,,train
4038,U2OS-02_1_B06_s1_41,U2OS-02,1,B06,s1,DUOX2,treated,U2OS,,train
4039,U2OS-02_1_B06_s1_42,U2OS-02,1,B06,s1,DUOX2,treated,U2OS,,train
4040,U2OS-02_1_B06_s1_44,U2OS-02,1,B06,s1,DUOX2,treated,U2OS,,train
4041,U2OS-02_1_B06_s1_46,U2OS-02,1,B06,s1,DUOX2,treated,U2OS,,train
4042,U2OS-02_1_B06_s1_47,U2OS-02,1,B06,s1,DUOX2,treated,U2OS,,train
4043,U2OS-02_1_B06_s1_48,U2OS-02,1,B06,s1,DUOX2,treated,U2OS,,train
4044,U2OS-02_1_B06_s1_49,U2OS-02,1,B06,s1,DUOX2,treated,U2OS,,train
4045,U2OS-02_1_B06_s1_51,U2OS-02,1,B06,s1,DUOX2,treated,U2OS,,train
4046,U2OS-02_1_B06_s1_52,U2OS-02,1,B06,s1,DUOX2,treated,U2OS,,train
4047,U2OS-02_1_B06_s1_55,U2OS-02,1,B06,s1,DUOX2,treated,U2OS,,train
4048,U2OS-02_1_B06_s1_56,U2OS-02,1,B06,s1,DUOX2,treated,U2OS,,train
4049,U2OS-02_1_B06_s1_57,U2OS-02,1,B06,s1,DUOX2,treated,U2OS,,train
4050,U2OS-02_1_B06_s1_59,U2OS-02,1,B06,s1,DUOX2,treated,U2OS,,train
4051,U2OS-02_1_B06_s1_60,U2OS-02,1,B06,s1,DUOX2,treated,U2OS,,train
4052,U2OS-02_1_B06_s1_62,U2OS-02,1,B06,s1,DUOX2,treated,U2OS,,train
4053,U2OS-02_1_B06_s1_64,U2OS-02,1,B06,s1,DUOX2,treated,U2OS,,train
4054,U2OS-02_1_B06_s1_65,U2OS-02,1,B06,s1,DUOX2,treated,U2OS,,train
4055,U2OS-02_1_B06_s1_68,U2OS-02,1,B06,s1,DUOX2,treated,U2OS,,train
4056,U2OS-02_1_B06_s1_69,U2OS-02,1,B06,s1,DUOX2,treated,U2OS,,train
4057,U2OS-02_1_B06_s1_72,U2OS-02,1,B06,s1,DUOX2,treated,U2OS,,train
4058,U2OS-02_1_B06_s1_73,U2OS-02,1,B06,s1,DUOX2,treated,U2OS,,train
4059,U2OS-02_1_B06_s1_74,U2OS-02,1,B06,s1,DUOX2,treated,U2OS,,train
4060,U2OS-02_1_B11_s1_12,U2OS-02,1,B11,s1,SH3KBP1,treated,U2OS,,train
4061,U2OS-02_1_B11_s1_13,U2OS-02,1,B11,s1,SH3KBP1,treated,U2OS,,train
4062,U2OS-02_1_B11_s1_14,U2OS-02,1,B11,s1,SH3KBP1,treated,U2OS,,train
4063,U2OS-02_1_B11_s1_17,U2OS-02,1,B11,s1,SH3KBP1,treated,U2OS,,train
4064,U2OS-02_1_B11_s1_20,U2OS-02,1,B11,s1,SH3KBP1,treated,U2OS,,train
4065,U2OS-02_1_B11_s1_21,U2OS-02,1,B11,s1,SH3KBP1,treated,U2OS,,train
4066,U2OS-02_1_B11_s1_22,U2OS-02,1,B11,s1,SH3KBP1,treated,U2OS,,train
4067,U2OS-02_1_B11_s1_24,U2OS-02,1,B11,s1,SH3KBP1,treated,U2OS,,train
4068,U2OS-02_1_B11_s1_25,U2OS-02,1,B11,s1,SH3KBP1,treated,U2OS,,train
4069,U2OS-02_1_B11_s1_26,U2OS-02,1,B11,s1,SH3KBP1,treated,U2OS,,train
4070,U2OS-02_1_B11_s1_28,U2OS-02,1,B11,s1,SH3KBP1,treated,U2OS,,train
4071,U2OS-02_1_B11_s1_29,U2OS-02,1,B11,s1,SH3KBP1,treated,U2OS,,train
4072,U2OS-02_1_B11_s1_31,U2OS-02,1,B11,s1,SH3KBP1,treated,U2OS,,train
4073,U2OS-02_1_B11_s1_32,U2OS-02,1,B11,s1,SH3KBP1,treated,U2OS,,train
4074,U2OS-02_1_B11_s1_37,U2OS-02,1,B11,s1,SH3KBP1,treated,U2OS,,train
4075,U2OS-02_1_B11_s1_38,U2OS-02,1,B11,s1,SH3KBP1,treated,U2OS,,train
4076,U2OS-02_1_B11_s1_39,U2OS-02,1,B11,s1,SH3KBP1,treated,U2OS,,train
4077,U2OS-02_1_B11_s1_41,U2OS-02,1,B11,s1,SH3KBP1,treated,U2OS,,train
4078,U2OS-02_1_B11_s1_42,U2OS-02,1,B11,s1,SH3KBP1,treated,U2OS,,train
4079,U2OS-02_1_B11_s1_45,U2OS-02,1,B11,s1,SH3KBP1,treated,U2OS,,train
4080,U2OS-02_1_B11_s1_46,U2OS-02,1,B11,s1,SH3KBP1,treated,U2OS,,train
4081,U2OS-02_1_B11_s1_48,U2OS-02,1,B11,s1,SH3KBP1,treated,U2OS,,train
4082,U2OS-02_1_B11_s1_49,U2OS-02,1,B11,s1,SH3KBP1,treated,U2OS,,train
4083,U2OS-02_1_B11_s1_50,U2OS-02,1,B11,s1,SH3KBP1,treated,U2OS,,train
4084,U2OS-02_1_B11_s1_51,U2OS-02,1,B11,s1,SH3KBP1,treated,U2OS,,train
4085,U2OS-02_1_B11_s1_53,U2OS-02,1,B11,s1,SH3KBP1,treated,U2OS,,train
4086,U2OS-02_1_B11_s1_54,U2OS-02,1,B11,s1,SH3KBP1,treated,U2OS,,train
4087,U2OS-02_1_B11_s1_55,U2OS-02,1,B11,s1,SH3KBP1,treated,U2OS,,train
4088,U2OS-02_1_B11_s1_56,U2OS-02,1,B11,s1,SH3KBP1,treated,U2OS,,train
4089,U2OS-02_1_B11_s1_57,U2OS-02,1,B11,s1,SH3KBP1,treated,U2OS,,train
4090,U2OS-02_1_B11_s1_59,U2OS-02,1,B11,s1,SH3KBP1,treated,U2OS,,train
4091,U2OS-02_1_B11_s1_60,U2OS-02,1,B11,s1,SH3KBP1,treated,U2OS,,train
4092,U2OS-02_1_B11_s1_63,U2OS-02,1,B11,s1,SH3KBP1,treated,U2OS,,train
4093,U2OS-02_1_B11_s1_65,U2OS-02,1,B11,s1,SH3KBP1,treated,U2OS,,train
4094,U2OS-02_1_B11_s1_66,U2OS-02,1,B11,s1,SH3KBP1,treated,U2OS,,train
4095,U2OS-02_1_B11_s1_68,U2OS-02,1,B11,s1,SH3KBP1,treated,U2OS,,train
4096,U2OS-02_1_B11_s1_69,U2OS-02,1,B11,s1,SH3KBP1,treated,U2OS,,train
4097,U2OS-02_1_B11_s1_73,U2OS-02,1,B11,s1,SH3KBP1,treated,U2OS,,train
4098,U2OS-02_1_B11_s1_74,U2OS-02,1,B11,s1,SH3KBP1,treated,U2OS,,train
4099,U2OS-02_1_B11_s1_76,U2OS-02,1,B11,s1,SH3KBP1,treated,U2OS,,train
4100,U2OS-02_1_B12_s1_12,U2OS-02,1,B12,s1,GDPD2,treated,U2OS,,train
4101,U2OS-02_1_B12_s1_17,U2OS-02,1,B12,s1,GDPD2,treated,U2OS,,train
4102,U2OS-02_1_B12_s1_18,U2OS-02,1,B12,s1,GDPD2,treated,U2OS,,train
4103,U2OS-02_1_B12_s1_22,U2OS-02,1,B12,s1,GDPD2,treated,U2OS,,train
4104,U2OS-02_1_B12_s1_25,U2OS-02,1,B12,s1,GDPD2,treated,U2OS,,train
4105,U2OS-02_1_B12_s1_26,U2OS-02,1,B12,s1,GDPD2,treated,U2OS,,train
4106,U2OS-02_1_B12_s1_27,U2OS-02,1,B12,s1,GDPD2,treated,U2OS,,train
4107,U2OS-02_1_B12_s1_29,U2OS-02,1,B12,s1,GDPD2,treated,U2OS,,train
4108,U2OS-02_1_B12_s1_30,U2OS-02,1,B12,s1,GDPD2,treated,U2OS,,train
4109,U2OS-02_1_B12_s1_31,U2OS-02,1,B12,s1,GDPD2,treated,U2OS,,train
4110,U2OS-02_1_B12_s1_32,U2OS-02,1,B12,s1,GDPD2,treated,U2OS,,train
4111,U2OS-02_1_B12_s1_34,U2OS-02,1,B12,s1,GDPD2,treated,U2OS,,train
4112,U2OS-02_1_B12_s1_35,U2OS-02,1,B12,s1,GDPD2,treated,U2OS,,train
4113,U2OS-02_1_B12_s1_36,U2OS-02,1,B12,s1,GDPD2,treated,U2OS,,train
4114,U2OS-02_1_B12_s1_43,U2OS-02,1,B12,s1,GDPD2,treated,U2OS,,train
4115,U2OS-02_1_B12_s1_44,U2OS-02,1,B12,s1,GDPD2,treated,U2OS,,train
4116,U2OS-02_1_B12_s1_45,U2OS-02,1,B12,s1,GDPD2,treated,U2OS,,train
4117,U2OS-02_1_B12_s1_46,U2OS-02,1,B12,s1,GDPD2,treated,U2OS,,train
4118,U2OS-02_1_B12_s1_50,U2OS-02,1,B12,s1,GDPD2,treated,U2OS,,train
4119,U2OS-02_1_B12_s1_51,U2OS-02,1,B12,s1,GDPD2,treated,U2OS,,train
4120,U2OS-02_1_B12_s1_52,U2OS-02,1,B12,s1,GDPD2,treated,U2OS,,train
4121,U2OS-02_1_B12_s1_54,U2OS-02,1,B12,s1,GDPD2,treated,U2OS,,train
4122,U2OS-02_1_B12_s1_55,U2OS-02,1,B12,s1,GDPD2,treated,U2OS,,train
4123,U2OS-02_1_B12_s1_56,U2OS-02,1,B12,s1,GDPD2,treated,U2OS,,train
4124,U2OS-02_1_B12_s1_57,U2OS-02,1,B12,s1,GDPD2,treated,U2OS,,train
4125,U2OS-02_1_B12_s1_59,U2OS-02,1,B12,s1,GDPD2,treated,U2OS,,train
4126,U2OS-02_1_B12_s1_60,U2OS-02,1,B12,s1,GDPD2,treated,U2OS,,train
4127,U2OS-02_1_B12_s1_61,U2OS-02,1,B12,s1,GDPD2,treated,U2OS,,train
4128,U2OS-02_1_B12_s1_62,U2OS-02,1,B12,s1,GDPD2,treated,U2OS,,train
4129,U2OS-02_1_B12_s1_63,U2OS-02,1,B12,s1,GDPD2,treated,U2OS,,train
4130,U2OS-02_1_B12_s1_65,U2OS-02,1,B12,s1,GDPD2,treated,U2OS,,train
4131,U2OS-02_1_B12_s1_66,U2OS-02,1,B12,s1,GDPD2,treated,U2OS,,train
4132,U2OS-02_1_B12_s1_71,U2OS-02,1,B12,s1,GDPD2,treated,U2OS,,train
4133,U2OS-02_1_B12_s1_72,U2OS-02,1,B12,s1,GDPD2,treated,U2OS,,train
4134,U2OS-02_1_B12_s1_74,U2OS-02,1,B12,s1,GDPD2,treated,U2OS,,train
4135,U2OS-02_1_B12_s1_77,U2OS-02,1,B12,s1,GDPD2,treated,U2OS,,train
4136,U2OS-02_1_B12_s1_78,U2OS-02,1,B12,s1,GDPD2,treated,U2OS,,train
4137,U2OS-02_1_B12_s1_80,U2OS-02,1,B12,s1,GDPD2,treated,U2OS,,train
4138,U2OS-02_1_B12_s1_81,U2OS-02,1,B12,s1,GDPD2,treated,U2OS,,train
4139,U2OS-02_1_B12_s1_83,U2OS-02,1,B12,s1,GDPD2,treated,U2OS,,train
4140,U2OS-02_1_C12_s1_16,U2OS-02,1,C12,s1,EHD3,treated,U2OS,,train
4141,U2OS-02_1_C12_s1_17,U2OS-02,1,C12,s1,EHD3,treated,U2OS,,train
4142,U2OS-02_1_C12_s1_18,U2OS-02,1,C12,s1,EHD3,treated,U2OS,,train
4143,U2OS-02_1_C12_s1_21,U2OS-02,1,C12,s1,EHD3,treated,U2OS,,train
4144,U2OS-02_1_C12_s1_24,U2OS-02,1,C12,s1,EHD3,treated,U2OS,,train
4145,U2OS-02_1_C12_s1_27,U2OS-02,1,C12,s1,EHD3,treated,U2OS,,train
4146,U2OS-02_1_C12_s1_28,U2OS-02,1,C12,s1,EHD3,treated,U2OS,,train
4147,U2OS-02_1_C12_s1_29,U2OS-02,1,C12,s1,EHD3,treated,U2OS,,train
4148,U2OS-02_1_C12_s1_30,U2OS-02,1,C12,s1,EHD3,treated,U2OS,,train
4149,U2OS-02_1_C12_s1_32,U2OS-02,1,C12,s1,EHD3,treated,U2OS,,train
4150,U2OS-02_1_C12_s1_35,U2OS-02,1,C12,s1,EHD3,treated,U2OS,,train
4151,U2OS-02_1_C12_s1_37,U2OS-02,1,C12,s1,EHD3,treated,U2OS,,train
4152,U2OS-02_1_C12_s1_38,U2OS-02,1,C12,s1,EHD3,treated,U2OS,,train
4153,U2OS-02_1_C12_s1_39,U2OS-02,1,C12,s1,EHD3,treated,U2OS,,train
4154,U2OS-02_1_C12_s1_45,U2OS-02,1,C12,s1,EHD3,treated,U2OS,,train
4155,U2OS-02_1_C12_s1_46,U2OS-02,1,C12,s1,EHD3,treated,U2OS,,train
4156,U2OS-02_1_C12_s1_47,U2OS-02,1,C12,s1,EHD3,treated,U2OS,,train
4157,U2OS-02_1_C12_s1_48,U2OS-02,1,C12,s1,EHD3,treated,U2OS,,train
4158,U2OS-02_1_C12_s1_51,U2OS-02,1,C12,s1,EHD3,treated,U2OS,,train
4159,U2OS-02_1_C12_s1_52,U2OS-02,1,C12,s1,EHD3,treated,U2OS,,train
4160,U2OS-02_1_C12_s1_53,U2OS-02,1,C12,s1,EHD3,treated,U2OS,,train
4161,U2OS-02_1_C12_s1_55,U2OS-02,1,C12,s1,EHD3,treated,U2OS,,train
4162,U2OS-02_1_C12_s1_56,U2OS-02,1,C12,s1,EHD3,treated,U2OS,,train
4163,U2OS-02_1_C12_s1_58,U2OS-02,1,C12,s1,EHD3,treated,U2OS,,train
4164,U2OS-02_1_C12_s1_59,U2OS-02,1,C12,s1,EHD3,treated,U2OS,,train
4165,U2OS-02_1_C12_s1_60,U2OS-02,1,C12,s1,EHD3,treated,U2OS,,train
4166,U2OS-02_1_C12_s1_61,U2OS-02,1,C12,s1,EHD3,treated,U2OS,,train
4167,U2OS-02_1_C12_s1_62,U2OS-02,1,C12,s1,EHD3,treated,U2OS,,train
4168,U2OS-02_1_C12_s1_63,U2OS-02,1,C12,s1,EHD3,treated,U2OS,,train
4169,U2OS-02_1_C12_s1_65,U2OS-02,1,C12,s1,EHD3,treated,U2OS,,train
4170,U2OS-02_1_C12_s1_67,U2OS-02,1,C12,s1,EHD3,treated,U2OS,,train
4171,U2OS-02_1_C12_s1_68,U2OS-02,1,C12,s1,EHD3,treated,U2OS,,train
4172,U2OS-02_1_C12_s1_71,U2OS-02,1,C12,s1,EHD3,treated,U2OS,,train
4173,U2OS-02_1_C12_s1_72,U2OS-02,1,C12,s1,EHD3,treated,U2OS,,train
4174,U2OS-02_1_C12_s1_73,U2OS-02,1,C12,s1,EHD3,treated,U2OS,,train
4175,U2OS-02_1_C12_s1_78,U2OS-02,1,C12,s1,EHD3,treated,U2OS,,train
4176,U2OS-02_1_C12_s1_79,U2OS-02,1,C12,s1,EHD3,treated,U2OS,,train
4177,U2OS-02_1_C12_s1_81,U2OS-02,1,C12,s1,EHD3,treated,U2OS,,train
4178,U2OS-02_1_C12_s1_83,U2OS-02,1,C12,s1,EHD3,treated,U2OS,,train
4179,U2OS-02_1_C12_s1_84,U2OS-02,1,C12,s1,EHD3,treated,U2OS,,train
4180,U2OS-02_1_C13_s1_19,U2OS-02,1,C13,s1,GULP1,treated,U2OS,,train
4181,U2OS-02_1_C13_s1_22,U2OS-02,1,C13,s1,GULP1,treated,U2OS,,train
4182,U2OS-02_1_C13_s1_23,U2OS-02,1,C13,s1,GULP1,treated,U2OS,,train
4183,U2OS-02_1_C13_s1_25,U2OS-02,1,C13,s1,GULP1,treated,U2OS,,train
4184,U2OS-02_1_C13_s1_27,U2OS-02,1,C13,s1,GULP1,treated,U2OS,,train
4185,U2OS-02_1_C13_s1_30,U2OS-02,1,C13,s1,GULP1,treated,U2OS,,train
4186,U2OS-02_1_C13_s1_31,U2OS-02,1,C13,s1,GULP1,treated,U2OS,,train
4187,U2OS-02_1_C13_s1_32,U2OS-02,1,C13,s1,GULP1,treated,U2OS,,train
4188,U2OS-02_1_C13_s1_33,U2OS-02,1,C13,s1,GULP1,treated,U2OS,,train
4189,U2OS-02_1_C13_s1_34,U2OS-02,1,C13,s1,GULP1,treated,U2OS,,train
4190,U2OS-02_1_C13_s1_35,U2OS-02,1,C13,s1,GULP1,treated,U2OS,,train
4191,U2OS-02_1_C13_s1_36,U2OS-02,1,C13,s1,GULP1,treated,U2OS,,train
4192,U2OS-02_1_C13_s1_38,U2OS-02,1,C13,s1,GULP1,treated,U2OS,,train
4193,U2OS-02_1_C13_s1_39,U2OS-02,1,C13,s1,GULP1,treated,U2OS,,train
4194,U2OS-02_1_C13_s1_46,U2OS-02,1,C13,s1,GULP1,treated,U2OS,,train
4195,U2OS-02_1_C13_s1_47,U2OS-02,1,C13,s1,GULP1,treated,U2OS,,train
4196,U2OS-02_1_C13_s1_48,U2OS-02,1,C13,s1,GULP1,treated,U2OS,,train
4197,U2OS-02_1_C13_s1_49,U2OS-02,1,C13,s1,GULP1,treated,U2OS,,train
4198,U2OS-02_1_C13_s1_50,U2OS-02,1,C13,s1,GULP1,treated,U2OS,,train
4199,U2OS-02_1_C13_s1_51,U2OS-02,1,C13,s1,GULP1,treated,U2OS,,train
4200,U2OS-02_1_C13_s1_52,U2OS-02,1,C13,s1,GULP1,treated,U2OS,,train
4201,U2OS-02_1_C13_s1_54,U2OS-02,1,C13,s1,GULP1,treated,U2OS,,train
4202,U2OS-02_1_C13_s1_55,U2OS-02,1,C13,s1,GULP1,treated,U2OS,,train
4203,U2OS-02_1_C13_s1_56,U2OS-02,1,C13,s1,GULP1,treated,U2OS,,train
4204,U2OS-02_1_C13_s1_57,U2OS-02,1,C13,s1,GULP1,treated,U2OS,,train
4205,U2OS-02_1_C13_s1_59,U2OS-02,1,C13,s1,GULP1,treated,U2OS,,train
4206,U2OS-02_1_C13_s1_60,U2OS-02,1,C13,s1,GULP1,treated,U2OS,,train
4207,U2OS-02_1_C13_s1_61,U2OS-02,1,C13,s1,GULP1,treated,U2OS,,train
4208,U2OS-02_1_C13_s1_63,U2OS-02,1,C13,s1,GULP1,treated,U2OS,,train
4209,U2OS-02_1_C13_s1_65,U2OS-02,1,C13,s1,GULP1,treated,U2OS,,train
4210,U2OS-02_1_C13_s1_67,U2OS-02,1,C13,s1,GULP1,treated,U2OS,,train
4211,U2OS-02_1_C13_s1_68,U2OS-02,1,C13,s1,GULP1,treated,U2OS,,train
4212,U2OS-02_1_C13_s1_70,U2OS-02,1,C13,s1,GULP1,treated,U2OS,,train
4213,U2OS-02_1_C13_s1_71,U2OS-02,1,C13,s1,GULP1,treated,U2OS,,train
4214,U2OS-02_1_C13_s1_72,U2OS-02,1,C13,s1,GULP1,treated,U2OS,,train
4215,U2OS-02_1_C13_s1_75,U2OS-02,1,C13,s1,GULP1,treated,U2OS,,train
4216,U2OS-02_1_C13_s1_77,U2OS-02,1,C13,s1,GULP1,treated,U2OS,,train
4217,U2OS-02_1_C13_s1_79,U2OS-02,1,C13,s1,GULP1,treated,U2OS,,train
4218,U2OS-02_1_C13_s1_81,U2OS-02,1,C13,s1,GULP1,treated,U2OS,,train
4219,U2OS-02_1_C13_s1_82,U2OS-02,1,C13,s1,GULP1,treated,U2OS,,train
4220,U2OS-02_1_C14_s1_10,U2OS-02,1,C14,s1,CDHR2,treated,U2OS,,train
4221,U2OS-02_1_C14_s1_14,U2OS-02,1,C14,s1,CDHR2,treated,U2OS,,train
4222,U2OS-02_1_C14_s1_15,U2OS-02,1,C14,s1,CDHR2,treated,U2OS,,train
4223,U2OS-02_1_C14_s1_17,U2OS-02,1,C14,s1,CDHR2,treated,U2OS,,train
4224,U2OS-02_1_C14_s1_20,U2OS-02,1,C14,s1,CDHR2,treated,U2OS,,train
4225,U2OS-02_1_C14_s1_22,U2OS-02,1,C14,s1,CDHR2,treated,U2OS,,train
4226,U2OS-02_1_C14_s1_23,U2OS-02,1,C14,s1,CDHR2,treated,U2OS,,train
4227,U2OS-02_1_C14_s1_24,U2OS-02,1,C14,s1,CDHR2,treated,U2OS,,train
4228,U2OS-02_1_C14_s1_25,U2OS-02,1,C14,s1,CDHR2,treated,U2OS,,train
4229,U2OS-02_1_C14_s1_26,U2OS-02,1,C14,s1,CDHR2,treated,U2OS,,train
4230,U2OS-02_1_C14_s1_28,U2OS-02,1,C14,s1,CDHR2,treated,U2OS,,train
4231,U2OS-02_1_C14_s1_29,U2OS-02,1,C14,s1,CDHR2,treated,U2OS,,train
4232,U2OS-02_1_C14_s1_30,U2OS-02,1,C14,s1,CDHR2,treated,U2OS,,train
4233,U2OS-02_1_C14_s1_31,U2OS-02,1,C14,s1,CDHR2,treated,U2OS,,train
4234,U2OS-02_1_C14_s1_37,U2OS-02,1,C14,s1,CDHR2,treated,U2OS,,train
4235,U2OS-02_1_C14_s1_38,U2OS-02,1,C14,s1,CDHR2,treated,U2OS,,train
4236,U2OS-02_1_C14_s1_39,U2OS-02,1,C14,s1,CDHR2,treated,U2OS,,train
4237,U2OS-02_1_C14_s1_41,U2OS-02,1,C14,s1,CDHR2,treated,U2OS,,train
4238,U2OS-02_1_C14_s1_42,U2OS-02,1,C14,s1,CDHR2,treated,U2OS,,train
4239,U2OS-02_1_C14_s1_44,U2OS-02,1,C14,s1,CDHR2,treated,U2OS,,train
4240,U2OS-02_1_C14_s1_45,U2OS-02,1,C14,s1,CDHR2,treated,U2OS,,train
4241,U2OS-02_1_C14_s1_47,U2OS-02,1,C14,s1,CDHR2,treated,U2OS,,train
4242,U2OS-02_1_C14_s1_48,U2OS-02,1,C14,s1,CDHR2,treated,U2OS,,train
4243,U2OS-02_1_C14_s1_49,U2OS-02,1,C14,s1,CDHR2,treated,U2OS,,train
4244,U2OS-02_1_C14_s1_51,U2OS-02,1,C14,s1,CDHR2,treated,U2OS,,train
4245,U2OS-02_1_C14_s1_52,U2OS-02,1,C14,s1,CDHR2,treated,U2OS,,train
4246,U2OS-02_1_C14_s1_54,U2OS-02,1,C14,s1,CDHR2,treated,U2OS,,train
4247,U2OS-02_1_C14_s1_55,U2OS-02,1,C14,s1,CDHR2,treated,U2OS,,train
4248,U2OS-02_1_C14_s1_56,U2OS-02,1,C14,s1,CDHR2,treated,U2OS,,train
4249,U2OS-02_1_C14_s1_58,U2OS-02,1,C14,s1,CDHR2,treated,U2OS,,train
4250,U2OS-02_1_C14_s1_60,U2OS-02,1,C14,s1,CDHR2,treated,U2OS,,train
4251,U2OS-02_1_C14_s1_61,U2OS-02,1,C14,s1,CDHR2,treated,U2OS,,train
4252,U2OS-02_1_C14_s1_63,U2OS-02,1,C14,s1,CDHR2,treated,U2OS,,train
4253,U2OS-02_1_C14_s1_67,U2OS-02,1,C14,s1,CDHR2,treated,U2OS,,train
4254,U2OS-02_1_C14_s1_68,U2OS-02,1,C14,s1,CDHR2,treated,U2OS,,train
4255,U2OS-02_1_C14_s1_70,U2OS-02,1,C14,s1,CDHR2,treated,U2OS,,train
4256,U2OS-02_1_C14_s1_71,U2OS-02,1,C14,s1,CDHR2,treated,U2OS,,train
4257,U2OS-02_1_C14_s1_73,U2OS-02,1,C14,s1,CDHR2,treated,U2OS,,train
4258,U2OS-02_1_C14_s1_76,U2OS-02,1,C14,s1,CDHR2,treated,U2OS,,train
4259,U2OS-02_1_C14_s1_77,U2OS-02,1,C14,s1,CDHR2,treated,U2OS,,train
4260,U2OS-02_1_D20_s1_8,U2OS-02,1,D20,s1,DERA,treated,U2OS,,train
4261,U2OS-02_1_D20_s1_17,U2OS-02,1,D20,s1,DERA,treated,U2OS,,train
4262,U2OS-02_1_D20_s1_18,U2OS-02,1,D20,s1,DERA,treated,U2OS,,train
4263,U2OS-02_1_D20_s1_22,U2OS-02,1,D20,s1,DERA,treated,U2OS,,train
4264,U2OS-02_1_D20_s1_24,U2OS-02,1,D20,s1,DERA,treated,U2OS,,train
4265,U2OS-02_1_D20_s1_25,U2OS-02,1,D20,s1,DERA,treated,U2OS,,train
4266,U2OS-02_1_D20_s1_26,U2OS-02,1,D20,s1,DERA,treated,U2OS,,train
4267,U2OS-02_1_D20_s1_27,U2OS-02,1,D20,s1,DERA,treated,U2OS,,train
4268,U2OS-02_1_D20_s1_29,U2OS-02,1,D20,s1,DERA,treated,U2OS,,train
4269,U2OS-02_1_D20_s1_31,U2OS-02,1,D20,s1,DERA,treated,U2OS,,train
4270,U2OS-02_1_D20_s1_33,U2OS-02,1,D20,s1,DERA,treated,U2OS,,train
4271,U2OS-02_1_D20_s1_34,U2OS-02,1,D20,s1,DERA,treated,U2OS,,train
4272,U2OS-02_1_D20_s1_36,U2OS-02,1,D20,s1,DERA,treated,U2OS,,train
4273,U2OS-02_1_D20_s1_37,U2OS-02,1,D20,s1,DERA,treated,U2OS,,train
4274,U2OS-02_1_D20_s1_44,U2OS-02,1,D20,s1,DERA,treated,U2OS,,train
4275,U2OS-02_1_D20_s1_45,U2OS-02,1,D20,s1,DERA,treated,U2OS,,train
4276,U2OS-02_1_D20_s1_47,U2OS-02,1,D20,s1,DERA,treated,U2OS,,train
4277,U2OS-02_1_D20_s1_48,U2OS-02,1,D20,s1,DERA,treated,U2OS,,train
4278,U2OS-02_1_D20_s1_49,U2OS-02,1,D20,s1,DERA,treated,U2OS,,train
4279,U2OS-02_1_D20_s1_50,U2OS-02,1,D20,s1,DERA,treated,U2OS,,train
4280,U2OS-02_1_D20_s1_51,U2OS-02,1,D20,s1,DERA,treated,U2OS,,train
4281,U2OS-02_1_D20_s1_54,U2OS-02,1,D20,s1,DERA,treated,U2OS,,train
4282,U2OS-02_1_D20_s1_56,U2OS-02,1,D20,s1,DERA,treated,U2OS,,train
4283,U2OS-02_1_D20_s1_57,U2OS-02,1,D20,s1,DERA,treated,U2OS,,train
4284,U2OS-02_1_D20_s1_60,U2OS-02,1,D20,s1,DERA,treated,U2OS,,train
4285,U2OS-02_1_D20_s1_61,U2OS-02,1,D20,s1,DERA,treated,U2OS,,train
4286,U2OS-02_1_D20_s1_63,U2OS-02,1,D20,s1,DERA,treated,U2OS,,train
4287,U2OS-02_1_D20_s1_64,U2OS-02,1,D20,s1,DERA,treated,U2OS,,train
4288,U2OS-02_1_D20_s1_65,U2OS-02,1,D20,s1,DERA,treated,U2OS,,train
4289,U2OS-02_1_D20_s1_66,U2OS-02,1,D20,s1,DERA,treated,U2OS,,train
4290,U2OS-02_1_D20_s1_68,U2OS-02,1,D20,s1,DERA,treated,U2OS,,train
4291,U2OS-02_1_D20_s1_70,U2OS-02,1,D20,s1,DERA,treated,U2OS,,train
4292,U2OS-02_1_D20_s1_72,U2OS-02,1,D20,s1,DERA,treated,U2OS,,train
4293,U2OS-02_1_D20_s1_73,U2OS-02,1,D20,s1,DERA,treated,U2OS,,train
4294,U2OS-02_1_D20_s1_74,U2OS-02,1,D20,s1,DERA,treated,U2OS,,train
4295,U2OS-02_1_D20_s1_76,U2OS-02,1,D20,s1,DERA,treated,U2OS,,train
4296,U2OS-02_1_D20_s1_78,U2OS-02,1,D20,s1,DERA,treated,U2OS,,train
4297,U2OS-02_1_D20_s1_80,U2OS-02,1,D20,s1,DERA,treated,U2OS,,train
4298,U2OS-02_1_D20_s1_81,U2OS-02,1,D20,s1,DERA,treated,U2OS,,train
4299,U2OS-02_1_D20_s1_83,U2OS-02,1,D20,s1,DERA,treated,U2OS,,train
4300,U2OS-02_1_E07_s1_0,U2OS-02,1,E07,s1,SOCS7,treated,U2OS,,train
4301,U2OS-02_1_E07_s1_15,U2OS-02,1,E07,s1,SOCS7,treated,U2OS,,train
4302,U2OS-02_1_E07_s1_17,U2OS-02,1,E07,s1,SOCS7,treated,U2OS,,train
4303,U2OS-02_1_E07_s1_19,U2OS-02,1,E07,s1,SOCS7,treated,U2OS,,train
4304,U2OS-02_1_E07_s1_22,U2OS-02,1,E07,s1,SOCS7,treated,U2OS,,train
4305,U2OS-02_1_E07_s1_24,U2OS-02,1,E07,s1,SOCS7,treated,U2OS,,train
4306,U2OS-02_1_E07_s1_25,U2OS-02,1,E07,s1,SOCS7,treated,U2OS,,train
4307,U2OS-02_1_E07_s1_27,U2OS-02,1,E07,s1,SOCS7,treated,U2OS,,train
4308,U2OS-02_1_E07_s1_29,U2OS-02,1,E07,s1,SOCS7,treated,U2OS,,train
4309,U2OS-02_1_E07_s1_30,U2OS-02,1,E07,s1,SOCS7,treated,U2OS,,train
4310,U2OS-02_1_E07_s1_31,U2OS-02,1,E07,s1,SOCS7,treated,U2OS,,train
4311,U2OS-02_1_E07_s1_34,U2OS-02,1,E07,s1,SOCS7,treated,U2OS,,train
4312,U2OS-02_1_E07_s1_35,U2OS-02,1,E07,s1,SOCS7,treated,U2OS,,train
4313,U2OS-02_1_E07_s1_36,U2OS-02,1,E07,s1,SOCS7,treated,U2OS,,train
4314,U2OS-02_1_E07_s1_42,U2OS-02,1,E07,s1,SOCS7,treated,U2OS,,train
4315,U2OS-02_1_E07_s1_43,U2OS-02,1,E07,s1,SOCS7,treated,U2OS,,train
4316,U2OS-02_1_E07_s1_44,U2OS-02,1,E07,s1,SOCS7,treated,U2OS,,train
4317,U2OS-02_1_E07_s1_45,U2OS-02,1,E07,s1,SOCS7,treated,U2OS,,train
4318,U2OS-02_1_E07_s1_46,U2OS-02,1,E07,s1,SOCS7,treated,U2OS,,train
4319,U2OS-02_1_E07_s1_47,U2OS-02,1,E07,s1,SOCS7,treated,U2OS,,train
4320,U2OS-02_1_E07_s1_48,U2OS-02,1,E07,s1,SOCS7,treated,U2OS,,train
4321,U2OS-02_1_E07_s1_52,U2OS-02,1,E07,s1,SOCS7,treated,U2OS,,train
4322,U2OS-02_1_E07_s1_53,U2OS-02,1,E07,s1,SOCS7,treated,U2OS,,train
4323,U2OS-02_1_E07_s1_54,U2OS-02,1,E07,s1,SOCS7,treated,U2OS,,train
4324,U2OS-02_1_E07_s1_55,U2OS-02,1,E07,s1,SOCS7,treated,U2OS,,train
4325,U2OS-02_1_E07_s1_56,U2OS-02,1,E07,s1,SOCS7,treated,U2OS,,train
4326,U2OS-02_1_E07_s1_59,U2OS-02,1,E07,s1,SOCS7,treated,U2OS,,train
4327,U2OS-02_1_E07_s1_60,U2OS-02,1,E07,s1,SOCS7,treated,U2OS,,train
4328,U2OS-02_1_E07_s1_62,U2OS-02,1,E07,s1,SOCS7,treated,U2OS,,train
4329,U2OS-02_1_E07_s1_63,U2OS-02,1,E07,s1,SOCS7,treated,U2OS,,train
4330,U2OS-02_1_E07_s1_65,U2OS-02,1,E07,s1,SOCS7,treated,U2OS,,train
4331,U2OS-02_1_E07_s1_66,U2OS-02,1,E07,s1,SOCS7,treated,U2OS,,train
4332,U2OS-02_1_E07_s1_71,U2OS-02,1,E07,s1,SOCS7,treated,U2OS,,train
4333,U2OS-02_1_E07_s1_72,U2OS-02,1,E07,s1,SOCS7,treated,U2OS,,train
4334,U2OS-02_1_E07_s1_73,U2OS-02,1,E07,s1,SOCS7,treated,U2OS,,train
4335,U2OS-02_1_E07_s1_75,U2OS-02,1,E07,s1,SOCS7,treated,U2OS,,train
4336,U2OS-02_1_E07_s1_76,U2OS-02,1,E07,s1,SOCS7,treated,U2OS,,train
4337,U2OS-02_1_E07_s1_78,U2OS-02,1,E07,s1,SOCS7,treated,U2OS,,train
4338,U2OS-02_1_E07_s1_80,U2OS-02,1,E07,s1,SOCS7,treated,U2OS,,train
4339,U2OS-02_1_E07_s1_82,U2OS-02,1,E07,s1,SOCS7,treated,U2OS,,train
4340,U2OS-02_1_E12_s1_22,U2OS-02,1,E12,s1,RAB9B,treated,U2OS,,train
4341,U2OS-02_1_E12_s1_23,U2OS-02,1,E12,s1,RAB9B,treated,U2OS,,train
4342,U2OS-02_1_E12_s1_24,U2OS-02,1,E12,s1,RAB9B,treated,U2OS,,train
4343,U2OS-02_1_E12_s1_27,U2OS-02,1,E12,s1,RAB9B,treated,U2OS,,train
4344,U2OS-02_1_E12_s1_30,U2OS-02,1,E12,s1,RAB9B,treated,U2OS,,train
4345,U2OS-02_1_E12_s1_31,U2OS-02,1,E12,s1,RAB9B,treated,U2OS,,train
4346,U2OS-02_1_E12_s1_34,U2OS-02,1,E12,s1,RAB9B,treated,U2OS,,train
4347,U2OS-02_1_E12_s1_35,U2OS-02,1,E12,s1,RAB9B,treated,U2OS,,train
4348,U2OS-02_1_E12_s1_36,U2OS-02,1,E12,s1,RAB9B,treated,U2OS,,train
4349,U2OS-02_1_E12_s1_37,U2OS-02,1,E12,s1,RAB9B,treated,U2OS,,train
4350,U2OS-02_1_E12_s1_38,U2OS-02,1,E12,s1,RAB9B,treated,U2OS,,train
4351,U2OS-02_1_E12_s1_39,U2OS-02,1,E12,s1,RAB9B,treated,U2OS,,train
4352,U2OS-02_1_E12_s1_42,U2OS-02,1,E12,s1,RAB9B,treated,U2OS,,train
4353,U2OS-02_1_E12_s1_43,U2OS-02,1,E12,s1,RAB9B,treated,U2OS,,train
4354,U2OS-02_1_E12_s1_47,U2OS-02,1,E12,s1,RAB9B,treated,U2OS,,train
4355,U2OS-02_1_E12_s1_48,U2OS-02,1,E12,s1,RAB9B,treated,U2OS,,train
4356,U2OS-02_1_E12_s1_50,U2OS-02,1,E12,s1,RAB9B,treated,U2OS,,train
4357,U2OS-02_1_E12_s1_51,U2OS-02,1,E12,s1,RAB9B,treated,U2OS,,train
4358,U2OS-02_1_E12_s1_52,U2OS-02,1,E12,s1,RAB9B,treated,U2OS,,train
4359,U2OS-02_1_E12_s1_54,U2OS-02,1,E12,s1,RAB9B,treated,U2OS,,train
4360,U2OS-02_1_E12_s1_55,U2OS-02,1,E12,s1,RAB9B,treated,U2OS,,train
4361,U2OS-02_1_E12_s1_58,U2OS-02,1,E12,s1,RAB9B,treated,U2OS,,train
4362,U2OS-02_1_E12_s1_59,U2OS-02,1,E12,s1,RAB9B,treated,U2OS,,train
4363,U2OS-02_1_E12_s1_60,U2OS-02,1,E12,s1,RAB9B,treated,U2OS,,train
4364,U2OS-02_1_E12_s1_61,U2OS-02,1,E12,s1,RAB9B,treated,U2OS,,train
4365,U2OS-02_1_E12_s1_62,U2OS-02,1,E12,s1,RAB9B,treated,U2OS,,train
4366,U2OS-02_1_E12_s1_63,U2OS-02,1,E12,s1,RAB9B,treated,U2OS,,train
4367,U2OS-02_1_E12_s1_64,U2OS-02,1,E12,s1,RAB9B,treated,U2OS,,train
4368,U2OS-02_1_E12_s1_66,U2OS-02,1,E12,s1,RAB9B,treated,U2OS,,train
4369,U2OS-02_1_E12_s1_67,U2OS-02,1,E12,s1,RAB9B,treated,U2OS,,train
4370,U2OS-02_1_E12_s1_69,U2OS-02,1,E12,s1,RAB9B,treated,U2OS,,train
4371,U2OS-02_1_E12_s1_70,U2OS-02,1,E12,s1,RAB9B,treated,U2OS,,train
4372,U2OS-02_1_E12_s1_73,U2OS-02,1,E12,s1,RAB9B,treated,U2OS,,train
4373,U2OS-02_1_E12_s1_75,U2OS-02,1,E12,s1,RAB9B,treated,U2OS,,train
4374,U2OS-02_1_E12_s1_76,U2OS-02,1,E12,s1,RAB9B,treated,U2OS,,train
4375,U2OS-02_1_E12_s1_80,U2OS-02,1,E12,s1,RAB9B,treated,U2OS,,train
4376,U2OS-02_1_E12_s1_81,U2OS-02,1,E12,s1,RAB9B,treated,U2OS,,train
4377,U2OS-02_1_E12_s1_83,U2OS-02,1,E12,s1,RAB9B,treated,U2OS,,train
4378,U2OS-02_1_E12_s1_84,U2OS-02,1,E12,s1,RAB9B,treated,U2OS,,train
4379,U2OS-02_1_E12_s1_85,U2OS-02,1,E12,s1,RAB9B,treated,U2OS,,train
4380,U2OS-02_1_E14_s1_9,U2OS-02,1,E14,s1,GPN2,treated,U2OS,,train
4381,U2OS-02_1_E14_s1_16,U2OS-02,1,E14,s1,GPN2,treated,U2OS,,train
4382,U2OS-02_1_E14_s1_17,U2OS-02,1,E14,s1,GPN2,treated,U2OS,,train
4383,U2OS-02_1_E14_s1_20,U2OS-02,1,E14,s1,GPN2,treated,U2OS,,train
4384,U2OS-02_1_E14_s1_24,U2OS-02,1,E14,s1,GPN2,treated,U2OS,,train
4385,U2OS-02_1_E14_s1_25,U2OS-02,1,E14,s1,GPN2,treated,U2OS,,train
4386,U2OS-02_1_E14_s1_26,U2OS-02,1,E14,s1,GPN2,treated,U2OS,,train
4387,U2OS-02_1_E14_s1_27,U2OS-02,1,E14,s1,GPN2,treated,U2OS,,train
4388,U2OS-02_1_E14_s1_28,U2OS-02,1,E14,s1,GPN2,treated,U2OS,,train
4389,U2OS-02_1_E14_s1_29,U2OS-02,1,E14,s1,GPN2,treated,U2OS,,train
4390,U2OS-02_1_E14_s1_30,U2OS-02,1,E14,s1,GPN2,treated,U2OS,,train
4391,U2OS-02_1_E14_s1_31,U2OS-02,1,E14,s1,GPN2,treated,U2OS,,train
4392,U2OS-02_1_E14_s1_33,U2OS-02,1,E14,s1,GPN2,treated,U2OS,,train
4393,U2OS-02_1_E14_s1_34,U2OS-02,1,E14,s1,GPN2,treated,U2OS,,train
4394,U2OS-02_1_E14_s1_40,U2OS-02,1,E14,s1,GPN2,treated,U2OS,,train
4395,U2OS-02_1_E14_s1_42,U2OS-02,1,E14,s1,GPN2,treated,U2OS,,train
4396,U2OS-02_1_E14_s1_43,U2OS-02,1,E14,s1,GPN2,treated,U2OS,,train
4397,U2OS-02_1_E14_s1_45,U2OS-02,1,E14,s1,GPN2,treated,U2OS,,train
4398,U2OS-02_1_E14_s1_48,U2OS-02,1,E14,s1,GPN2,treated,U2OS,,train
4399,U2OS-02_1_E14_s1_49,U2OS-02,1,E14,s1,GPN2,treated,U2OS,,train
4400,U2OS-02_1_E14_s1_51,U2OS-02,1,E14,s1,GPN2,treated,U2OS,,train
4401,U2OS-02_1_E14_s1_53,U2OS-02,1,E14,s1,GPN2,treated,U2OS,,train
4402,U2OS-02_1_E14_s1_54,U2OS-02,1,E14,s1,GPN2,treated,U2OS,,train
4403,U2OS-02_1_E14_s1_56,U2OS-02,1,E14,s1,GPN2,treated,U2OS,,train
4404,U2OS-02_1_E14_s1_57,U2OS-02,1,E14,s1,GPN2,treated,U2OS,,train
4405,U2OS-02_1_E14_s1_58,U2OS-02,1,E14,s1,GPN2,treated,U2OS,,train
4406,U2OS-02_1_E14_s1_59,U2OS-02,1,E14,s1,GPN2,treated,U2OS,,train
4407,U2OS-02_1_E14_s1_61,U2OS-02,1,E14,s1,GPN2,treated,U2OS,,train
4408,U2OS-02_1_E14_s1_62,U2OS-02,1,E14,s1,GPN2,treated,U2OS,,train
4409,U2OS-02_1_E14_s1_63,U2OS-02,1,E14,s1,GPN2,treated,U2OS,,train
4410,U2OS-02_1_E14_s1_65,U2OS-02,1,E14,s1,GPN2,treated,U2OS,,train
4411,U2OS-02_1_E14_s1_69,U2OS-02,1,E14,s1,GPN2,treated,U2OS,,train
4412,U2OS-02_1_E14_s1_72,U2OS-02,1,E14,s1,GPN2,treated,U2OS,,train
4413,U2OS-02_1_E14_s1_73,U2OS-02,1,E14,s1,GPN2,treated,U2OS,,train
4414,U2OS-02_1_E14_s1_74,U2OS-02,1,E14,s1,GPN2,treated,U2OS,,train
4415,U2OS-02_1_E14_s1_78,U2OS-02,1,E14,s1,GPN2,treated,U2OS,,train
4416,U2OS-02_1_E14_s1_79,U2OS-02,1,E14,s1,GPN2,treated,U2OS,,train
4417,U2OS-02_1_E14_s1_81,U2OS-02,1,E14,s1,GPN2,treated,U2OS,,train
4418,U2OS-02_1_E14_s1_84,U2OS-02,1,E14,s1,GPN2,treated,U2OS,,train
4419,U2OS-02_1_E14_s1_85,U2OS-02,1,E14,s1,GPN2,treated,U2OS,,train
4420,U2OS-02_1_F23_s1_11,U2OS-02,1,F23,s1,PRKAG3,treated,U2OS,,train
4421,U2OS-02_1_F23_s1_12,U2OS-02,1,F23,s1,PRKAG3,treated,U2OS,,train
4422,U2OS-02_1_F23_s1_14,U2OS-02,1,F23,s1,PRKAG3,treated,U2OS,,train
4423,U2OS-02_1_F23_s1_17,U2OS-02,1,F23,s1,PRKAG3,treated,U2OS,,train
4424,U2OS-02_1_F23_s1_19,U2OS-02,1,F23,s1,PRKAG3,treated,U2OS,,train
4425,U2OS-02_1_F23_s1_20,U2OS-02,1,F23,s1,PRKAG3,treated,U2OS,,train
4426,U2OS-02_1_F23_s1_22,U2OS-02,1,F23,s1,PRKAG3,treated,U2OS,,train
4427,U2OS-02_1_F23_s1_25,U2OS-02,1,F23,s1,PRKAG3,treated,U2OS,,train
4428,U2OS-02_1_F23_s1_27,U2OS-02,1,F23,s1,PRKAG3,treated,U2OS,,train
4429,U2OS-02_1_F23_s1_28,U2OS-02,1,F23,s1,PRKAG3,treated,U2OS,,train
4430,U2OS-02_1_F23_s1_29,U2OS-02,1,F23,s1,PRKAG3,treated,U2OS,,train
4431,U2OS-02_1_F23_s1_30,U2OS-02,1,F23,s1,PRKAG3,treated,U2OS,,train
4432,U2OS-02_1_F23_s1_31,U2OS-02,1,F23,s1,PRKAG3,treated,U2OS,,train
4433,U2OS-02_1_F23_s1_32,U2OS-02,1,F23,s1,PRKAG3,treated,U2OS,,train
4434,U2OS-02_1_F23_s1_37,U2OS-02,1,F23,s1,PRKAG3,treated,U2OS,,train
4435,U2OS-02_1_F23_s1_38,U2OS-02,1,F23,s1,PRKAG3,treated,U2OS,,train
4436,U2OS-02_1_F23_s1_39,U2OS-02,1,F23,s1,PRKAG3,treated,U2OS,,train
4437,U2OS-02_1_F23_s1_40,U2OS-02,1,F23,s1,PRKAG3,treated,U2OS,,train
4438,U2OS-02_1_F23_s1_43,U2OS-02,1,F23,s1,PRKAG3,treated,U2OS,,train
4439,U2OS-02_1_F23_s1_44,U2OS-02,1,F23,s1,PRKAG3,treated,U2OS,,train
4440,U2OS-02_1_F23_s1_45,U2OS-02,1,F23,s1,PRKAG3,treated,U2OS,,train
4441,U2OS-02_1_F23_s1_47,U2OS-02,1,F23,s1,PRKAG3,treated,U2OS,,train
4442,U2OS-02_1_F23_s1_48,U2OS-02,1,F23,s1,PRKAG3,treated,U2OS,,train
4443,U2OS-02_1_F23_s1_51,U2OS-02,1,F23,s1,PRKAG3,treated,U2OS,,train
4444,U2OS-02_1_F23_s1_53,U2OS-02,1,F23,s1,PRKAG3,treated,U2OS,,train
4445,U2OS-02_1_F23_s1_54,U2OS-02,1,F23,s1,PRKAG3,treated,U2OS,,train
4446,U2OS-02_1_F23_s1_55,U2OS-02,1,F23,s1,PRKAG3,treated,U2OS,,train
4447,U2OS-02_1_F23_s1_56,U2OS-02,1,F23,s1,PRKAG3,treated,U2OS,,train
4448,U2OS-02_1_F23_s1_57,U2OS-02,1,F23,s1,PRKAG3,treated,U2OS,,train
4449,U2OS-02_1_F23_s1_58,U2OS-02,1,F23,s1,PRKAG3,treated,U2OS,,train
4450,U2OS-02_1_F23_s1_62,U2OS-02,1,F23,s1,PRKAG3,treated,U2OS,,train
4451,U2OS-02_1_F23_s1_63,U2OS-02,1,F23,s1,PRKAG3,treated,U2OS,,train
4452,U2OS-02_1_F23_s1_65,U2OS-02,1,F23,s1,PRKAG3,treated,U2OS,,train
4453,U2OS-02_1_F23_s1_67,U2OS-02,1,F23,s1,PRKAG3,treated,U2OS,,train
4454,U2OS-02_1_F23_s1_69,U2OS-02,1,F23,s1,PRKAG3,treated,U2OS,,train
4455,U2OS-02_1_F23_s1_71,U2OS-02,1,F23,s1,PRKAG3,treated,U2OS,,train
4456,U2OS-02_1_F23_s1_72,U2OS-02,1,F23,s1,PRKAG3,treated,U2OS,,train
4457,U2OS-02_1_F23_s1_75,U2OS-02,1,F23,s1,PRKAG3,treated,U2OS,,train
4458,U2OS-02_1_F23_s1_77,U2OS-02,1,F23,s1,PRKAG3,treated,U2OS,,train
4459,U2OS-02_1_F23_s1_79,U2OS-02,1,F23,s1,PRKAG3,treated,U2OS,,train
4460,U2OS-02_1_G15_s1_16,U2OS-02,1,G15,s1,SIRT6,treated,U2OS,,train
4461,U2OS-02_1_G15_s1_19,U2OS-02,1,G15,s1,SIRT6,treated,U2OS,,train
4462,U2OS-02_1_G15_s1_21,U2OS-02,1,G15,s1,SIRT6,treated,U2OS,,train
4463,U2OS-02_1_G15_s1_24,U2OS-02,1,G15,s1,SIRT6,treated,U2OS,,train
4464,U2OS-02_1_G15_s1_26,U2OS-02,1,G15,s1,SIRT6,treated,U2OS,,train
4465,U2OS-02_1_G15_s1_27,U2OS-02,1,G15,s1,SIRT6,treated,U2OS,,train
4466,U2OS-02_1_G15_s1_29,U2OS-02,1,G15,s1,SIRT6,treated,U2OS,,train
4467,U2OS-02_1_G15_s1_30,U2OS-02,1,G15,s1,SIRT6,treated,U2OS,,train
4468,U2OS-02_1_G15_s1_31,U2OS-02,1,G15,s1,SIRT6,treated,U2OS,,train
4469,U2OS-02_1_G15_s1_32,U2OS-02,1,G15,s1,SIRT6,treated,U2OS,,train
4470,U2OS-02_1_G15_s1_33,U2OS-02,1,G15,s1,SIRT6,treated,U2OS,,train
4471,U2OS-02_1_G15_s1_34,U2OS-02,1,G15,s1,SIRT6,treated,U2OS,,train
4472,U2OS-02_1_G15_s1_35,U2OS-02,1,G15,s1,SIRT6,treated,U2OS,,train
4473,U2OS-02_1_G15_s1_37,U2OS-02,1,G15,s1,SIRT6,treated,U2OS,,train
4474,U2OS-02_1_G15_s1_43,U2OS-02,1,G15,s1,SIRT6,treated,U2OS,,train
4475,U2OS-02_1_G15_s1_44,U2OS-02,1,G15,s1,SIRT6,treated,U2OS,,train
4476,U2OS-02_1_G15_s1_46,U2OS-02,1,G15,s1,SIRT6,treated,U2OS,,train
4477,U2OS-02_1_G15_s1_47,U2OS-02,1,G15,s1,SIRT6,treated,U2OS,,train
4478,U2OS-02_1_G15_s1_48,U2OS-02,1,G15,s1,SIRT6,treated,U2OS,,train
4479,U2OS-02_1_G15_s1_49,U2OS-02,1,G15,s1,SIRT6,treated,U2OS,,train
4480,U2OS-02_1_G15_s1_50,U2OS-02,1,G15,s1,SIRT6,treated,U2OS,,train
4481,U2OS-02_1_G15_s1_53,U2OS-02,1,G15,s1,SIRT6,treated,U2OS,,train
4482,U2OS-02_1_G15_s1_54,U2OS-02,1,G15,s1,SIRT6,treated,U2OS,,train
4483,U2OS-02_1_G15_s1_55,U2OS-02,1,G15,s1,SIRT6,treated,U2OS,,train
4484,U2OS-02_1_G15_s1_56,U2OS-02,1,G15,s1,SIRT6,treated,U2OS,,train
4485,U2OS-02_1_G15_s1_57,U2OS-02,1,G15,s1,SIRT6,treated,U2OS,,train
4486,U2OS-02_1_G15_s1_59,U2OS-02,1,G15,s1,SIRT6,treated,U2OS,,train
4487,U2OS-02_1_G15_s1_60,U2OS-02,1,G15,s1,SIRT6,treated,U2OS,,train
4488,U2OS-02_1_G15_s1_62,U2OS-02,1,G15,s1,SIRT6,treated,U2OS,,train
4489,U2OS-02_1_G15_s1_64,U2OS-02,1,G15,s1,SIRT6,treated,U2OS,,train
4490,U2OS-02_1_G15_s1_66,U2OS-02,1,G15,s1,SIRT6,treated,U2OS,,train
4491,U2OS-02_1_G15_s1_67,U2OS-02,1,G15,s1,SIRT6,treated,U2OS,,train
4492,U2OS-02_1_G15_s1_69,U2OS-02,1,G15,s1,SIRT6,treated,U2OS,,train
4493,U2OS-02_1_G15_s1_71,U2OS-02,1,G15,s1,SIRT6,treated,U2OS,,train
4494,U2OS-02_1_G15_s1_72,U2OS-02,1,G15,s1,SIRT6,treated,U2OS,,train
4495,U2OS-02_1_G15_s1_75,U2OS-02,1,G15,s1,SIRT6,treated,U2OS,,train
4496,U2OS-02_1_G15_s1_76,U2OS-02,1,G15,s1,SIRT6,treated,U2OS,,train
4497,U2OS-02_1_G15_s1_80,U2OS-02,1,G15,s1,SIRT6,treated,U2OS,,train
4498,U2OS-02_1_G15_s1_81,U2OS-02,1,G15,s1,SIRT6,treated,U2OS,,train
4499,U2OS-02_1_G15_s1_82,U2OS-02,1,G15,s1,SIRT6,treated,U2OS,,train
4500,U2OS-02_1_G17_s1_16,U2OS-02,1,G17,s1,RASD1,treated,U2OS,,train
4501,U2OS-02_1_G17_s1_17,U2OS-02,1,G17,s1,RASD1,treated,U2OS,,train
4502,U2OS-02_1_G17_s1_18,U2OS-02,1,G17,s1,RASD1,treated,U2OS,,train
4503,U2OS-02_1_G17_s1_22,U2OS-02,1,G17,s1,RASD1,treated,U2OS,,train
4504,U2OS-02_1_G17_s1_24,U2OS-02,1,G17,s1,RASD1,treated,U2OS,,train
4505,U2OS-02_1_G17_s1_25,U2OS-02,1,G17,s1,RASD1,treated,U2OS,,train
4506,U2OS-02_1_G17_s1_28,U2OS-02,1,G17,s1,RASD1,treated,U2OS,,train
4507,U2OS-02_1_G17_s1_29,U2OS-02,1,G17,s1,RASD1,treated,U2OS,,train
4508,U2OS-02_1_G17_s1_30,U2OS-02,1,G17,s1,RASD1,treated,U2OS,,train
4509,U2OS-02_1_G17_s1_31,U2OS-02,1,G17,s1,RASD1,treated,U2OS,,train
4510,U2OS-02_1_G17_s1_32,U2OS-02,1,G17,s1,RASD1,treated,U2OS,,train
4511,U2OS-02_1_G17_s1_33,U2OS-02,1,G17,s1,RASD1,treated,U2OS,,train
4512,U2OS-02_1_G17_s1_34,U2OS-02,1,G17,s1,RASD1,treated,U2OS,,train
4513,U2OS-02_1_G17_s1_35,U2OS-02,1,G17,s1,RASD1,treated,U2OS,,train
4514,U2OS-02_1_G17_s1_39,U2OS-02,1,G17,s1,RASD1,treated,U2OS,,train
4515,U2OS-02_1_G17_s1_40,U2OS-02,1,G17,s1,RASD1,treated,U2OS,,train
4516,U2OS-02_1_G17_s1_42,U2OS-02,1,G17,s1,RASD1,treated,U2OS,,train
4517,U2OS-02_1_G17_s1_44,U2OS-02,1,G17,s1,RASD1,treated,U2OS,,train
4518,U2OS-02_1_G17_s1_46,U2OS-02,1,G17,s1,RASD1,treated,U2OS,,train
4519,U2OS-02_1_G17_s1_47,U2OS-02,1,G17,s1,RASD1,treated,U2OS,,train
4520,U2OS-02_1_G17_s1_48,U2OS-02,1,G17,s1,RASD1,treated,U2OS,,train
4521,U2OS-02_1_G17_s1_50,U2OS-02,1,G17,s1,RASD1,treated,U2OS,,train
4522,U2OS-02_1_G17_s1_51,U2OS-02,1,G17,s1,RASD1,treated,U2OS,,train
4523,U2OS-02_1_G17_s1_52,U2OS-02,1,G17,s1,RASD1,treated,U2OS,,train
4524,U2OS-02_1_G17_s1_53,U2OS-02,1,G17,s1,RASD1,treated,U2OS,,train
4525,U2OS-02_1_G17_s1_56,U2OS-02,1,G17,s1,RASD1,treated,U2OS,,train
4526,U2OS-02_1_G17_s1_57,U2OS-02,1,G17,s1,RASD1,treated,U2OS,,train
4527,U2OS-02_1_G17_s1_58,U2OS-02,1,G17,s1,RASD1,treated,U2OS,,train
4528,U2OS-02_1_G17_s1_59,U2OS-02,1,G17,s1,RASD1,treated,U2OS,,train
4529,U2OS-02_1_G17_s1_61,U2OS-02,1,G17,s1,RASD1,treated,U2OS,,train
4530,U2OS-02_1_G17_s1_64,U2OS-02,1,G17,s1,RASD1,treated,U2OS,,train
4531,U2OS-02_1_G17_s1_65,U2OS-02,1,G17,s1,RASD1,treated,U2OS,,train
4532,U2OS-02_1_G17_s1_68,U2OS-02,1,G17,s1,RASD1,treated,U2OS,,train
4533,U2OS-02_1_G17_s1_69,U2OS-02,1,G17,s1,RASD1,treated,U2OS,,train
4534,U2OS-02_1_G17_s1_71,U2OS-02,1,G17,s1,RASD1,treated,U2OS,,train
4535,U2OS-02_1_G17_s1_73,U2OS-02,1,G17,s1,RASD1,treated,U2OS,,train
4536,U2OS-02_1_G17_s1_74,U2OS-02,1,G17,s1,RASD1,treated,U2OS,,train
4537,U2OS-02_1_G17_s1_76,U2OS-02,1,G17,s1,RASD1,treated,U2OS,,train
4538,U2OS-02_1_G17_s1_78,U2OS-02,1,G17,s1,RASD1,treated,U2OS,,train
4539,U2OS-02_1_G17_s1_80,U2OS-02,1,G17,s1,RASD1,treated,U2OS,,train
4540,U2OS-02_1_H13_s1_18,U2OS-02,1,H13,s1,DDX41,treated,U2OS,,train
4541,U2OS-02_1_H13_s1_21,U2OS-02,1,H13,s1,DDX41,treated,U2OS,,train
4542,U2OS-02_1_H13_s1_23,U2OS-02,1,H13,s1,DDX41,treated,U2OS,,train
4543,U2OS-02_1_H13_s1_25,U2OS-02,1,H13,s1,DDX41,treated,U2OS,,train
4544,U2OS-02_1_H13_s1_28,U2OS-02,1,H13,s1,DDX41,treated,U2OS,,train
4545,U2OS-02_1_H13_s1_30,U2OS-02,1,H13,s1,DDX41,treated,U2OS,,train
4546,U2OS-02_1_H13_s1_31,U2OS-02,1,H13,s1,DDX41,treated,U2OS,,train
4547,U2OS-02_1_H13_s1_32,U2OS-02,1,H13,s1,DDX41,treated,U2OS,,train
4548,U2OS-02_1_H13_s1_33,U2OS-02,1,H13,s1,DDX41,treated,U2OS,,train
4549,U2OS-02_1_H13_s1_34,U2OS-02,1,H13,s1,DDX41,treated,U2OS,,train
4550,U2OS-02_1_H13_s1_35,U2OS-02,1,H13,s1,DDX41,treated,U2OS,,train
4551,U2OS-02_1_H13_s1_36,U2OS-02,1,H13,s1,DDX41,treated,U2OS,,train
4552,U2OS-02_1_H13_s1_37,U2OS-02,1,H13,s1,DDX41,treated,U2OS,,train
4553,U2OS-02_1_H13_s1_40,U2OS-02,1,H13,s1,DDX41,treated,U2OS,,train
4554,U2OS-02_1_H13_s1_46,U2OS-02,1,H13,s1,DDX41,treated,U2OS,,train
4555,U2OS-02_1_H13_s1_48,U2OS-02,1,H13,s1,DDX41,treated,U2OS,,train
4556,U2OS-02_1_H13_s1_49,U2OS-02,1,H13,s1,DDX41,treated,U2OS,,train
4557,U2OS-02_1_H13_s1_50,U2OS-02,1,H13,s1,DDX41,treated,U2OS,,train
4558,U2OS-02_1_H13_s1_51,U2OS-02,1,H13,s1,DDX41,treated,U2OS,,train
4559,U2OS-02_1_H13_s1_52,U2OS-02,1,H13,s1,DDX41,treated,U2OS,,train
4560,U2OS-02_1_H13_s1_53,U2OS-02,1,H13,s1,DDX41,treated,U2OS,,train
4561,U2OS-02_1_H13_s1_55,U2OS-02,1,H13,s1,DDX41,treated,U2OS,,train
4562,U2OS-02_1_H13_s1_58,U2OS-02,1,H13,s1,DDX41,treated,U2OS,,train
4563,U2OS-02_1_H13_s1_59,U2OS-02,1,H13,s1,DDX41,treated,U2OS,,train
4564,U2OS-02_1_H13_s1_60,U2OS-02,1,H13,s1,DDX41,treated,U2OS,,train
4565,U2OS-02_1_H13_s1_61,U2OS-02,1,H13,s1,DDX41,treated,U2OS,,train
4566,U2OS-02_1_H13_s1_63,U2OS-02,1,H13,s1,DDX41,treated,U2OS,,train
4567,U2OS-02_1_H13_s1_64,U2OS-02,1,H13,s1,DDX41,treated,U2OS,,train
4568,U2OS-02_1_H13_s1_67,U2OS-02,1,H13,s1,DDX41,treated,U2OS,,train
4569,U2OS-02_1_H13_s1_68,U2OS-02,1,H13,s1,DDX41,treated,U2OS,,train
4570,U2OS-02_1_H13_s1_70,U2OS-02,1,H13,s1,DDX41,treated,U2OS,,train
4571,U2OS-02_1_H13_s1_71,U2OS-02,1,H13,s1,DDX41,treated,U2OS,,train
4572,U2OS-02_1_H13_s1_73,U2OS-02,1,H13,s1,DDX41,treated,U2OS,,train
4573,U2OS-02_1_H13_s1_74,U2OS-02,1,H13,s1,DDX41,treated,U2OS,,train
4574,U2OS-02_1_H13_s1_75,U2OS-02,1,H13,s1,DDX41,treated,U2OS,,train
4575,U2OS-02_1_H13_s1_77,U2OS-02,1,H13,s1,DDX41,treated,U2OS,,train
4576,U2OS-02_1_H13_s1_78,U2OS-02,1,H13,s1,DDX41,treated,U2OS,,train
4577,U2OS-02_1_H13_s1_82,U2OS-02,1,H13,s1,DDX41,treated,U2OS,,train
4578,U2OS-02_1_H13_s1_84,U2OS-02,1,H13,s1,DDX41,treated,U2OS,,train
4579,U2OS-02_1_H13_s1_85,U2OS-02,1,H13,s1,DDX41,treated,U2OS,,train
4580,U2OS-02_1_H20_s1_17,U2OS-02,1,H20,s1,CSAD,treated,U2OS,,train
4581,U2OS-02_1_H20_s1_19,U2OS-02,1,H20,s1,CSAD,treated,U2OS,,train
4582,U2OS-02_1_H20_s1_20,U2OS-02,1,H20,s1,CSAD,treated,U2OS,,train
4583,U2OS-02_1_H20_s1_24,U2OS-02,1,H20,s1,CSAD,treated,U2OS,,train
4584,U2OS-02_1_H20_s1_26,U2OS-02,1,H20,s1,CSAD,treated,U2OS,,train
4585,U2OS-02_1_H20_s1_27,U2OS-02,1,H20,s1,CSAD,treated,U2OS,,train
4586,U2OS-02_1_H20_s1_29,U2OS-02,1,H20,s1,CSAD,treated,U2OS,,train
4587,U2OS-02_1_H20_s1_31,U2OS-02,1,H20,s1,CSAD,treated,U2OS,,train
4588,U2OS-02_1_H20_s1_33,U2OS-02,1,H20,s1,CSAD,treated,U2OS,,train
4589,U2OS-02_1_H20_s1_34,U2OS-02,1,H20,s1,CSAD,treated,U2OS,,train
4590,U2OS-02_1_H20_s1_35,U2OS-02,1,H20,s1,CSAD,treated,U2OS,,train
4591,U2OS-02_1_H20_s1_37,U2OS-02,1,H20,s1,CSAD,treated,U2OS,,train
4592,U2OS-02_1_H20_s1_38,U2OS-02,1,H20,s1,CSAD,treated,U2OS,,train
4593,U2OS-02_1_H20_s1_39,U2OS-02,1,H20,s1,CSAD,treated,U2OS,,train
4594,U2OS-02_1_H20_s1_45,U2OS-02,1,H20,s1,CSAD,treated,U2OS,,train
4595,U2OS-02_1_H20_s1_46,U2OS-02,1,H20,s1,CSAD,treated,U2OS,,train
4596,U2OS-02_1_H20_s1_47,U2OS-02,1,H20,s1,CSAD,treated,U2OS,,train
4597,U2OS-02_1_H20_s1_48,U2OS-02,1,H20,s1,CSAD,treated,U2OS,,train
4598,U2OS-02_1_H20_s1_49,U2OS-02,1,H20,s1,CSAD,treated,U2OS,,train
4599,U2OS-02_1_H20_s1_50,U2OS-02,1,H20,s1,CSAD,treated,U2OS,,train
4600,U2OS-02_1_H20_s1_51,U2OS-02,1,H20,s1,CSAD,treated,U2OS,,train
4601,U2OS-02_1_H20_s1_54,U2OS-02,1,H20,s1,CSAD,treated,U2OS,,train
4602,U2OS-02_1_H20_s1_55,U2OS-02,1,H20,s1,CSAD,treated,U2OS,,train
4603,U2OS-02_1_H20_s1_56,U2OS-02,1,H20,s1,CSAD,treated,U2OS,,train
4604,U2OS-02_1_H20_s1_59,U2OS-02,1,H20,s1,CSAD,treated,U2OS,,train
4605,U2OS-02_1_H20_s1_60,U2OS-02,1,H20,s1,CSAD,treated,U2OS,,train
4606,U2OS-02_1_H20_s1_61,U2OS-02,1,H20,s1,CSAD,treated,U2OS,,train
4607,U2OS-02_1_H20_s1_62,U2OS-02,1,H20,s1,CSAD,treated,U2OS,,train
4608,U2OS-02_1_H20_s1_64,U2OS-02,1,H20,s1,CSAD,treated,U2OS,,train
4609,U2OS-02_1_H20_s1_65,U2OS-02,1,H20,s1,CSAD,treated,U2OS,,train
4610,U2OS-02_1_H20_s1_68,U2OS-02,1,H20,s1,CSAD,treated,U2OS,,train
4611,U2OS-02_1_H20_s1_69,U2OS-02,1,H20,s1,CSAD,treated,U2OS,,train
4612,U2OS-02_1_H20_s1_72,U2OS-02,1,H20,s1,CSAD,treated,U2OS,,train
4613,U2OS-02_1_H20_s1_73,U2OS-02,1,H20,s1,CSAD,treated,U2OS,,train
4614,U2OS-02_1_H20_s1_74,U2OS-02,1,H20,s1,CSAD,treated,U2OS,,train
4615,U2OS-02_1_H20_s1_76,U2OS-02,1,H20,s1,CSAD,treated,U2OS,,train
4616,U2OS-02_1_H20_s1_77,U2OS-02,1,H20,s1,CSAD,treated,U2OS,,train
4617,U2OS-02_1_H20_s1_80,U2OS-02,1,H20,s1,CSAD,treated,U2OS,,train
4618,U2OS-02_1_H20_s1_82,U2OS-02,1,H20,s1,CSAD,treated,U2OS,,train
4619,U2OS-02_1_H20_s1_83,U2OS-02,1,H20,s1,CSAD,treated,U2OS,,train
4620,U2OS-02_1_I05_s1_10,U2OS-02,1,I05,s1,PELO,treated,U2OS,,train
4621,U2OS-02_1_I05_s1_20,U2OS-02,1,I05,s1,PELO,treated,U2OS,,train
4622,U2OS-02_1_I05_s1_21,U2OS-02,1,I05,s1,PELO,treated,U2OS,,train
4623,U2OS-02_1_I05_s1_24,U2OS-02,1,I05,s1,PELO,treated,U2OS,,train
4624,U2OS-02_1_I05_s1_28,U2OS-02,1,I05,s1,PELO,treated,U2OS,,train
4625,U2OS-02_1_I05_s1_29,U2OS-02,1,I05,s1,PELO,treated,U2OS,,train
4626,U2OS-02_1_I05_s1_30,U2OS-02,1,I05,s1,PELO,treated,U2OS,,train
4627,U2OS-02_1_I05_s1_31,U2OS-02,1,I05,s1,PELO,treated,U2OS,,train
4628,U2OS-02_1_I05_s1_32,U2OS-02,1,I05,s1,PELO,treated,U2OS,,train
4629,U2OS-02_1_I05_s1_33,U2OS-02,1,I05,s1,PELO,treated,U2OS,,train
4630,U2OS-02_1_I05_s1_34,U2OS-02,1,I05,s1,PELO,treated,U2OS,,train
4631,U2OS-02_1_I05_s1_35,U2OS-02,1,I05,s1,PELO,treated,U2OS,,train
4632,U2OS-02_1_I05_s1_36,U2OS-02,1,I05,s1,PELO,treated,U2OS,,train
4633,U2OS-02_1_I05_s1_39,U2OS-02,1,I05,s1,PELO,treated,U2OS,,train
4634,U2OS-02_1_I05_s1_43,U2OS-02,1,I05,s1,PELO,treated,U2OS,,train
4635,U2OS-02_1_I05_s1_45,U2OS-02,1,I05,s1,PELO,treated,U2OS,,train
4636,U2OS-02_1_I05_s1_46,U2OS-02,1,I05,s1,PELO,treated,U2OS,,train
4637,U2OS-02_1_I05_s1_48,U2OS-02,1,I05,s1,PELO,treated,U2OS,,train
4638,U2OS-02_1_I05_s1_49,U2OS-02,1,I05,s1,PELO,treated,U2OS,,train
4639,U2OS-02_1_I05_s1_50,U2OS-02,1,I05,s1,PELO,treated,U2OS,,train
4640,U2OS-02_1_I05_s1_51,U2OS-02,1,I05,s1,PELO,treated,U2OS,,train
4641,U2OS-02_1_I05_s1_53,U2OS-02,1,I05,s1,PELO,treated,U2OS,,train
4642,U2OS-02_1_I05_s1_55,U2OS-02,1,I05,s1,PELO,treated,U2OS,,train
4643,U2OS-02_1_I05_s1_56,U2OS-02,1,I05,s1,PELO,treated,U2OS,,train
4644,U2OS-02_1_I05_s1_58,U2OS-02,1,I05,s1,PELO,treated,U2OS,,train
4645,U2OS-02_1_I05_s1_59,U2OS-02,1,I05,s1,PELO,treated,U2OS,,train
4646,U2OS-02_1_I05_s1_60,U2OS-02,1,I05,s1,PELO,treated,U2OS,,train
4647,U2OS-02_1_I05_s1_61,U2OS-02,1,I05,s1,PELO,treated,U2OS,,train
4648,U2OS-02_1_I05_s1_62,U2OS-02,1,I05,s1,PELO,treated,U2OS,,train
4649,U2OS-02_1_I05_s1_63,U2OS-02,1,I05,s1,PELO,treated,U2OS,,train
4650,U2OS-02_1_I05_s1_66,U2OS-02,1,I05,s1,PELO,treated,U2OS,,train
4651,U2OS-02_1_I05_s1_67,U2OS-02,1,I05,s1,PELO,treated,U2OS,,train
4652,U2OS-02_1_I05_s1_69,U2OS-02,1,I05,s1,PELO,treated,U2OS,,train
4653,U2OS-02_1_I05_s1_70,U2OS-02,1,I05,s1,PELO,treated,U2OS,,train
4654,U2OS-02_1_I05_s1_71,U2OS-02,1,I05,s1,PELO,treated,U2OS,,train
4655,U2OS-02_1_I05_s1_73,U2OS-02,1,I05,s1,PELO,treated,U2OS,,train
4656,U2OS-02_1_I05_s1_75,U2OS-02,1,I05,s1,PELO,treated,U2OS,,train
4657,U2OS-02_1_I05_s1_78,U2OS-02,1,I05,s1,PELO,treated,U2OS,,train
4658,U2OS-02_1_I05_s1_79,U2OS-02,1,I05,s1,PELO,treated,U2OS,,train
4659,U2OS-02_1_I05_s1_80,U2OS-02,1,I05,s1,PELO,treated,U2OS,,train
4660,U2OS-02_1_I12_s1_10,U2OS-02,1,I12,s1,FAM63B,treated,U2OS,,train
4661,U2OS-02_1_I12_s1_11,U2OS-02,1,I12,s1,FAM63B,treated,U2OS,,train
4662,U2OS-02_1_I12_s1_12,U2OS-02,1,I12,s1,FAM63B,treated,U2OS,,train
4663,U2OS-02_1_I12_s1_14,U2OS-02,1,I12,s1,FAM63B,treated,U2OS,,train
4664,U2OS-02_1_I12_s1_17,U2OS-02,1,I12,s1,FAM63B,treated,U2OS,,train
4665,U2OS-02_1_I12_s1_18,U2OS-02,1,I12,s1,FAM63B,treated,U2OS,,train
4666,U2OS-02_1_I12_s1_19,U2OS-02,1,I12,s1,FAM63B,treated,U2OS,,train
4667,U2OS-02_1_I12_s1_21,U2OS-02,1,I12,s1,FAM63B,treated,U2OS,,train
4668,U2OS-02_1_I12_s1_22,U2OS-02,1,I12,s1,FAM63B,treated,U2OS,,train
4669,U2OS-02_1_I12_s1_23,U2OS-02,1,I12,s1,FAM63B,treated,U2OS,,train
4670,U2OS-02_1_I12_s1_24,U2OS-02,1,I12,s1,FAM63B,treated,U2OS,,train
4671,U2OS-02_1_I12_s1_25,U2OS-02,1,I12,s1,FAM63B,treated,U2OS,,train
4672,U2OS-02_1_I12_s1_26,U2OS-02,1,I12,s1,FAM63B,treated,U2OS,,train
4673,U2OS-02_1_I12_s1_27,U2OS-02,1,I12,s1,FAM63B,treated,U2OS,,train
4674,U2OS-02_1_I12_s1_33,U2OS-02,1,I12,s1,FAM63B,treated,U2OS,,train
4675,U2OS-02_1_I12_s1_35,U2OS-02,1,I12,s1,FAM63B,treated,U2OS,,train
4676,U2OS-02_1_I12_s1_36,U2OS-02,1,I12,s1,FAM63B,treated,U2OS,,train
4677,U2OS-02_1_I12_s1_37,U2OS-02,1,I12,s1,FAM63B,treated,U2OS,,train
4678,U2OS-02_1_I12_s1_38,U2OS-02,1,I12,s1,FAM63B,treated,U2OS,,train
4679,U2OS-02_1_I12_s1_39,U2OS-02,1,I12,s1,FAM63B,treated,U2OS,,train
4680,U2OS-02_1_I12_s1_40,U2OS-02,1,I12,s1,FAM63B,treated,U2OS,,train
4681,U2OS-02_1_I12_s1_42,U2OS-02,1,I12,s1,FAM63B,treated,U2OS,,train
4682,U2OS-02_1_I12_s1_45,U2OS-02,1,I12,s1,FAM63B,treated,U2OS,,train
4683,U2OS-02_1_I12_s1_46,U2OS-02,1,I12,s1,FAM63B,treated,U2OS,,train
4684,U2OS-02_1_I12_s1_48,U2OS-02,1,I12,s1,FAM63B,treated,U2OS,,train
4685,U2OS-02_1_I12_s1_51,U2OS-02,1,I12,s1,FAM63B,treated,U2OS,,train
4686,U2OS-02_1_I12_s1_52,U2OS-02,1,I12,s1,FAM63B,treated,U2OS,,train
4687,U2OS-02_1_I12_s1_53,U2OS-02,1,I12,s1,FAM63B,treated,U2OS,,train
4688,U2OS-02_1_I12_s1_54,U2OS-02,1,I12,s1,FAM63B,treated,U2OS,,train
4689,U2OS-02_1_I12_s1_55,U2OS-02,1,I12,s1,FAM63B,treated,U2OS,,train
4690,U2OS-02_1_I12_s1_58,U2OS-02,1,I12,s1,FAM63B,treated,U2OS,,train
4691,U2OS-02_1_I12_s1_59,U2OS-02,1,I12,s1,FAM63B,treated,U2OS,,train
4692,U2OS-02_1_I12_s1_64,U2OS-02,1,I12,s1,FAM63B,treated,U2OS,,train
4693,U2OS-02_1_I12_s1_66,U2OS-02,1,I12,s1,FAM63B,treated,U2OS,,train
4694,U2OS-02_1_I12_s2_10,U2OS-02,1,I12,s2,FAM63B,treated,U2OS,,train
4695,U2OS-02_1_I12_s2_15,U2OS-02,1,I12,s2,FAM63B,treated,U2OS,,train
4696,U2OS-02_1_I12_s2_16,U2OS-02,1,I12,s2,FAM63B,treated,U2OS,,train
4697,U2OS-02_1_I12_s2_18,U2OS-02,1,I12,s2,FAM63B,treated,U2OS,,train
4698,U2OS-02_1_I12_s2_20,U2OS-02,1,I12,s2,FAM63B,treated,U2OS,,train
4699,U2OS-02_1_I12_s2_21,U2OS-02,1,I12,s2,FAM63B,treated,U2OS,,train
4700,U2OS-02_1_I17_s1_8,U2OS-02,1,I17,s1,SLC25A39,treated,U2OS,,train
4701,U2OS-02_1_I17_s1_9,U2OS-02,1,I17,s1,SLC25A39,treated,U2OS,,train
4702,U2OS-02_1_I17_s1_10,U2OS-02,1,I17,s1,SLC25A39,treated,U2OS,,train
4703,U2OS-02_1_I17_s1_12,U2OS-02,1,I17,s1,SLC25A39,treated,U2OS,,train
4704,U2OS-02_1_I17_s1_14,U2OS-02,1,I17,s1,SLC25A39,treated,U2OS,,train
4705,U2OS-02_1_I17_s1_15,U2OS-02,1,I17,s1,SLC25A39,treated,U2OS,,train
4706,U2OS-02_1_I17_s1_16,U2OS-02,1,I17,s1,SLC25A39,treated,U2OS,,train
4707,U2OS-02_1_I17_s1_17,U2OS-02,1,I17,s1,SLC25A39,treated,U2OS,,train
4708,U2OS-02_1_I17_s1_18,U2OS-02,1,I17,s1,SLC25A39,treated,U2OS,,train
4709,U2OS-02_1_I17_s1_19,U2OS-02,1,I17,s1,SLC25A39,treated,U2OS,,train
4710,U2OS-02_1_I17_s1_20,U2OS-02,1,I17,s1,SLC25A39,treated,U2OS,,train
4711,U2OS-02_1_I17_s1_22,U2OS-02,1,I17,s1,SLC25A39,treated,U2OS,,train
4712,U2OS-02_1_I17_s1_23,U2OS-02,1,I17,s1,SLC25A39,treated,U2OS,,train
4713,U2OS-02_1_I17_s1_24,U2OS-02,1,I17,s1,SLC25A39,treated,U2OS,,train
4714,U2OS-02_1_I17_s1_28,U2OS-02,1,I17,s1,SLC25A39,treated,U2OS,,train
4715,U2OS-02_1_I17_s1_29,U2OS-02,1,I17,s1,SLC25A39,treated,U2OS,,train
4716,U2OS-02_1_I17_s1_30,U2OS-02,1,I17,s1,SLC25A39,treated,U2OS,,train
4717,U2OS-02_1_I17_s1_32,U2OS-02,1,I17,s1,SLC25A39,treated,U2OS,,train
4718,U2OS-02_1_I17_s1_33,U2OS-02,1,I17,s1,SLC25A39,treated,U2OS,,train
4719,U2OS-02_1_I17_s1_34,U2OS-02,1,I17,s1,SLC25A39,treated,U2OS,,train
4720,U2OS-02_1_I17_s1_35,U2OS-02,1,I17,s1,SLC25A39,treated,U2OS,,train
4721,U2OS-02_1_I17_s1_37,U2OS-02,1,I17,s1,SLC25A39,treated,U2OS,,train
4722,U2OS-02_1_I17_s1_38,U2OS-02,1,I17,s1,SLC25A39,treated,U2OS,,train
4723,U2OS-02_1_I17_s1_39,U2OS-02,1,I17,s1,SLC25A39,treated,U2OS,,train
4724,U2OS-02_1_I17_s1_40,U2OS-02,1,I17,s1,SLC25A39,treated,U2OS,,train
4725,U2OS-02_1_I17_s1_41,U2OS-02,1,I17,s1,SLC25A39,treated,U2OS,,train
4726,U2OS-02_1_I17_s1_43,U2OS-02,1,I17,s1,SLC25A39,treated,U2OS,,train
4727,U2OS-02_1_I17_s1_44,U2OS-02,1,I17,s1,SLC25A39,treated,U2OS,,train
4728,U2OS-02_1_I17_s1_45,U2OS-02,1,I17,s1,SLC25A39,treated,U2OS,,train
4729,U2OS-02_1_I17_s1_46,U2OS-02,1,I17,s1,SLC25A39,treated,U2OS,,train
4730,U2OS-02_1_I17_s1_50,U2OS-02,1,I17,s1,SLC25A39,treated,U2OS,,train
4731,U2OS-02_1_I17_s1_51,U2OS-02,1,I17,s1,SLC25A39,treated,U2OS,,train
4732,U2OS-02_1_I17_s1_53,U2OS-02,1,I17,s1,SLC25A39,treated,U2OS,,train
4733,U2OS-02_1_I17_s1_55,U2OS-02,1,I17,s1,SLC25A39,treated,U2OS,,train
4734,U2OS-02_1_I17_s1_56,U2OS-02,1,I17,s1,SLC25A39,treated,U2OS,,train
4735,U2OS-02_1_I17_s1_60,U2OS-02,1,I17,s1,SLC25A39,treated,U2OS,,train
4736,U2OS-02_1_I17_s1_61,U2OS-02,1,I17,s1,SLC25A39,treated,U2OS,,train
4737,U2OS-02_1_I17_s2_1,U2OS-02,1,I17,s2,SLC25A39,treated,U2OS,,train
4738,U2OS-02_1_I17_s2_3,U2OS-02,1,I17,s2,SLC25A39,treated,U2OS,,train
4739,U2OS-02_1_I17_s2_4,U2OS-02,1,I17,s2,SLC25A39,treated,U2OS,,train
4740,U2OS-02_1_I21_s1_20,U2OS-02,1,I21,s1,TCEB3B,treated,U2OS,,train
4741,U2OS-02_1_I21_s1_21,U2OS-02,1,I21,s1,TCEB3B,treated,U2OS,,train
4742,U2OS-02_1_I21_s1_23,U2OS-02,1,I21,s1,TCEB3B,treated,U2OS,,train
4743,U2OS-02_1_I21_s1_25,U2OS-02,1,I21,s1,TCEB3B,treated,U2OS,,train
4744,U2OS-02_1_I21_s1_28,U2OS-02,1,I21,s1,TCEB3B,treated,U2OS,,train
4745,U2OS-02_1_I21_s1_29,U2OS-02,1,I21,s1,TCEB3B,treated,U2OS,,train
4746,U2OS-02_1_I21_s1_30,U2OS-02,1,I21,s1,TCEB3B,treated,U2OS,,train
4747,U2OS-02_1_I21_s1_31,U2OS-02,1,I21,s1,TCEB3B,treated,U2OS,,train
4748,U2OS-02_1_I21_s1_32,U2OS-02,1,I21,s1,TCEB3B,treated,U2OS,,train
4749,U2OS-02_1_I21_s1_34,U2OS-02,1,I21,s1,TCEB3B,treated,U2OS,,train
4750,U2OS-02_1_I21_s1_36,U2OS-02,1,I21,s1,TCEB3B,treated,U2OS,,train
4751,U2OS-02_1_I21_s1_37,U2OS-02,1,I21,s1,TCEB3B,treated,U2OS,,train
4752,U2OS-02_1_I21_s1_38,U2OS-02,1,I21,s1,TCEB3B,treated,U2OS,,train
4753,U2OS-02_1_I21_s1_39,U2OS-02,1,I21,s1,TCEB3B,treated,U2OS,,train
4754,U2OS-02_1_I21_s1_43,U2OS-02,1,I21,s1,TCEB3B,treated,U2OS,,train
4755,U2OS-02_1_I21_s1_44,U2OS-02,1,I21,s1,TCEB3B,treated,U2OS,,train
4756,U2OS-02_1_I21_s1_45,U2OS-02,1,I21,s1,TCEB3B,treated,U2OS,,train
4757,U2OS-02_1_I21_s1_46,U2OS-02,1,I21,s1,TCEB3B,treated,U2OS,,train
4758,U2OS-02_1_I21_s1_50,U2OS-02,1,I21,s1,TCEB3B,treated,U2OS,,train
4759,U2OS-02_1_I21_s1_51,U2OS-02,1,I21,s1,TCEB3B,treated,U2OS,,train
4760,U2OS-02_1_I21_s1_52,U2OS-02,1,I21,s1,TCEB3B,treated,U2OS,,train
4761,U2OS-02_1_I21_s1_54,U2OS-02,1,I21,s1,TCEB3B,treated,U2OS,,train
4762,U2OS-02_1_I21_s1_55,U2OS-02,1,I21,s1,TCEB3B,treated,U2OS,,train
4763,U2OS-02_1_I21_s1_56,U2OS-02,1,I21,s1,TCEB3B,treated,U2OS,,train
4764,U2OS-02_1_I21_s1_57,U2OS-02,1,I21,s1,TCEB3B,treated,U2OS,,train
4765,U2OS-02_1_I21_s1_59,U2OS-02,1,I21,s1,TCEB3B,treated,U2OS,,train
4766,U2OS-02_1_I21_s1_61,U2OS-02,1,I21,s1,TCEB3B,treated,U2OS,,train
4767,U2OS-02_1_I21_s1_62,U2OS-02,1,I21,s1,TCEB3B,treated,U2OS,,train
4768,U2OS-02_1_I21_s1_63,U2OS-02,1,I21,s1,TCEB3B,treated,U2OS,,train
4769,U2OS-02_1_I21_s1_65,U2OS-02,1,I21,s1,TCEB3B,treated,U2OS,,train
4770,U2OS-02_1_I21_s1_67,U2OS-02,1,I21,s1,TCEB3B,treated,U2OS,,train
4771,U2OS-02_1_I21_s1_68,U2OS-02,1,I21,s1,TCEB3B,treated,U2OS,,train
4772,U2OS-02_1_I21_s1_71,U2OS-02,1,I21,s1,TCEB3B,treated,U2OS,,train
4773,U2OS-02_1_I21_s1_73,U2OS-02,1,I21,s1,TCEB3B,treated,U2OS,,train
4774,U2OS-02_1_I21_s1_75,U2OS-02,1,I21,s1,TCEB3B,treated,U2OS,,train
4775,U2OS-02_1_I21_s1_77,U2OS-02,1,I21,s1,TCEB3B,treated,U2OS,,train
4776,U2OS-02_1_I21_s1_79,U2OS-02,1,I21,s1,TCEB3B,treated,U2OS,,train
4777,U2OS-02_1_I21_s1_82,U2OS-02,1,I21,s1,TCEB3B,treated,U2OS,,train
4778,U2OS-02_1_I21_s1_83,U2OS-02,1,I21,s1,TCEB3B,treated,U2OS,,train
4779,U2OS-02_1_I21_s1_84,U2OS-02,1,I21,s1,TCEB3B,treated,U2OS,,train
4780,U2OS-02_1_K16_s1_12,U2OS-02,1,K16,s1,UBE2J1,treated,U2OS,,train
4781,U2OS-02_1_K16_s1_19,U2OS-02,1,K16,s1,UBE2J1,treated,U2OS,,train
4782,U2OS-02_1_K16_s1_21,U2OS-02,1,K16,s1,UBE2J1,treated,U2OS,,train
4783,U2OS-02_1_K16_s1_24,U2OS-02,1,K16,s1,UBE2J1,treated,U2OS,,train
4784,U2OS-02_1_K16_s1_26,U2OS-02,1,K16,s1,UBE2J1,treated,U2OS,,train
4785,U2OS-02_1_K16_s1_27,U2OS-02,1,K16,s1,UBE2J1,treated,U2OS,,train
4786,U2OS-02_1_K16_s1_30,U2OS-02,1,K16,s1,UBE2J1,treated,U2OS,,train
4787,U2OS-02_1_K16_s1_31,U2OS-02,1,K16,s1,UBE2J1,treated,U2OS,,train
4788,U2OS-02_1_K16_s1_33,U2OS-02,1,K16,s1,UBE2J1,treated,U2OS,,train
4789,U2OS-02_1_K16_s1_35,U2OS-02,1,K16,s1,UBE2J1,treated,U2OS,,train
4790,U2OS-02_1_K16_s1_36,U2OS-02,1,K16,s1,UBE2J1,treated,U2OS,,train
4791,U2OS-02_1_K16_s1_37,U2OS-02,1,K16,s1,UBE2J1,treated,U2OS,,train
4792,U2OS-02_1_K16_s1_38,U2OS-02,1,K16,s1,UBE2J1,treated,U2OS,,train
4793,U2OS-02_1_K16_s1_39,U2OS-02,1,K16,s1,UBE2J1,treated,U2OS,,train
4794,U2OS-02_1_K16_s1_44,U2OS-02,1,K16,s1,UBE2J1,treated,U2OS,,train
4795,U2OS-02_1_K16_s1_45,U2OS-02,1,K16,s1,UBE2J1,treated,U2OS,,train
4796,U2OS-02_1_K16_s1_46,U2OS-02,1,K16,s1,UBE2J1,treated,U2OS,,train
4797,U2OS-02_1_K16_s1_47,U2OS-02,1,K16,s1,UBE2J1,treated,U2OS,,train
4798,U2OS-02_1_K16_s1_48,U2OS-02,1,K16,s1,UBE2J1,treated,U2OS,,train
4799,U2OS-02_1_K16_s1_49,U2OS-02,1,K16,s1,UBE2J1,treated,U2OS,,train
4800,U2OS-02_1_K16_s1_50,U2OS-02,1,K16,s1,UBE2J1,treated,U2OS,,train
4801,U2OS-02_1_K16_s1_53,U2OS-02,1,K16,s1,UBE2J1,treated,U2OS,,train
4802,U2OS-02_1_K16_s1_54,U2OS-02,1,K16,s1,UBE2J1,treated,U2OS,,train
4803,U2OS-02_1_K16_s1_55,U2OS-02,1,K16,s1,UBE2J1,treated,U2OS,,train
4804,U2OS-02_1_K16_s1_56,U2OS-02,1,K16,s1,UBE2J1,treated,U2OS,,train
4805,U2OS-02_1_K16_s1_57,U2OS-02,1,K16,s1,UBE2J1,treated,U2OS,,train
4806,U2OS-02_1_K16_s1_58,U2OS-02,1,K16,s1,UBE2J1,treated,U2OS,,train
4807,U2OS-02_1_K16_s1_60,U2OS-02,1,K16,s1,UBE2J1,treated,U2OS,,train
4808,U2OS-02_1_K16_s1_61,U2OS-02,1,K16,s1,UBE2J1,treated,U2OS,,train
4809,U2OS-02_1_K16_s1_62,U2OS-02,1,K16,s1,UBE2J1,treated,U2OS,,train
4810,U2OS-02_1_K16_s1_65,U2OS-02,1,K16,s1,UBE2J1,treated,U2OS,,train
4811,U2OS-02_1_K16_s1_66,U2OS-02,1,K16,s1,UBE2J1,treated,U2OS,,train
4812,U2OS-02_1_K16_s1_68,U2OS-02,1,K16,s1,UBE2J1,treated,U2OS,,train
4813,U2OS-02_1_K16_s1_71,U2OS-02,1,K16,s1,UBE2J1,treated,U2OS,,train
4814,U2OS-02_1_K16_s1_72,U2OS-02,1,K16,s1,UBE2J1,treated,U2OS,,train
4815,U2OS-02_1_K16_s1_74,U2OS-02,1,K16,s1,UBE2J1,treated,U2OS,,train
4816,U2OS-02_1_K16_s1_75,U2OS-02,1,K16,s1,UBE2J1,treated,U2OS,,train
4817,U2OS-02_1_K16_s1_77,U2OS-02,1,K16,s1,UBE2J1,treated,U2OS,,train
4818,U2OS-02_1_K16_s1_78,U2OS-02,1,K16,s1,UBE2J1,treated,U2OS,,train
4819,U2OS-02_1_K16_s1_79,U2OS-02,1,K16,s1,UBE2J1,treated,U2OS,,train
4820,U2OS-02_1_K17_s1_20,U2OS-02,1,K17,s1,FXYD5,treated,U2OS,,train
4821,U2OS-02_1_K17_s1_21,U2OS-02,1,K17,s1,FXYD5,treated,U2OS,,train
4822,U2OS-02_1_K17_s1_22,U2OS-02,1,K17,s1,FXYD5,treated,U2OS,,train
4823,U2OS-02_1_K17_s1_25,U2OS-02,1,K17,s1,FXYD5,treated,U2OS,,train
4824,U2OS-02_1_K17_s1_29,U2OS-02,1,K17,s1,FXYD5,treated,U2OS,,train
4825,U2OS-02_1_K17_s1_30,U2OS-02,1,K17,s1,FXYD5,treated,U2OS,,train
4826,U2OS-02_1_K17_s1_31,U2OS-02,1,K17,s1,FXYD5,treated,U2OS,,train
4827,U2OS-02_1_K17_s1_34,U2OS-02,1,K17,s1,FXYD5,treated,U2OS,,train
4828,U2OS-02_1_K17_s1_35,U2OS-02,1,K17,s1,FXYD5,treated,U2OS,,train
4829,U2OS-02_1_K17_s1_36,U2OS-02,1,K17,s1,FXYD5,treated,U2OS,,train
4830,U2OS-02_1_K17_s1_37,U2OS-02,1,K17,s1,FXYD5,treated,U2OS,,train
4831,U2OS-02_1_K17_s1_38,U2OS-02,1,K17,s1,FXYD5,treated,U2OS,,train
4832,U2OS-02_1_K17_s1_39,U2OS-02,1,K17,s1,FXYD5,treated,U2OS,,train
4833,U2OS-02_1_K17_s1_40,U2OS-02,1,K17,s1,FXYD5,treated,U2OS,,train
4834,U2OS-02_1_K17_s1_47,U2OS-02,1,K17,s1,FXYD5,treated,U2OS,,train
4835,U2OS-02_1_K17_s1_48,U2OS-02,1,K17,s1,FXYD5,treated,U2OS,,train
4836,U2OS-02_1_K17_s1_49,U2OS-02,1,K17,s1,FXYD5,treated,U2OS,,train
4837,U2OS-02_1_K17_s1_50,U2OS-02,1,K17,s1,FXYD5,treated,U2OS,,train
4838,U2OS-02_1_K17_s1_51,U2OS-02,1,K17,s1,FXYD5,treated,U2OS,,train
4839,U2OS-02_1_K17_s1_52,U2OS-02,1,K17,s1,FXYD5,treated,U2OS,,train
4840,U2OS-02_1_K17_s1_54,U2OS-02,1,K17,s1,FXYD5,treated,U2OS,,train
4841,U2OS-02_1_K17_s1_56,U2OS-02,1,K17,s1,FXYD5,treated,U2OS,,train
4842,U2OS-02_1_K17_s1_57,U2OS-02,1,K17,s1,FXYD5,treated,U2OS,,train
4843,U2OS-02_1_K17_s1_58,U2OS-02,1,K17,s1,FXYD5,treated,U2OS,,train
4844,U2OS-02_1_K17_s1_59,U2OS-02,1,K17,s1,FXYD5,treated,U2OS,,train
4845,U2OS-02_1_K17_s1_60,U2OS-02,1,K17,s1,FXYD5,treated,U2OS,,train
4846,U2OS-02_1_K17_s1_61,U2OS-02,1,K17,s1,FXYD5,treated,U2OS,,train
4847,U2OS-02_1_K17_s1_62,U2OS-02,1,K17,s1,FXYD5,treated,U2OS,,train
4848,U2OS-02_1_K17_s1_63,U2OS-02,1,K17,s1,FXYD5,treated,U2OS,,train
4849,U2OS-02_1_K17_s1_64,U2OS-02,1,K17,s1,FXYD5,treated,U2OS,,train
4850,U2OS-02_1_K17_s1_66,U2OS-02,1,K17,s1,FXYD5,treated,U2OS,,train
4851,U2OS-02_1_K17_s1_67,U2OS-02,1,K17,s1,FXYD5,treated,U2OS,,train
4852,U2OS-02_1_K17_s1_69,U2OS-02,1,K17,s1,FXYD5,treated,U2OS,,train
4853,U2OS-02_1_K17_s1_70,U2OS-02,1,K17,s1,FXYD5,treated,U2OS,,train
4854,U2OS-02_1_K17_s1_72,U2OS-02,1,K17,s1,FXYD5,treated,U2OS,,train
4855,U2OS-02_1_K17_s1_76,U2OS-02,1,K17,s1,FXYD5,treated,U2OS,,train
4856,U2OS-02_1_K17_s1_77,U2OS-02,1,K17,s1,FXYD5,treated,U2OS,,train
4857,U2OS-02_1_K17_s1_81,U2OS-02,1,K17,s1,FXYD5,treated,U2OS,,train
4858,U2OS-02_1_K17_s1_82,U2OS-02,1,K17,s1,FXYD5,treated,U2OS,,train
4859,U2OS-02_1_K17_s1_83,U2OS-02,1,K17,s1,FXYD5,treated,U2OS,,train
4860,U2OS-02_1_K19_s1_15,U2OS-02,1,K19,s1,CNTN5,treated,U2OS,,train
4861,U2OS-02_1_K19_s1_18,U2OS-02,1,K19,s1,CNTN5,treated,U2OS,,train
4862,U2OS-02_1_K19_s1_19,U2OS-02,1,K19,s1,CNTN5,treated,U2OS,,train
4863,U2OS-02_1_K19_s1_24,U2OS-02,1,K19,s1,CNTN5,treated,U2OS,,train
4864,U2OS-02_1_K19_s1_26,U2OS-02,1,K19,s1,CNTN5,treated,U2OS,,train
4865,U2OS-02_1_K19_s1_27,U2OS-02,1,K19,s1,CNTN5,treated,U2OS,,train
4866,U2OS-02_1_K19_s1_28,U2OS-02,1,K19,s1,CNTN5,treated,U2OS,,train
4867,U2OS-02_1_K19_s1_29,U2OS-02,1,K19,s1,CNTN5,treated,U2OS,,train
4868,U2OS-02_1_K19_s1_30,U2OS-02,1,K19,s1,CNTN5,treated,U2OS,,train
4869,U2OS-02_1_K19_s1_31,U2OS-02,1,K19,s1,CNTN5,treated,U2OS,,train
4870,U2OS-02_1_K19_s1_32,U2OS-02,1,K19,s1,CNTN5,treated,U2OS,,train
4871,U2OS-02_1_K19_s1_34,U2OS-02,1,K19,s1,CNTN5,treated,U2OS,,train
4872,U2OS-02_1_K19_s1_35,U2OS-02,1,K19,s1,CNTN5,treated,U2OS,,train
4873,U2OS-02_1_K19_s1_36,U2OS-02,1,K19,s1,CNTN5,treated,U2OS,,train
4874,U2OS-02_1_K19_s1_41,U2OS-02,1,K19,s1,CNTN5,treated,U2OS,,train
4875,U2OS-02_1_K19_s1_43,U2OS-02,1,K19,s1,CNTN5,treated,U2OS,,train
4876,U2OS-02_1_K19_s1_44,U2OS-02,1,K19,s1,CNTN5,treated,U2OS,,train
4877,U2OS-02_1_K19_s1_45,U2OS-02,1,K19,s1,CNTN5,treated,U2OS,,train
4878,U2OS-02_1_K19_s1_46,U2OS-02,1,K19,s1,CNTN5,treated,U2OS,,train
4879,U2OS-02_1_K19_s1_47,U2OS-02,1,K19,s1,CNTN5,treated,U2OS,,train
4880,U2OS-02_1_K19_s1_48,U2OS-02,1,K19,s1,CNTN5,treated,U2OS,,train
4881,U2OS-02_1_K19_s1_50,U2OS-02,1,K19,s1,CNTN5,treated,U2OS,,train
4882,U2OS-02_1_K19_s1_52,U2OS-02,1,K19,s1,CNTN5,treated,U2OS,,train
4883,U2OS-02_1_K19_s1_53,U2OS-02,1,K19,s1,CNTN5,treated,U2OS,,train
4884,U2OS-02_1_K19_s1_54,U2OS-02,1,K19,s1,CNTN5,treated,U2OS,,train
4885,U2OS-02_1_K19_s1_56,U2OS-02,1,K19,s1,CNTN5,treated,U2OS,,train
4886,U2OS-02_1_K19_s1_58,U2OS-02,1,K19,s1,CNTN5,treated,U2OS,,train
4887,U2OS-02_1_K19_s1_60,U2OS-02,1,K19,s1,CNTN5,treated,U2OS,,train
4888,U2OS-02_1_K19_s1_61,U2OS-02,1,K19,s1,CNTN5,treated,U2OS,,train
4889,U2OS-02_1_K19_s1_62,U2OS-02,1,K19,s1,CNTN5,treated,U2OS,,train
4890,U2OS-02_1_K19_s1_64,U2OS-02,1,K19,s1,CNTN5,treated,U2OS,,train
4891,U2OS-02_1_K19_s1_66,U2OS-02,1,K19,s1,CNTN5,treated,U2OS,,train
4892,U2OS-02_1_K19_s1_68,U2OS-02,1,K19,s1,CNTN5,treated,U2OS,,train
4893,U2OS-02_1_K19_s1_70,U2OS-02,1,K19,s1,CNTN5,treated,U2OS,,train
4894,U2OS-02_1_K19_s1_71,U2OS-02,1,K19,s1,CNTN5,treated,U2OS,,train
4895,U2OS-02_1_K19_s1_74,U2OS-02,1,K19,s1,CNTN5,treated,U2OS,,train
4896,U2OS-02_1_K19_s1_75,U2OS-02,1,K19,s1,CNTN5,treated,U2OS,,train
4897,U2OS-02_1_K19_s1_77,U2OS-02,1,K19,s1,CNTN5,treated,U2OS,,train
4898,U2OS-02_1_K19_s1_78,U2OS-02,1,K19,s1,CNTN5,treated,U2OS,,train
4899,U2OS-02_1_K19_s1_79,U2OS-02,1,K19,s1,CNTN5,treated,U2OS,,train
4900,U2OS-02_1_L14_s1_17,U2OS-02,1,L14,s1,IL20RB,treated,U2OS,,train
4901,U2OS-02_1_L14_s1_21,U2OS-02,1,L14,s1,IL20RB,treated,U2OS,,train
4902,U2OS-02_1_L14_s1_22,U2OS-02,1,L14,s1,IL20RB,treated,U2OS,,train
4903,U2OS-02_1_L14_s1_25,U2OS-02,1,L14,s1,IL20RB,treated,U2OS,,train
4904,U2OS-02_1_L14_s1_28,U2OS-02,1,L14,s1,IL20RB,treated,U2OS,,train
4905,U2OS-02_1_L14_s1_29,U2OS-02,1,L14,s1,IL20RB,treated,U2OS,,train
4906,U2OS-02_1_L14_s1_30,U2OS-02,1,L14,s1,IL20RB,treated,U2OS,,train
4907,U2OS-02_1_L14_s1_31,U2OS-02,1,L14,s1,IL20RB,treated,U2OS,,train
4908,U2OS-02_1_L14_s1_33,U2OS-02,1,L14,s1,IL20RB,treated,U2OS,,train
4909,U2OS-02_1_L14_s1_35,U2OS-02,1,L14,s1,IL20RB,treated,U2OS,,train
4910,U2OS-02_1_L14_s1_37,U2OS-02,1,L14,s1,IL20RB,treated,U2OS,,train
4911,U2OS-02_1_L14_s1_38,U2OS-02,1,L14,s1,IL20RB,treated,U2OS,,train
4912,U2OS-02_1_L14_s1_39,U2OS-02,1,L14,s1,IL20RB,treated,U2OS,,train
4913,U2OS-02_1_L14_s1_40,U2OS-02,1,L14,s1,IL20RB,treated,U2OS,,train
4914,U2OS-02_1_L14_s1_45,U2OS-02,1,L14,s1,IL20RB,treated,U2OS,,train
4915,U2OS-02_1_L14_s1_46,U2OS-02,1,L14,s1,IL20RB,treated,U2OS,,train
4916,U2OS-02_1_L14_s1_47,U2OS-02,1,L14,s1,IL20RB,treated,U2OS,,train
4917,U2OS-02_1_L14_s1_49,U2OS-02,1,L14,s1,IL20RB,treated,U2OS,,train
4918,U2OS-02_1_L14_s1_50,U2OS-02,1,L14,s1,IL20RB,treated,U2OS,,train
4919,U2OS-02_1_L14_s1_52,U2OS-02,1,L14,s1,IL20RB,treated,U2OS,,train
4920,U2OS-02_1_L14_s1_55,U2OS-02,1,L14,s1,IL20RB,treated,U2OS,,train
4921,U2OS-02_1_L14_s1_57,U2OS-02,1,L14,s1,IL20RB,treated,U2OS,,train
4922,U2OS-02_1_L14_s1_58,U2OS-02,1,L14,s1,IL20RB,treated,U2OS,,train
4923,U2OS-02_1_L14_s1_59,U2OS-02,1,L14,s1,IL20RB,treated,U2OS,,train
4924,U2OS-02_1_L14_s1_60,U2OS-02,1,L14,s1,IL20RB,treated,U2OS,,train
4925,U2OS-02_1_L14_s1_61,U2OS-02,1,L14,s1,IL20RB,treated,U2OS,,train
4926,U2OS-02_1_L14_s1_62,U2OS-02,1,L14,s1,IL20RB,treated,U2OS,,train
4927,U2OS-02_1_L14_s1_63,U2OS-02,1,L14,s1,IL20RB,treated,U2OS,,train
4928,U2OS-02_1_L14_s1_64,U2OS-02,1,L14,s1,IL20RB,treated,U2OS,,train
4929,U2OS-02_1_L14_s1_66,U2OS-02,1,L14,s1,IL20RB,treated,U2OS,,train
4930,U2OS-02_1_L14_s1_69,U2OS-02,1,L14,s1,IL20RB,treated,U2OS,,train
4931,U2OS-02_1_L14_s1_70,U2OS-02,1,L14,s1,IL20RB,treated,U2OS,,train
4932,U2OS-02_1_L14_s1_72,U2OS-02,1,L14,s1,IL20RB,treated,U2OS,,train
4933,U2OS-02_1_L14_s1_73,U2OS-02,1,L14,s1,IL20RB,treated,U2OS,,train
4934,U2OS-02_1_L14_s1_74,U2OS-02,1,L14,s1,IL20RB,treated,U2OS,,train
4935,U2OS-02_1_L14_s1_76,U2OS-02,1,L14,s1,IL20RB,treated,U2OS,,train
4936,U2OS-02_1_L14_s1_77,U2OS-02,1,L14,s1,IL20RB,treated,U2OS,,train
4937,U2OS-02_1_L14_s1_79,U2OS-02,1,L14,s1,IL20RB,treated,U2OS,,train
4938,U2OS-02_1_L14_s1_80,U2OS-02,1,L14,s1,IL20RB,treated,U2OS,,train
4939,U2OS-02_1_L14_s1_81,U2OS-02,1,L14,s1,IL20RB,treated,U2OS,,train
4940,U2OS-02_1_L21_s1_14,U2OS-02,1,L21,s1,TRNT1,treated,U2OS,,train
4941,U2OS-02_1_L21_s1_18,U2OS-02,1,L21,s1,TRNT1,treated,U2OS,,train
4942,U2OS-02_1_L21_s1_19,U2OS-02,1,L21,s1,TRNT1,treated,U2OS,,train
4943,U2OS-02_1_L21_s1_21,U2OS-02,1,L21,s1,TRNT1,treated,U2OS,,train
4944,U2OS-02_1_L21_s1_24,U2OS-02,1,L21,s1,TRNT1,treated,U2OS,,train
4945,U2OS-02_1_L21_s1_25,U2OS-02,1,L21,s1,TRNT1,treated,U2OS,,train
4946,U2OS-02_1_L21_s1_26,U2OS-02,1,L21,s1,TRNT1,treated,U2OS,,train
4947,U2OS-02_1_L21_s1_27,U2OS-02,1,L21,s1,TRNT1,treated,U2OS,,train
4948,U2OS-02_1_L21_s1_28,U2OS-02,1,L21,s1,TRNT1,treated,U2OS,,train
4949,U2OS-02_1_L21_s1_29,U2OS-02,1,L21,s1,TRNT1,treated,U2OS,,train
4950,U2OS-02_1_L21_s1_30,U2OS-02,1,L21,s1,TRNT1,treated,U2OS,,train
4951,U2OS-02_1_L21_s1_31,U2OS-02,1,L21,s1,TRNT1,treated,U2OS,,train
4952,U2OS-02_1_L21_s1_32,U2OS-02,1,L21,s1,TRNT1,treated,U2OS,,train
4953,U2OS-02_1_L21_s1_33,U2OS-02,1,L21,s1,TRNT1,treated,U2OS,,train
4954,U2OS-02_1_L21_s1_37,U2OS-02,1,L21,s1,TRNT1,treated,U2OS,,train
4955,U2OS-02_1_L21_s1_38,U2OS-02,1,L21,s1,TRNT1,treated,U2OS,,train
4956,U2OS-02_1_L21_s1_40,U2OS-02,1,L21,s1,TRNT1,treated,U2OS,,train
4957,U2OS-02_1_L21_s1_41,U2OS-02,1,L21,s1,TRNT1,treated,U2OS,,train
4958,U2OS-02_1_L21_s1_42,U2OS-02,1,L21,s1,TRNT1,treated,U2OS,,train
4959,U2OS-02_1_L21_s1_43,U2OS-02,1,L21,s1,TRNT1,treated,U2OS,,train
4960,U2OS-02_1_L21_s1_46,U2OS-02,1,L21,s1,TRNT1,treated,U2OS,,train
4961,U2OS-02_1_L21_s1_49,U2OS-02,1,L21,s1,TRNT1,treated,U2OS,,train
4962,U2OS-02_1_L21_s1_50,U2OS-02,1,L21,s1,TRNT1,treated,U2OS,,train
4963,U2OS-02_1_L21_s1_51,U2OS-02,1,L21,s1,TRNT1,treated,U2OS,,train
4964,U2OS-02_1_L21_s1_52,U2OS-02,1,L21,s1,TRNT1,treated,U2OS,,train
4965,U2OS-02_1_L21_s1_54,U2OS-02,1,L21,s1,TRNT1,treated,U2OS,,train
4966,U2OS-02_1_L21_s1_55,U2OS-02,1,L21,s1,TRNT1,treated,U2OS,,train
4967,U2OS-02_1_L21_s1_56,U2OS-02,1,L21,s1,TRNT1,treated,U2OS,,train
4968,U2OS-02_1_L21_s1_57,U2OS-02,1,L21,s1,TRNT1,treated,U2OS,,train
4969,U2OS-02_1_L21_s1_58,U2OS-02,1,L21,s1,TRNT1,treated,U2OS,,train
4970,U2OS-02_1_L21_s1_63,U2OS-02,1,L21,s1,TRNT1,treated,U2OS,,train
4971,U2OS-02_1_L21_s1_64,U2OS-02,1,L21,s1,TRNT1,treated,U2OS,,train
4972,U2OS-02_1_L21_s1_68,U2OS-02,1,L21,s1,TRNT1,treated,U2OS,,train
4973,U2OS-02_1_L21_s1_69,U2OS-02,1,L21,s1,TRNT1,treated,U2OS,,train
4974,U2OS-02_1_L21_s1_70,U2OS-02,1,L21,s1,TRNT1,treated,U2OS,,train
4975,U2OS-02_1_L21_s1_75,U2OS-02,1,L21,s1,TRNT1,treated,U2OS,,train
4976,U2OS-02_1_L21_s1_76,U2OS-02,1,L21,s1,TRNT1,treated,U2OS,,train
4977,U2OS-02_1_L21_s1_78,U2OS-02,1,L21,s1,TRNT1,treated,U2OS,,train
4978,U2OS-02_1_L21_s1_80,U2OS-02,1,L21,s1,TRNT1,treated,U2OS,,train
4979,U2OS-02_1_L21_s1_82,U2OS-02,1,L21,s1,TRNT1,treated,U2OS,,train
4980,U2OS-02_1_M14_s1_13,U2OS-02,1,M14,s1,GLRX2,treated,U2OS,,train
4981,U2OS-02_1_M14_s1_14,U2OS-02,1,M14,s1,GLRX2,treated,U2OS,,train
4982,U2OS-02_1_M14_s1_15,U2OS-02,1,M14,s1,GLRX2,treated,U2OS,,train
4983,U2OS-02_1_M14_s1_17,U2OS-02,1,M14,s1,GLRX2,treated,U2OS,,train
4984,U2OS-02_1_M14_s1_19,U2OS-02,1,M14,s1,GLRX2,treated,U2OS,,train
4985,U2OS-02_1_M14_s1_20,U2OS-02,1,M14,s1,GLRX2,treated,U2OS,,train
4986,U2OS-02_1_M14_s1_21,U2OS-02,1,M14,s1,GLRX2,treated,U2OS,,train
4987,U2OS-02_1_M14_s1_22,U2OS-02,1,M14,s1,GLRX2,treated,U2OS,,train
4988,U2OS-02_1_M14_s1_23,U2OS-02,1,M14,s1,GLRX2,treated,U2OS,,train
4989,U2OS-02_1_M14_s1_25,U2OS-02,1,M14,s1,GLRX2,treated,U2OS,,train
4990,U2OS-02_1_M14_s1_26,U2OS-02,1,M14,s1,GLRX2,treated,U2OS,,train
4991,U2OS-02_1_M14_s1_27,U2OS-02,1,M14,s1,GLRX2,treated,U2OS,,train
4992,U2OS-02_1_M14_s1_28,U2OS-02,1,M14,s1,GLRX2,treated,U2OS,,train
4993,U2OS-02_1_M14_s1_29,U2OS-02,1,M14,s1,GLRX2,treated,U2OS,,train
4994,U2OS-02_1_M14_s1_34,U2OS-02,1,M14,s1,GLRX2,treated,U2OS,,train
4995,U2OS-02_1_M14_s1_35,U2OS-02,1,M14,s1,GLRX2,treated,U2OS,,train
4996,U2OS-02_1_M14_s1_36,U2OS-02,1,M14,s1,GLRX2,treated,U2OS,,train
4997,U2OS-02_1_M14_s1_37,U2OS-02,1,M14,s1,GLRX2,treated,U2OS,,train
4998,U2OS-02_1_M14_s1_38,U2OS-02,1,M14,s1,GLRX2,treated,U2OS,,train
4999,U2OS-02_1_M14_s1_40,U2OS-02,1,M14,s1,GLRX2,treated,U2OS,,train
5000,U2OS-02_1_M14_s1_41,U2OS-02,1,M14,s1,GLRX2,treated,U2OS,,train
5001,U2OS-02_1_M14_s1_43,U2OS-02,1,M14,s1,GLRX2,treated,U2OS,,train
5002,U2OS-02_1_M14_s1_44,U2OS-02,1,M14,s1,GLRX2,treated,U2OS,,train
5003,U2OS-02_1_M14_s1_45,U2OS-02,1,M14,s1,GLRX2,treated,U2OS,,train
5004,U2OS-02_1_M14_s1_46,U2OS-02,1,M14,s1,GLRX2,treated,U2OS,,train
5005,U2OS-02_1_M14_s1_47,U2OS-02,1,M14,s1,GLRX2,treated,U2OS,,train
5006,U2OS-02_1_M14_s1_48,U2OS-02,1,M14,s1,GLRX2,treated,U2OS,,train
5007,U2OS-02_1_M14_s1_49,U2OS-02,1,M14,s1,GLRX2,treated,U2OS,,train
5008,U2OS-02_1_M14_s1_50,U2OS-02,1,M14,s1,GLRX2,treated,U2OS,,train
5009,U2OS-02_1_M14_s1_51,U2OS-02,1,M14,s1,GLRX2,treated,U2OS,,train
5010,U2OS-02_1_M14_s1_53,U2OS-02,1,M14,s1,GLRX2,treated,U2OS,,train
5011,U2OS-02_1_M14_s1_54,U2OS-02,1,M14,s1,GLRX2,treated,U2OS,,train
5012,U2OS-02_1_M14_s2_11,U2OS-02,1,M14,s2,GLRX2,treated,U2OS,,train
5013,U2OS-02_1_M14_s2_12,U2OS-02,1,M14,s2,GLRX2,treated,U2OS,,train
5014,U2OS-02_1_M14_s2_13,U2OS-02,1,M14,s2,GLRX2,treated,U2OS,,train
5015,U2OS-02_1_M14_s2_16,U2OS-02,1,M14,s2,GLRX2,treated,U2OS,,train
5016,U2OS-02_1_M14_s2_17,U2OS-02,1,M14,s2,GLRX2,treated,U2OS,,train
5017,U2OS-02_1_M14_s2_22,U2OS-02,1,M14,s2,GLRX2,treated,U2OS,,train
5018,U2OS-02_1_M14_s2_25,U2OS-02,1,M14,s2,GLRX2,treated,U2OS,,train
5019,U2OS-02_1_M14_s2_29,U2OS-02,1,M14,s2,GLRX2,treated,U2OS,,train
5020,U2OS-02_1_M16_s1_19,U2OS-02,1,M16,s1,POLK,treated,U2OS,,train
5021,U2OS-02_1_M16_s1_20,U2OS-02,1,M16,s1,POLK,treated,U2OS,,train
5022,U2OS-02_1_M16_s1_21,U2OS-02,1,M16,s1,POLK,treated,U2OS,,train
5023,U2OS-02_1_M16_s1_23,U2OS-02,1,M16,s1,POLK,treated,U2OS,,train
5024,U2OS-02_1_M16_s1_27,U2OS-02,1,M16,s1,POLK,treated,U2OS,,train
5025,U2OS-02_1_M16_s1_28,U2OS-02,1,M16,s1,POLK,treated,U2OS,,train
5026,U2OS-02_1_M16_s1_30,U2OS-02,1,M16,s1,POLK,treated,U2OS,,train
5027,U2OS-02_1_M16_s1_31,U2OS-02,1,M16,s1,POLK,treated,U2OS,,train
5028,U2OS-02_1_M16_s1_33,U2OS-02,1,M16,s1,POLK,treated,U2OS,,train
5029,U2OS-02_1_M16_s1_34,U2OS-02,1,M16,s1,POLK,treated,U2OS,,train
5030,U2OS-02_1_M16_s1_35,U2OS-02,1,M16,s1,POLK,treated,U2OS,,train
5031,U2OS-02_1_M16_s1_36,U2OS-02,1,M16,s1,POLK,treated,U2OS,,train
5032,U2OS-02_1_M16_s1_37,U2OS-02,1,M16,s1,POLK,treated,U2OS,,train
5033,U2OS-02_1_M16_s1_38,U2OS-02,1,M16,s1,POLK,treated,U2OS,,train
5034,U2OS-02_1_M16_s1_45,U2OS-02,1,M16,s1,POLK,treated,U2OS,,train
5035,U2OS-02_1_M16_s1_46,U2OS-02,1,M16,s1,POLK,treated,U2OS,,train
5036,U2OS-02_1_M16_s1_47,U2OS-02,1,M16,s1,POLK,treated,U2OS,,train
5037,U2OS-02_1_M16_s1_48,U2OS-02,1,M16,s1,POLK,treated,U2OS,,train
5038,U2OS-02_1_M16_s1_49,U2OS-02,1,M16,s1,POLK,treated,U2OS,,train
5039,U2OS-02_1_M16_s1_51,U2OS-02,1,M16,s1,POLK,treated,U2OS,,train
5040,U2OS-02_1_M16_s1_52,U2OS-02,1,M16,s1,POLK,treated,U2OS,,train
5041,U2OS-02_1_M16_s1_54,U2OS-02,1,M16,s1,POLK,treated,U2OS,,train
5042,U2OS-02_1_M16_s1_55,U2OS-02,1,M16,s1,POLK,treated,U2OS,,train
5043,U2OS-02_1_M16_s1_56,U2OS-02,1,M16,s1,POLK,treated,U2OS,,train
5044,U2OS-02_1_M16_s1_57,U2OS-02,1,M16,s1,POLK,treated,U2OS,,train
5045,U2OS-02_1_M16_s1_58,U2OS-02,1,M16,s1,POLK,treated,U2OS,,train
5046,U2OS-02_1_M16_s1_59,U2OS-02,1,M16,s1,POLK,treated,U2OS,,train
5047,U2OS-02_1_M16_s1_61,U2OS-02,1,M16,s1,POLK,treated,U2OS,,train
5048,U2OS-02_1_M16_s1_62,U2OS-02,1,M16,s1,POLK,treated,U2OS,,train
5049,U2OS-02_1_M16_s1_63,U2OS-02,1,M16,s1,POLK,treated,U2OS,,train
5050,U2OS-02_1_M16_s1_65,U2OS-02,1,M16,s1,POLK,treated,U2OS,,train
5051,U2OS-02_1_M16_s1_66,U2OS-02,1,M16,s1,POLK,treated,U2OS,,train
5052,U2OS-02_1_M16_s1_68,U2OS-02,1,M16,s1,POLK,treated,U2OS,,train
5053,U2OS-02_1_M16_s1_69,U2OS-02,1,M16,s1,POLK,treated,U2OS,,train
5054,U2OS-02_1_M16_s1_70,U2OS-02,1,M16,s1,POLK,treated,U2OS,,train
5055,U2OS-02_1_M16_s1_73,U2OS-02,1,M16,s1,POLK,treated,U2OS,,train
5056,U2OS-02_1_M16_s1_74,U2OS-02,1,M16,s1,POLK,treated,U2OS,,train
5057,U2OS-02_1_M16_s1_77,U2OS-02,1,M16,s1,POLK,treated,U2OS,,train
5058,U2OS-02_1_M16_s1_78,U2OS-02,1,M16,s1,POLK,treated,U2OS,,train
5059,U2OS-02_1_M16_s1_79,U2OS-02,1,M16,s1,POLK,treated,U2OS,,train
5060,U2OS-02_1_O05_s1_13,U2OS-02,1,O05,s1,NIN,treated,U2OS,,train
5061,U2OS-02_1_O05_s1_16,U2OS-02,1,O05,s1,NIN,treated,U2OS,,train
5062,U2OS-02_1_O05_s1_17,U2OS-02,1,O05,s1,NIN,treated,U2OS,,train
5063,U2OS-02_1_O05_s1_19,U2OS-02,1,O05,s1,NIN,treated,U2OS,,train
5064,U2OS-02_1_O05_s1_22,U2OS-02,1,O05,s1,NIN,treated,U2OS,,train
5065,U2OS-02_1_O05_s1_23,U2OS-02,1,O05,s1,NIN,treated,U2OS,,train
5066,U2OS-02_1_O05_s1_24,U2OS-02,1,O05,s1,NIN,treated,U2OS,,train
5067,U2OS-02_1_O05_s1_25,U2OS-02,1,O05,s1,NIN,treated,U2OS,,train
5068,U2OS-02_1_O05_s1_26,U2OS-02,1,O05,s1,NIN,treated,U2OS,,train
5069,U2OS-02_1_O05_s1_27,U2OS-02,1,O05,s1,NIN,treated,U2OS,,train
5070,U2OS-02_1_O05_s1_30,U2OS-02,1,O05,s1,NIN,treated,U2OS,,train
5071,U2OS-02_1_O05_s1_32,U2OS-02,1,O05,s1,NIN,treated,U2OS,,train
5072,U2OS-02_1_O05_s1_33,U2OS-02,1,O05,s1,NIN,treated,U2OS,,train
5073,U2OS-02_1_O05_s1_34,U2OS-02,1,O05,s1,NIN,treated,U2OS,,train
5074,U2OS-02_1_O05_s1_39,U2OS-02,1,O05,s1,NIN,treated,U2OS,,train
5075,U2OS-02_1_O05_s1_40,U2OS-02,1,O05,s1,NIN,treated,U2OS,,train
5076,U2OS-02_1_O05_s1_41,U2OS-02,1,O05,s1,NIN,treated,U2OS,,train
5077,U2OS-02_1_O05_s1_45,U2OS-02,1,O05,s1,NIN,treated,U2OS,,train
5078,U2OS-02_1_O05_s1_46,U2OS-02,1,O05,s1,NIN,treated,U2OS,,train
5079,U2OS-02_1_O05_s1_47,U2OS-02,1,O05,s1,NIN,treated,U2OS,,train
5080,U2OS-02_1_O05_s1_48,U2OS-02,1,O05,s1,NIN,treated,U2OS,,train
5081,U2OS-02_1_O05_s1_51,U2OS-02,1,O05,s1,NIN,treated,U2OS,,train
5082,U2OS-02_1_O05_s1_52,U2OS-02,1,O05,s1,NIN,treated,U2OS,,train
5083,U2OS-02_1_O05_s1_54,U2OS-02,1,O05,s1,NIN,treated,U2OS,,train
5084,U2OS-02_1_O05_s1_55,U2OS-02,1,O05,s1,NIN,treated,U2OS,,train
5085,U2OS-02_1_O05_s1_56,U2OS-02,1,O05,s1,NIN,treated,U2OS,,train
5086,U2OS-02_1_O05_s1_58,U2OS-02,1,O05,s1,NIN,treated,U2OS,,train
5087,U2OS-02_1_O05_s1_60,U2OS-02,1,O05,s1,NIN,treated,U2OS,,train
5088,U2OS-02_1_O05_s1_61,U2OS-02,1,O05,s1,NIN,treated,U2OS,,train
5089,U2OS-02_1_O05_s1_63,U2OS-02,1,O05,s1,NIN,treated,U2OS,,train
5090,U2OS-02_1_O05_s1_65,U2OS-02,1,O05,s1,NIN,treated,U2OS,,train
5091,U2OS-02_1_O05_s1_66,U2OS-02,1,O05,s1,NIN,treated,U2OS,,train
5092,U2OS-02_1_O05_s1_68,U2OS-02,1,O05,s1,NIN,treated,U2OS,,train
5093,U2OS-02_1_O05_s1_69,U2OS-02,1,O05,s1,NIN,treated,U2OS,,train
5094,U2OS-02_1_O05_s1_71,U2OS-02,1,O05,s1,NIN,treated,U2OS,,train
5095,U2OS-02_1_O05_s1_75,U2OS-02,1,O05,s1,NIN,treated,U2OS,,train
5096,U2OS-02_1_O05_s1_76,U2OS-02,1,O05,s1,NIN,treated,U2OS,,train
5097,U2OS-02_1_O05_s1_78,U2OS-02,1,O05,s1,NIN,treated,U2OS,,train
5098,U2OS-02_1_O05_s1_79,U2OS-02,1,O05,s1,NIN,treated,U2OS,,train
5099,U2OS-02_1_O05_s1_80,U2OS-02,1,O05,s1,NIN,treated,U2OS,,train
5100,U2OS-02_1_O09_s1_23,U2OS-02,1,O09,s1,RAB14,treated,U2OS,,train
5101,U2OS-02_1_O09_s1_25,U2OS-02,1,O09,s1,RAB14,treated,U2OS,,train
5102,U2OS-02_1_O09_s1_27,U2OS-02,1,O09,s1,RAB14,treated,U2OS,,train
5103,U2OS-02_1_O09_s1_29,U2OS-02,1,O09,s1,RAB14,treated,U2OS,,train
5104,U2OS-02_1_O09_s1_31,U2OS-02,1,O09,s1,RAB14,treated,U2OS,,train
5105,U2OS-02_1_O09_s1_32,U2OS-02,1,O09,s1,RAB14,treated,U2OS,,train
5106,U2OS-02_1_O09_s1_33,U2OS-02,1,O09,s1,RAB14,treated,U2OS,,train
5107,U2OS-02_1_O09_s1_34,U2OS-02,1,O09,s1,RAB14,treated,U2OS,,train
5108,U2OS-02_1_O09_s1_35,U2OS-02,1,O09,s1,RAB14,treated,U2OS,,train
5109,U2OS-02_1_O09_s1_36,U2OS-02,1,O09,s1,RAB14,treated,U2OS,,train
5110,U2OS-02_1_O09_s1_39,U2OS-02,1,O09,s1,RAB14,treated,U2OS,,train
5111,U2OS-02_1_O09_s1_40,U2OS-02,1,O09,s1,RAB14,treated,U2OS,,train
5112,U2OS-02_1_O09_s1_41,U2OS-02,1,O09,s1,RAB14,treated,U2OS,,train
5113,U2OS-02_1_O09_s1_42,U2OS-02,1,O09,s1,RAB14,treated,U2OS,,train
5114,U2OS-02_1_O09_s1_47,U2OS-02,1,O09,s1,RAB14,treated,U2OS,,train
5115,U2OS-02_1_O09_s1_48,U2OS-02,1,O09,s1,RAB14,treated,U2OS,,train
5116,U2OS-02_1_O09_s1_50,U2OS-02,1,O09,s1,RAB14,treated,U2OS,,train
5117,U2OS-02_1_O09_s1_51,U2OS-02,1,O09,s1,RAB14,treated,U2OS,,train
5118,U2OS-02_1_O09_s1_52,U2OS-02,1,O09,s1,RAB14,treated,U2OS,,train
5119,U2OS-02_1_O09_s1_53,U2OS-02,1,O09,s1,RAB14,treated,U2OS,,train
5120,U2OS-02_1_O09_s1_56,U2OS-02,1,O09,s1,RAB14,treated,U2OS,,train
5121,U2OS-02_1_O09_s1_58,U2OS-02,1,O09,s1,RAB14,treated,U2OS,,train
5122,U2OS-02_1_O09_s1_59,U2OS-02,1,O09,s1,RAB14,treated,U2OS,,train
5123,U2OS-02_1_O09_s1_60,U2OS-02,1,O09,s1,RAB14,treated,U2OS,,train
5124,U2OS-02_1_O09_s1_63,U2OS-02,1,O09,s1,RAB14,treated,U2OS,,train
5125,U2OS-02_1_O09_s1_65,U2OS-02,1,O09,s1,RAB14,treated,U2OS,,train
5126,U2OS-02_1_O09_s1_66,U2OS-02,1,O09,s1,RAB14,treated,U2OS,,train
5127,U2OS-02_1_O09_s1_67,U2OS-02,1,O09,s1,RAB14,treated,U2OS,,train
5128,U2OS-02_1_O09_s1_68,U2OS-02,1,O09,s1,RAB14,treated,U2OS,,train
5129,U2OS-02_1_O09_s1_69,U2OS-02,1,O09,s1,RAB14,treated,U2OS,,train
5130,U2OS-02_1_O09_s1_73,U2OS-02,1,O09,s1,RAB14,treated,U2OS,,train
5131,U2OS-02_1_O09_s1_74,U2OS-02,1,O09,s1,RAB14,treated,U2OS,,train
5132,U2OS-02_1_O09_s1_76,U2OS-02,1,O09,s1,RAB14,treated,U2OS,,train
5133,U2OS-02_1_O09_s1_77,U2OS-02,1,O09,s1,RAB14,treated,U2OS,,train
5134,U2OS-02_1_O09_s1_78,U2OS-02,1,O09,s1,RAB14,treated,U2OS,,train
5135,U2OS-02_1_O09_s1_80,U2OS-02,1,O09,s1,RAB14,treated,U2OS,,train
5136,U2OS-02_1_O09_s1_81,U2OS-02,1,O09,s1,RAB14,treated,U2OS,,train
5137,U2OS-02_1_O09_s1_84,U2OS-02,1,O09,s1,RAB14,treated,U2OS,,train
5138,U2OS-02_1_O09_s1_87,U2OS-02,1,O09,s1,RAB14,treated,U2OS,,train
5139,U2OS-02_1_O09_s1_88,U2OS-02,1,O09,s1,RAB14,treated,U2OS,,train
5140,U2OS-02_1_O15_s1_15,U2OS-02,1,O15,s1,TREM2,treated,U2OS,,train
5141,U2OS-02_1_O15_s1_17,U2OS-02,1,O15,s1,TREM2,treated,U2OS,,train
5142,U2OS-02_1_O15_s1_19,U2OS-02,1,O15,s1,TREM2,treated,U2OS,,train
5143,U2OS-02_1_O15_s1_21,U2OS-02,1,O15,s1,TREM2,treated,U2OS,,train
5144,U2OS-02_1_O15_s1_25,U2OS-02,1,O15,s1,TREM2,treated,U2OS,,train
5145,U2OS-02_1_O15_s1_26,U2OS-02,1,O15,s1,TREM2,treated,U2OS,,train
5146,U2OS-02_1_O15_s1_27,U2OS-02,1,O15,s1,TREM2,treated,U2OS,,train
5147,U2OS-02_1_O15_s1_28,U2OS-02,1,O15,s1,TREM2,treated,U2OS,,train
5148,U2OS-02_1_O15_s1_29,U2OS-02,1,O15,s1,TREM2,treated,U2OS,,train
5149,U2OS-02_1_O15_s1_30,U2OS-02,1,O15,s1,TREM2,treated,U2OS,,train
5150,U2OS-02_1_O15_s1_32,U2OS-02,1,O15,s1,TREM2,treated,U2OS,,train
5151,U2OS-02_1_O15_s1_34,U2OS-02,1,O15,s1,TREM2,treated,U2OS,,train
5152,U2OS-02_1_O15_s1_36,U2OS-02,1,O15,s1,TREM2,treated,U2OS,,train
5153,U2OS-02_1_O15_s1_37,U2OS-02,1,O15,s1,TREM2,treated,U2OS,,train
5154,U2OS-02_1_O15_s1_42,U2OS-02,1,O15,s1,TREM2,treated,U2OS,,train
5155,U2OS-02_1_O15_s1_43,U2OS-02,1,O15,s1,TREM2,treated,U2OS,,train
5156,U2OS-02_1_O15_s1_44,U2OS-02,1,O15,s1,TREM2,treated,U2OS,,train
5157,U2OS-02_1_O15_s1_46,U2OS-02,1,O15,s1,TREM2,treated,U2OS,,train
5158,U2OS-02_1_O15_s1_47,U2OS-02,1,O15,s1,TREM2,treated,U2OS,,train
5159,U2OS-02_1_O15_s1_49,U2OS-02,1,O15,s1,TREM2,treated,U2OS,,train
5160,U2OS-02_1_O15_s1_50,U2OS-02,1,O15,s1,TREM2,treated,U2OS,,train
5161,U2OS-02_1_O15_s1_52,U2OS-02,1,O15,s1,TREM2,treated,U2OS,,train
5162,U2OS-02_1_O15_s1_53,U2OS-02,1,O15,s1,TREM2,treated,U2OS,,train
5163,U2OS-02_1_O15_s1_55,U2OS-02,1,O15,s1,TREM2,treated,U2OS,,train
5164,U2OS-02_1_O15_s1_56,U2OS-02,1,O15,s1,TREM2,treated,U2OS,,train
5165,U2OS-02_1_O15_s1_57,U2OS-02,1,O15,s1,TREM2,treated,U2OS,,train
5166,U2OS-02_1_O15_s1_58,U2OS-02,1,O15,s1,TREM2,treated,U2OS,,train
5167,U2OS-02_1_O15_s1_59,U2OS-02,1,O15,s1,TREM2,treated,U2OS,,train
5168,U2OS-02_1_O15_s1_60,U2OS-02,1,O15,s1,TREM2,treated,U2OS,,train
5169,U2OS-02_1_O15_s1_62,U2OS-02,1,O15,s1,TREM2,treated,U2OS,,train
5170,U2OS-02_1_O15_s1_64,U2OS-02,1,O15,s1,TREM2,treated,U2OS,,train
5171,U2OS-02_1_O15_s1_65,U2OS-02,1,O15,s1,TREM2,treated,U2OS,,train
5172,U2OS-02_1_O15_s1_69,U2OS-02,1,O15,s1,TREM2,treated,U2OS,,train
5173,U2OS-02_1_O15_s1_70,U2OS-02,1,O15,s1,TREM2,treated,U2OS,,train
5174,U2OS-02_1_O15_s1_71,U2OS-02,1,O15,s1,TREM2,treated,U2OS,,train
5175,U2OS-02_1_O15_s1_74,U2OS-02,1,O15,s1,TREM2,treated,U2OS,,train
5176,U2OS-02_1_O15_s1_76,U2OS-02,1,O15,s1,TREM2,treated,U2OS,,train
5177,U2OS-02_1_O15_s1_78,U2OS-02,1,O15,s1,TREM2,treated,U2OS,,train
5178,U2OS-02_1_O15_s1_79,U2OS-02,1,O15,s1,TREM2,treated,U2OS,,train
5179,U2OS-02_1_O15_s1_80,U2OS-02,1,O15,s1,TREM2,treated,U2OS,,train
5180,U2OS-02_4_B02_s1_17,U2OS-02,4,B02,s1,UNTREATED,negative_control,U2OS,,train
5181,U2OS-02_4_B02_s1_19,U2OS-02,4,B02,s1,UNTREATED,negative_control,U2OS,,train
5182,U2OS-02_4_B02_s1_21,U2OS-02,4,B02,s1,UNTREATED,negative_control,U2OS,,train
5183,U2OS-02_4_B02_s1_24,U2OS-02,4,B02,s1,UNTREATED,negative_control,U2OS,,train
5184,U2OS-02_4_B02_s1_27,U2OS-02,4,B02,s1,UNTREATED,negative_control,U2OS,,train
5185,U2OS-02_4_B02_s1_28,U2OS-02,4,B02,s1,UNTREATED,negative_control,U2OS,,train
5186,U2OS-02_4_B02_s1_29,U2OS-02,4,B02,s1,UNTREATED,negative_control,U2OS,,train
5187,U2OS-02_4_B02_s1_30,U2OS-02,4,B02,s1,UNTREATED,negative_control,U2OS,,train
5188,U2OS-02_4_B02_s1_31,U2OS-02,4,B02,s1,UNTREATED,negative_control,U2OS,,train
5189,U2OS-02_4_B02_s1_34,U2OS-02,4,B02,s1,UNTREATED,negative_control,U2OS,,train
5190,U2OS-02_4_B02_s1_35,U2OS-02,4,B02,s1,UNTREATED,negative_control,U2OS,,train
5191,U2OS-02_4_B02_s1_36,U2OS-02,4,B02,s1,UNTREATED,negative_control,U2OS,,train
5192,U2OS-02_4_B02_s1_37,U2OS-02,4,B02,s1,UNTREATED,negative_control,U2OS,,train
5193,U2OS-02_4_B02_s1_38,U2OS-02,4,B02,s1,UNTREATED,negative_control,U2OS,,train
5194,U2OS-02_4_B02_s1_44,U2OS-02,4,B02,s1,UNTREATED,negative_control,U2OS,,train
5195,U2OS-02_4_B02_s1_45,U2OS-02,4,B02,s1,UNTREATED,negative_control,U2OS,,train
5196,U2OS-02_4_B02_s1_47,U2OS-02,4,B02,s1,UNTREATED,negative_control,U2OS,,train
5197,U2OS-02_4_B02_s1_48,U2OS-02,4,B02,s1,UNTREATED,negative_control,U2OS,,train
5198,U2OS-02_4_B02_s1_49,U2OS-02,4,B02,s1,UNTREATED,negative_control,U2OS,,train
5199,U2OS-02_4_B02_s1_51,U2OS-02,4,B02,s1,UNTREATED,negative_control,U2OS,,train
5200,U2OS-02_4_B02_s1_52,U2OS-02,4,B02,s1,UNTREATED,negative_control,U2OS,,train
5201,U2OS-02_4_B02_s1_54,U2OS-02,4,B02,s1,UNTREATED,negative_control,U2OS,,train
5202,U2OS-02_4_B02_s1_55,U2OS-02,4,B02,s1,UNTREATED,negative_control,U2OS,,train
5203,U2OS-02_4_B02_s1_56,U2OS-02,4,B02,s1,UNTREATED,negative_control,U2OS,,train
5204,U2OS-02_4_B02_s1_57,U2OS-02,4,B02,s1,UNTREATED,negative_control,U2OS,,train
5205,U2OS-02_4_B02_s1_58,U2OS-02,4,B02,s1,UNTREATED,negative_control,U2OS,,train
5206,U2OS-02_4_B02_s1_60,U2OS-02,4,B02,s1,UNTREATED,negative_control,U2OS,,train
5207,U2OS-02_4_B02_s1_61,U2OS-02,4,B02,s1,UNTREATED,negative_control,U2OS,,train
5208,U2OS-02_4_B02_s1_62,U2OS-02,4,B02,s1,UNTREATED,negative_control,U2OS,,train
5209,U2OS-02_4_B02_s1_63,U2OS-02,4,B02,s1,UNTREATED,negative_control,U2OS,,train
5210,U2OS-02_4_B02_s1_65,U2OS-02,4,B02,s1,UNTREATED,negative_control,U2OS,,train
5211,U2OS-02_4_B02_s1_66,U2OS-02,4,B02,s1,UNTREATED,negative_control,U2OS,,train
5212,U2OS-02_4_B02_s1_69,U2OS-02,4,B02,s1,UNTREATED,negative_control,U2OS,,train
5213,U2OS-02_4_B02_s1_71,U2OS-02,4,B02,s1,UNTREATED,negative_control,U2OS,,train
5214,U2OS-02_4_B02_s1_72,U2OS-02,4,B02,s1,UNTREATED,negative_control,U2OS,,train
5215,U2OS-02_4_B02_s1_74,U2OS-02,4,B02,s1,UNTREATED,negative_control,U2OS,,train
5216,U2OS-02_4_B02_s1_75,U2OS-02,4,B02,s1,UNTREATED,negative_control,U2OS,,train
5217,U2OS-02_4_B02_s1_77,U2OS-02,4,B02,s1,UNTREATED,negative_control,U2OS,,train
5218,U2OS-02_4_B02_s1_78,U2OS-02,4,B02,s1,UNTREATED,negative_control,U2OS,,train
5219,U2OS-02_4_B02_s1_79,U2OS-02,4,B02,s1,UNTREATED,negative_control,U2OS,,train
5220,U2OS-02_4_C05_s1_15,U2OS-02,4,C05,s1,APOBEC2,treated,U2OS,,train
5221,U2OS-02_4_C05_s1_16,U2OS-02,4,C05,s1,APOBEC2,treated,U2OS,,train
5222,U2OS-02_4_C05_s1_18,U2OS-02,4,C05,s1,APOBEC2,treated,U2OS,,train
5223,U2OS-02_4_C05_s1_20,U2OS-02,4,C05,s1,APOBEC2,treated,U2OS,,train
5224,U2OS-02_4_C05_s1_22,U2OS-02,4,C05,s1,APOBEC2,treated,U2OS,,train
5225,U2OS-02_4_C05_s1_23,U2OS-02,4,C05,s1,APOBEC2,treated,U2OS,,train
5226,U2OS-02_4_C05_s1_24,U2OS-02,4,C05,s1,APOBEC2,treated,U2OS,,train
5227,U2OS-02_4_C05_s1_25,U2OS-02,4,C05,s1,APOBEC2,treated,U2OS,,train
5228,U2OS-02_4_C05_s1_26,U2OS-02,4,C05,s1,APOBEC2,treated,U2OS,,train
5229,U2OS-02_4_C05_s1_28,U2OS-02,4,C05,s1,APOBEC2,treated,U2OS,,train
5230,U2OS-02_4_C05_s1_30,U2OS-02,4,C05,s1,APOBEC2,treated,U2OS,,train
5231,U2OS-02_4_C05_s1_31,U2OS-02,4,C05,s1,APOBEC2,treated,U2OS,,train
5232,U2OS-02_4_C05_s1_32,U2OS-02,4,C05,s1,APOBEC2,treated,U2OS,,train
5233,U2OS-02_4_C05_s1_33,U2OS-02,4,C05,s1,APOBEC2,treated,U2OS,,train
5234,U2OS-02_4_C05_s1_39,U2OS-02,4,C05,s1,APOBEC2,treated,U2OS,,train
5235,U2OS-02_4_C05_s1_40,U2OS-02,4,C05,s1,APOBEC2,treated,U2OS,,train
5236,U2OS-02_4_C05_s1_41,U2OS-02,4,C05,s1,APOBEC2,treated,U2OS,,train
5237,U2OS-02_4_C05_s1_42,U2OS-02,4,C05,s1,APOBEC2,treated,U2OS,,train
5238,U2OS-02_4_C05_s1_43,U2OS-02,4,C05,s1,APOBEC2,treated,U2OS,,train
5239,U2OS-02_4_C05_s1_44,U2OS-02,4,C05,s1,APOBEC2,treated,U2OS,,train
5240,U2OS-02_4_C05_s1_45,U2OS-02,4,C05,s1,APOBEC2,treated,U2OS,,train
5241,U2OS-02_4_C05_s1_47,U2OS-02,4,C05,s1,APOBEC2,treated,U2OS,,train
5242,U2OS-02_4_C05_s1_48,U2OS-02,4,C05,s1,APOBEC2,treated,U2OS,,train
5243,U2OS-02_4_C05_s1_51,U2OS-02,4,C05,s1,APOBEC2,treated,U2OS,,train
5244,U2OS-02_4_C05_s1_52,U2OS-02,4,C05,s1,APOBEC2,treated,U2OS,,train
5245,U2OS-02_4_C05_s1_54,U2OS-02,4,C05,s1,APOBEC2,treated,U2OS,,train
5246,U2OS-02_4_C05_s1_55,U2OS-02,4,C05,s1,APOBEC2,treated,U2OS,,train
5247,U2OS-02_4_C05_s1_56,U2OS-02,4,C05,s1,APOBEC2,treated,U2OS,,train
5248,U2OS-02_4_C05_s1_57,U2OS-02,4,C05,s1,APOBEC2,treated,U2OS,,train
5249,U2OS-02_4_C05_s1_58,U2OS-02,4,C05,s1,APOBEC2,treated,U2OS,,train
5250,U2OS-02_4_C05_s1_60,U2OS-02,4,C05,s1,APOBEC2,treated,U2OS,,train
5251,U2OS-02_4_C05_s1_61,U2OS-02,4,C05,s1,APOBEC2,treated,U2OS,,train
5252,U2OS-02_4_C05_s1_63,U2OS-02,4,C05,s1,APOBEC2,treated,U2OS,,train
5253,U2OS-02_4_C05_s1_64,U2OS-02,4,C05,s1,APOBEC2,treated,U2OS,,train
5254,U2OS-02_4_C05_s1_65,U2OS-02,4,C05,s1,APOBEC2,treated,U2OS,,train
5255,U2OS-02_4_C05_s1_67,U2OS-02,4,C05,s1,APOBEC2,treated,U2OS,,train
5256,U2OS-02_4_C05_s1_68,U2OS-02,4,C05,s1,APOBEC2,treated,U2OS,,train
5257,U2OS-02_4_C05_s1_74,U2OS-02,4,C05,s1,APOBEC2,treated,U2OS,,train
5258,U2OS-02_4_C05_s1_75,U2OS-02,4,C05,s1,APOBEC2,treated,U2OS,,train
5259,U2OS-02_4_C05_s1_76,U2OS-02,4,C05,s1,APOBEC2,treated,U2OS,,train
5260,U2OS-02_4_C10_s1_16,U2OS-02,4,C10,s1,ALG3,treated,U2OS,,train
5261,U2OS-02_4_C10_s1_17,U2OS-02,4,C10,s1,ALG3,treated,U2OS,,train
5262,U2OS-02_4_C10_s1_18,U2OS-02,4,C10,s1,ALG3,treated,U2OS,,train
5263,U2OS-02_4_C10_s1_21,U2OS-02,4,C10,s1,ALG3,treated,U2OS,,train
5264,U2OS-02_4_C10_s1_24,U2OS-02,4,C10,s1,ALG3,treated,U2OS,,train
5265,U2OS-02_4_C10_s1_27,U2OS-02,4,C10,s1,ALG3,treated,U2OS,,train
5266,U2OS-02_4_C10_s1_28,U2OS-02,4,C10,s1,ALG3,treated,U2OS,,train
5267,U2OS-02_4_C10_s1_29,U2OS-02,4,C10,s1,ALG3,treated,U2OS,,train
5268,U2OS-02_4_C10_s1_30,U2OS-02,4,C10,s1,ALG3,treated,U2OS,,train
5269,U2OS-02_4_C10_s1_31,U2OS-02,4,C10,s1,ALG3,treated,U2OS,,train
5270,U2OS-02_4_C10_s1_32,U2OS-02,4,C10,s1,ALG3,treated,U2OS,,train
5271,U2OS-02_4_C10_s1_33,U2OS-02,4,C10,s1,ALG3,treated,U2OS,,train
5272,U2OS-02_4_C10_s1_35,U2OS-02,4,C10,s1,ALG3,treated,U2OS,,train
5273,U2OS-02_4_C10_s1_36,U2OS-02,4,C10,s1,ALG3,treated,U2OS,,train
5274,U2OS-02_4_C10_s1_41,U2OS-02,4,C10,s1,ALG3,treated,U2OS,,train
5275,U2OS-02_4_C10_s1_42,U2OS-02,4,C10,s1,ALG3,treated,U2OS,,train
5276,U2OS-02_4_C10_s1_43,U2OS-02,4,C10,s1,ALG3,treated,U2OS,,train
5277,U2OS-02_4_C10_s1_44,U2OS-02,4,C10,s1,ALG3,treated,U2OS,,train
5278,U2OS-02_4_C10_s1_45,U2OS-02,4,C10,s1,ALG3,treated,U2OS,,train
5279,U2OS-02_4_C10_s1_46,U2OS-02,4,C10,s1,ALG3,treated,U2OS,,train
5280,U2OS-02_4_C10_s1_47,U2OS-02,4,C10,s1,ALG3,treated,U2OS,,train
5281,U2OS-02_4_C10_s1_51,U2OS-02,4,C10,s1,ALG3,treated,U2OS,,train
5282,U2OS-02_4_C10_s1_52,U2OS-02,4,C10,s1,ALG3,treated,U2OS,,train
5283,U2OS-02_4_C10_s1_53,U2OS-02,4,C10,s1,ALG3,treated,U2OS,,train
5284,U2OS-02_4_C10_s1_55,U2OS-02,4,C10,s1,ALG3,treated,U2OS,,train
5285,U2OS-02_4_C10_s1_57,U2OS-02,4,C10,s1,ALG3,treated,U2OS,,train
5286,U2OS-02_4_C10_s1_59,U2OS-02,4,C10,s1,ALG3,treated,U2OS,,train
5287,U2OS-02_4_C10_s1_60,U2OS-02,4,C10,s1,ALG3,treated,U2OS,,train
5288,U2OS-02_4_C10_s1_62,U2OS-02,4,C10,s1,ALG3,treated,U2OS,,train
5289,U2OS-02_4_C10_s1_63,U2OS-02,4,C10,s1,ALG3,treated,U2OS,,train
5290,U2OS-02_4_C10_s1_67,U2OS-02,4,C10,s1,ALG3,treated,U2OS,,train
5291,U2OS-02_4_C10_s1_68,U2OS-02,4,C10,s1,ALG3,treated,U2OS,,train
5292,U2OS-02_4_C10_s1_71,U2OS-02,4,C10,s1,ALG3,treated,U2OS,,train
5293,U2OS-02_4_C10_s1_72,U2OS-02,4,C10,s1,ALG3,treated,U2OS,,train
5294,U2OS-02_4_C10_s1_73,U2OS-02,4,C10,s1,ALG3,treated,U2OS,,train
5295,U2OS-02_4_C10_s1_75,U2OS-02,4,C10,s1,ALG3,treated,U2OS,,train
5296,U2OS-02_4_C10_s1_76,U2OS-02,4,C10,s1,ALG3,treated,U2OS,,train
5297,U2OS-02_4_C10_s1_78,U2OS-02,4,C10,s1,ALG3,treated,U2OS,,train
5298,U2OS-02_4_C10_s1_79,U2OS-02,4,C10,s1,ALG3,treated,U2OS,,train
5299,U2OS-02_4_C10_s1_80,U2OS-02,4,C10,s1,ALG3,treated,U2OS,,train
5300,U2OS-02_4_C17_s1_18,U2OS-02,4,C17,s1,ARID3B,treated,U2OS,,train
5301,U2OS-02_4_C17_s1_20,U2OS-02,4,C17,s1,ARID3B,treated,U2OS,,train
5302,U2OS-02_4_C17_s1_21,U2OS-02,4,C17,s1,ARID3B,treated,U2OS,,train
5303,U2OS-02_4_C17_s1_23,U2OS-02,4,C17,s1,ARID3B,treated,U2OS,,train
5304,U2OS-02_4_C17_s1_26,U2OS-02,4,C17,s1,ARID3B,treated,U2OS,,train
5305,U2OS-02_4_C17_s1_27,U2OS-02,4,C17,s1,ARID3B,treated,U2OS,,train
5306,U2OS-02_4_C17_s1_28,U2OS-02,4,C17,s1,ARID3B,treated,U2OS,,train
5307,U2OS-02_4_C17_s1_30,U2OS-02,4,C17,s1,ARID3B,treated,U2OS,,train
5308,U2OS-02_4_C17_s1_31,U2OS-02,4,C17,s1,ARID3B,treated,U2OS,,train
5309,U2OS-02_4_C17_s1_32,U2OS-02,4,C17,s1,ARID3B,treated,U2OS,,train
5310,U2OS-02_4_C17_s1_33,U2OS-02,4,C17,s1,ARID3B,treated,U2OS,,train
5311,U2OS-02_4_C17_s1_35,U2OS-02,4,C17,s1,ARID3B,treated,U2OS,,train
5312,U2OS-02_4_C17_s1_36,U2OS-02,4,C17,s1,ARID3B,treated,U2OS,,train
5313,U2OS-02_4_C17_s1_37,U2OS-02,4,C17,s1,ARID3B,treated,U2OS,,train
5314,U2OS-02_4_C17_s1_44,U2OS-02,4,C17,s1,ARID3B,treated,U2OS,,train
5315,U2OS-02_4_C17_s1_46,U2OS-02,4,C17,s1,ARID3B,treated,U2OS,,train
5316,U2OS-02_4_C17_s1_47,U2OS-02,4,C17,s1,ARID3B,treated,U2OS,,train
5317,U2OS-02_4_C17_s1_48,U2OS-02,4,C17,s1,ARID3B,treated,U2OS,,train
5318,U2OS-02_4_C17_s1_49,U2OS-02,4,C17,s1,ARID3B,treated,U2OS,,train
5319,U2OS-02_4_C17_s1_50,U2OS-02,4,C17,s1,ARID3B,treated,U2OS,,train
5320,U2OS-02_4_C17_s1_51,U2OS-02,4,C17,s1,ARID3B,treated,U2OS,,train
5321,U2OS-02_4_C17_s1_55,U2OS-02,4,C17,s1,ARID3B,treated,U2OS,,train
5322,U2OS-02_4_C17_s1_56,U2OS-02,4,C17,s1,ARID3B,treated,U2OS,,train
5323,U2OS-02_4_C17_s1_57,U2OS-02,4,C17,s1,ARID3B,treated,U2OS,,train
5324,U2OS-02_4_C17_s1_58,U2OS-02,4,C17,s1,ARID3B,treated,U2OS,,train
5325,U2OS-02_4_C17_s1_59,U2OS-02,4,C17,s1,ARID3B,treated,U2OS,,train
5326,U2OS-02_4_C17_s1_60,U2OS-02,4,C17,s1,ARID3B,treated,U2OS,,train
5327,U2OS-02_4_C17_s1_61,U2OS-02,4,C17,s1,ARID3B,treated,U2OS,,train
5328,U2OS-02_4_C17_s1_62,U2OS-02,4,C17,s1,ARID3B,treated,U2OS,,train
5329,U2OS-02_4_C17_s1_63,U2OS-02,4,C17,s1,ARID3B,treated,U2OS,,train
5330,U2OS-02_4_C17_s1_67,U2OS-02,4,C17,s1,ARID3B,treated,U2OS,,train
5331,U2OS-02_4_C17_s1_68,U2OS-02,4,C17,s1,ARID3B,treated,U2OS,,train
5332,U2OS-02_4_C17_s1_71,U2OS-02,4,C17,s1,ARID3B,treated,U2OS,,train
5333,U2OS-02_4_C17_s1_72,U2OS-02,4,C17,s1,ARID3B,treated,U2OS,,train
5334,U2OS-02_4_C17_s1_73,U2OS-02,4,C17,s1,ARID3B,treated,U2OS,,train
5335,U2OS-02_4_C17_s1_76,U2OS-02,4,C17,s1,ARID3B,treated,U2OS,,train
5336,U2OS-02_4_C17_s1_77,U2OS-02,4,C17,s1,ARID3B,treated,U2OS,,train
5337,U2OS-02_4_C17_s1_79,U2OS-02,4,C17,s1,ARID3B,treated,U2OS,,train
5338,U2OS-02_4_C17_s1_81,U2OS-02,4,C17,s1,ARID3B,treated,U2OS,,train
5339,U2OS-02_4_C17_s1_82,U2OS-02,4,C17,s1,ARID3B,treated,U2OS,,train
5340,U2OS-02_4_C20_s1_20,U2OS-02,4,C20,s1,COQ7,treated,U2OS,,train
5341,U2OS-02_4_C20_s1_21,U2OS-02,4,C20,s1,COQ7,treated,U2OS,,train
5342,U2OS-02_4_C20_s1_22,U2OS-02,4,C20,s1,COQ7,treated,U2OS,,train
5343,U2OS-02_4_C20_s1_25,U2OS-02,4,C20,s1,COQ7,treated,U2OS,,train
5344,U2OS-02_4_C20_s1_28,U2OS-02,4,C20,s1,COQ7,treated,U2OS,,train
5345,U2OS-02_4_C20_s1_29,U2OS-02,4,C20,s1,COQ7,treated,U2OS,,train
5346,U2OS-02_4_C20_s1_31,U2OS-02,4,C20,s1,COQ7,treated,U2OS,,train
5347,U2OS-02_4_C20_s1_33,U2OS-02,4,C20,s1,COQ7,treated,U2OS,,train
5348,U2OS-02_4_C20_s1_34,U2OS-02,4,C20,s1,COQ7,treated,U2OS,,train
5349,U2OS-02_4_C20_s1_35,U2OS-02,4,C20,s1,COQ7,treated,U2OS,,train
5350,U2OS-02_4_C20_s1_36,U2OS-02,4,C20,s1,COQ7,treated,U2OS,,train
5351,U2OS-02_4_C20_s1_37,U2OS-02,4,C20,s1,COQ7,treated,U2OS,,train
5352,U2OS-02_4_C20_s1_40,U2OS-02,4,C20,s1,COQ7,treated,U2OS,,train
5353,U2OS-02_4_C20_s1_41,U2OS-02,4,C20,s1,COQ7,treated,U2OS,,train
5354,U2OS-02_4_C20_s1_46,U2OS-02,4,C20,s1,COQ7,treated,U2OS,,train
5355,U2OS-02_4_C20_s1_47,U2OS-02,4,C20,s1,COQ7,treated,U2OS,,train
5356,U2OS-02_4_C20_s1_48,U2OS-02,4,C20,s1,COQ7,treated,U2OS,,train
5357,U2OS-02_4_C20_s1_50,U2OS-02,4,C20,s1,COQ7,treated,U2OS,,train
5358,U2OS-02_4_C20_s1_51,U2OS-02,4,C20,s1,COQ7,treated,U2OS,,train
5359,U2OS-02_4_C20_s1_52,U2OS-02,4,C20,s1,COQ7,treated,U2OS,,train
5360,U2OS-02_4_C20_s1_54,U2OS-02,4,C20,s1,COQ7,treated,U2OS,,train
5361,U2OS-02_4_C20_s1_56,U2OS-02,4,C20,s1,COQ7,treated,U2OS,,train
5362,U2OS-02_4_C20_s1_57,U2OS-02,4,C20,s1,COQ7,treated,U2OS,,train
5363,U2OS-02_4_C20_s1_58,U2OS-02,4,C20,s1,COQ7,treated,U2OS,,train
5364,U2OS-02_4_C20_s1_59,U2OS-02,4,C20,s1,COQ7,treated,U2OS,,train
5365,U2OS-02_4_C20_s1_62,U2OS-02,4,C20,s1,COQ7,treated,U2OS,,train
5366,U2OS-02_4_C20_s1_65,U2OS-02,4,C20,s1,COQ7,treated,U2OS,,train
5367,U2OS-02_4_C20_s1_66,U2OS-02,4,C20,s1,COQ7,treated,U2OS,,train
5368,U2OS-02_4_C20_s1_67,U2OS-02,4,C20,s1,COQ7,treated,U2OS,,train
5369,U2OS-02_4_C20_s1_68,U2OS-02,4,C20,s1,COQ7,treated,U2OS,,train
5370,U2OS-02_4_C20_s1_70,U2OS-02,4,C20,s1,COQ7,treated,U2OS,,train
5371,U2OS-02_4_C20_s1_73,U2OS-02,4,C20,s1,COQ7,treated,U2OS,,train
5372,U2OS-02_4_C20_s1_75,U2OS-02,4,C20,s1,COQ7,treated,U2OS,,train
5373,U2OS-02_4_C20_s1_77,U2OS-02,4,C20,s1,COQ7,treated,U2OS,,train
5374,U2OS-02_4_C20_s1_78,U2OS-02,4,C20,s1,COQ7,treated,U2OS,,train
5375,U2OS-02_4_C20_s1_82,U2OS-02,4,C20,s1,COQ7,treated,U2OS,,train
5376,U2OS-02_4_C20_s1_84,U2OS-02,4,C20,s1,COQ7,treated,U2OS,,train
5377,U2OS-02_4_C20_s1_86,U2OS-02,4,C20,s1,COQ7,treated,U2OS,,train
5378,U2OS-02_4_C20_s1_87,U2OS-02,4,C20,s1,COQ7,treated,U2OS,,train
5379,U2OS-02_4_C20_s1_88,U2OS-02,4,C20,s1,COQ7,treated,U2OS,,train
5380,U2OS-02_4_C23_s1_13,U2OS-02,4,C23,s1,YAP1,treated,U2OS,,train
5381,U2OS-02_4_C23_s1_14,U2OS-02,4,C23,s1,YAP1,treated,U2OS,,train
5382,U2OS-02_4_C23_s1_15,U2OS-02,4,C23,s1,YAP1,treated,U2OS,,train
5383,U2OS-02_4_C23_s1_19,U2OS-02,4,C23,s1,YAP1,treated,U2OS,,train
5384,U2OS-02_4_C23_s1_21,U2OS-02,4,C23,s1,YAP1,treated,U2OS,,train
5385,U2OS-02_4_C23_s1_22,U2OS-02,4,C23,s1,YAP1,treated,U2OS,,train
5386,U2OS-02_4_C23_s1_23,U2OS-02,4,C23,s1,YAP1,treated,U2OS,,train
5387,U2OS-02_4_C23_s1_24,U2OS-02,4,C23,s1,YAP1,treated,U2OS,,train
5388,U2OS-02_4_C23_s1_25,U2OS-02,4,C23,s1,YAP1,treated,U2OS,,train
5389,U2OS-02_4_C23_s1_26,U2OS-02,4,C23,s1,YAP1,treated,U2OS,,train
5390,U2OS-02_4_C23_s1_28,U2OS-02,4,C23,s1,YAP1,treated,U2OS,,train
5391,U2OS-02_4_C23_s1_29,U2OS-02,4,C23,s1,YAP1,treated,U2OS,,train
5392,U2OS-02_4_C23_s1_30,U2OS-02,4,C23,s1,YAP1,treated,U2OS,,train
5393,U2OS-02_4_C23_s1_31,U2OS-02,4,C23,s1,YAP1,treated,U2OS,,train
5394,U2OS-02_4_C23_s1_37,U2OS-02,4,C23,s1,YAP1,treated,U2OS,,train
5395,U2OS-02_4_C23_s1_38,U2OS-02,4,C23,s1,YAP1,treated,U2OS,,train
5396,U2OS-02_4_C23_s1_39,U2OS-02,4,C23,s1,YAP1,treated,U2OS,,train
5397,U2OS-02_4_C23_s1_40,U2OS-02,4,C23,s1,YAP1,treated,U2OS,,train
5398,U2OS-02_4_C23_s1_41,U2OS-02,4,C23,s1,YAP1,treated,U2OS,,train
5399,U2OS-02_4_C23_s1_42,U2OS-02,4,C23,s1,YAP1,treated,U2OS,,train
5400,U2OS-02_4_C23_s1_44,U2OS-02,4,C23,s1,YAP1,treated,U2OS,,train
5401,U2OS-02_4_C23_s1_46,U2OS-02,4,C23,s1,YAP1,treated,U2OS,,train
5402,U2OS-02_4_C23_s1_48,U2OS-02,4,C23,s1,YAP1,treated,U2OS,,train
5403,U2OS-02_4_C23_s1_51,U2OS-02,4,C23,s1,YAP1,treated,U2OS,,train
5404,U2OS-02_4_C23_s1_52,U2OS-02,4,C23,s1,YAP1,treated,U2OS,,train
5405,U2OS-02_4_C23_s1_53,U2OS-02,4,C23,s1,YAP1,treated,U2OS,,train
5406,U2OS-02_4_C23_s1_54,U2OS-02,4,C23,s1,YAP1,treated,U2OS,,train
5407,U2OS-02_4_C23_s1_55,U2OS-02,4,C23,s1,YAP1,treated,U2OS,,train
5408,U2OS-02_4_C23_s1_56,U2OS-02,4,C23,s1,YAP1,treated,U2OS,,train
5409,U2OS-02_4_C23_s1_57,U2OS-02,4,C23,s1,YAP1,treated,U2OS,,train
5410,U2OS-02_4_C23_s1_59,U2OS-02,4,C23,s1,YAP1,treated,U2OS,,train
5411,U2OS-02_4_C23_s1_60,U2OS-02,4,C23,s1,YAP1,treated,U2OS,,train
5412,U2OS-02_4_C23_s1_65,U2OS-02,4,C23,s1,YAP1,treated,U2OS,,train
5413,U2OS-02_4_C23_s1_66,U2OS-02,4,C23,s1,YAP1,treated,U2OS,,train
5414,U2OS-02_4_C23_s1_68,U2OS-02,4,C23,s1,YAP1,treated,U2OS,,train
5415,U2OS-02_4_C23_s1_71,U2OS-02,4,C23,s1,YAP1,treated,U2OS,,train
5416,U2OS-02_4_C23_s1_72,U2OS-02,4,C23,s1,YAP1,treated,U2OS,,train
5417,U2OS-02_4_C23_s1_74,U2OS-02,4,C23,s1,YAP1,treated,U2OS,,train
5418,U2OS-02_4_C23_s2_14,U2OS-02,4,C23,s2,YAP1,treated,U2OS,,train
5419,U2OS-02_4_C23_s2_15,U2OS-02,4,C23,s2,YAP1,treated,U2OS,,train
5420,U2OS-02_4_D02_s1_15,U2OS-02,4,D02,s1,CDIPT,treated,U2OS,,train
5421,U2OS-02_4_D02_s1_17,U2OS-02,4,D02,s1,CDIPT,treated,U2OS,,train
5422,U2OS-02_4_D02_s1_18,U2OS-02,4,D02,s1,CDIPT,treated,U2OS,,train
5423,U2OS-02_4_D02_s1_20,U2OS-02,4,D02,s1,CDIPT,treated,U2OS,,train
5424,U2OS-02_4_D02_s1_23,U2OS-02,4,D02,s1,CDIPT,treated,U2OS,,train
5425,U2OS-02_4_D02_s1_24,U2OS-02,4,D02,s1,CDIPT,treated,U2OS,,train
5426,U2OS-02_4_D02_s1_25,U2OS-02,4,D02,s1,CDIPT,treated,U2OS,,train
5427,U2OS-02_4_D02_s1_27,U2OS-02,4,D02,s1,CDIPT,treated,U2OS,,train
5428,U2OS-02_4_D02_s1_28,U2OS-02,4,D02,s1,CDIPT,treated,U2OS,,train
5429,U2OS-02_4_D02_s1_29,U2OS-02,4,D02,s1,CDIPT,treated,U2OS,,train
5430,U2OS-02_4_D02_s1_30,U2OS-02,4,D02,s1,CDIPT,treated,U2OS,,train
5431,U2OS-02_4_D02_s1_31,U2OS-02,4,D02,s1,CDIPT,treated,U2OS,,train
5432,U2OS-02_4_D02_s1_32,U2OS-02,4,D02,s1,CDIPT,treated,U2OS,,train
5433,U2OS-02_4_D02_s1_33,U2OS-02,4,D02,s1,CDIPT,treated,U2OS,,train
5434,U2OS-02_4_D02_s1_40,U2OS-02,4,D02,s1,CDIPT,treated,U2OS,,train
5435,U2OS-02_4_D02_s1_41,U2OS-02,4,D02,s1,CDIPT,treated,U2OS,,train
5436,U2OS-02_4_D02_s1_42,U2OS-02,4,D02,s1,CDIPT,treated,U2OS,,train
5437,U2OS-02_4_D02_s1_43,U2OS-02,4,D02,s1,CDIPT,treated,U2OS,,train
5438,U2OS-02_4_D02_s1_44,U2OS-02,4,D02,s1,CDIPT,treated,U2OS,,train
5439,U2OS-02_4_D02_s1_45,U2OS-02,4,D02,s1,CDIPT,treated,U2OS,,train
5440,U2OS-02_4_D02_s1_46,U2OS-02,4,D02,s1,CDIPT,treated,U2OS,,train
5441,U2OS-02_4_D02_s1_48,U2OS-02,4,D02,s1,CDIPT,treated,U2OS,,train
5442,U2OS-02_4_D02_s1_50,U2OS-02,4,D02,s1,CDIPT,treated,U2OS,,train
5443,U2OS-02_4_D02_s1_51,U2OS-02,4,D02,s1,CDIPT,treated,U2OS,,train
5444,U2OS-02_4_D02_s1_52,U2OS-02,4,D02,s1,CDIPT,treated,U2OS,,train
5445,U2OS-02_4_D02_s1_53,U2OS-02,4,D02,s1,CDIPT,treated,U2OS,,train
5446,U2OS-02_4_D02_s1_55,U2OS-02,4,D02,s1,CDIPT,treated,U2OS,,train
5447,U2OS-02_4_D02_s1_56,U2OS-02,4,D02,s1,CDIPT,treated,U2OS,,train
5448,U2OS-02_4_D02_s1_57,U2OS-02,4,D02,s1,CDIPT,treated,U2OS,,train
5449,U2OS-02_4_D02_s1_59,U2OS-02,4,D02,s1,CDIPT,treated,U2OS,,train
5450,U2OS-02_4_D02_s1_63,U2OS-02,4,D02,s1,CDIPT,treated,U2OS,,train
5451,U2OS-02_4_D02_s1_64,U2OS-02,4,D02,s1,CDIPT,treated,U2OS,,train
5452,U2OS-02_4_D02_s1_66,U2OS-02,4,D02,s1,CDIPT,treated,U2OS,,train
5453,U2OS-02_4_D02_s1_67,U2OS-02,4,D02,s1,CDIPT,treated,U2OS,,train
5454,U2OS-02_4_D02_s1_69,U2OS-02,4,D02,s1,CDIPT,treated,U2OS,,train
5455,U2OS-02_4_D02_s1_72,U2OS-02,4,D02,s1,CDIPT,treated,U2OS,,train
5456,U2OS-02_4_D02_s1_73,U2OS-02,4,D02,s1,CDIPT,treated,U2OS,,train
5457,U2OS-02_4_D02_s1_75,U2OS-02,4,D02,s1,CDIPT,treated,U2OS,,train
5458,U2OS-02_4_D02_s1_76,U2OS-02,4,D02,s1,CDIPT,treated,U2OS,,train
5459,U2OS-02_4_D02_s1_77,U2OS-02,4,D02,s1,CDIPT,treated,U2OS,,train
5460,U2OS-02_4_D22_s1_9,U2OS-02,4,D22,s1,RAB40B,treated,U2OS,,train
5461,U2OS-02_4_D22_s1_10,U2OS-02,4,D22,s1,RAB40B,treated,U2OS,,train
5462,U2OS-02_4_D22_s1_12,U2OS-02,4,D22,s1,RAB40B,treated,U2OS,,train
5463,U2OS-02_4_D22_s1_14,U2OS-02,4,D22,s1,RAB40B,treated,U2OS,,train
5464,U2OS-02_4_D22_s1_16,U2OS-02,4,D22,s1,RAB40B,treated,U2OS,,train
5465,U2OS-02_4_D22_s1_17,U2OS-02,4,D22,s1,RAB40B,treated,U2OS,,train
5466,U2OS-02_4_D22_s1_18,U2OS-02,4,D22,s1,RAB40B,treated,U2OS,,train
5467,U2OS-02_4_D22_s1_19,U2OS-02,4,D22,s1,RAB40B,treated,U2OS,,train
5468,U2OS-02_4_D22_s1_20,U2OS-02,4,D22,s1,RAB40B,treated,U2OS,,train
5469,U2OS-02_4_D22_s1_23,U2OS-02,4,D22,s1,RAB40B,treated,U2OS,,train
5470,U2OS-02_4_D22_s1_24,U2OS-02,4,D22,s1,RAB40B,treated,U2OS,,train
5471,U2OS-02_4_D22_s1_26,U2OS-02,4,D22,s1,RAB40B,treated,U2OS,,train
5472,U2OS-02_4_D22_s1_27,U2OS-02,4,D22,s1,RAB40B,treated,U2OS,,train
5473,U2OS-02_4_D22_s1_31,U2OS-02,4,D22,s1,RAB40B,treated,U2OS,,train
5474,U2OS-02_4_D22_s1_37,U2OS-02,4,D22,s1,RAB40B,treated,U2OS,,train
5475,U2OS-02_4_D22_s1_38,U2OS-02,4,D22,s1,RAB40B,treated,U2OS,,train
5476,U2OS-02_4_D22_s1_39,U2OS-02,4,D22,s1,RAB40B,treated,U2OS,,train
5477,U2OS-02_4_D22_s1_41,U2OS-02,4,D22,s1,RAB40B,treated,U2OS,,train
5478,U2OS-02_4_D22_s1_42,U2OS-02,4,D22,s1,RAB40B,treated,U2OS,,train
5479,U2OS-02_4_D22_s1_43,U2OS-02,4,D22,s1,RAB40B,treated,U2OS,,train
5480,U2OS-02_4_D22_s1_44,U2OS-02,4,D22,s1,RAB40B,treated,U2OS,,train
5481,U2OS-02_4_D22_s1_47,U2OS-02,4,D22,s1,RAB40B,treated,U2OS,,train
5482,U2OS-02_4_D22_s1_49,U2OS-02,4,D22,s1,RAB40B,treated,U2OS,,train
5483,U2OS-02_4_D22_s1_51,U2OS-02,4,D22,s1,RAB40B,treated,U2OS,,train
5484,U2OS-02_4_D22_s1_52,U2OS-02,4,D22,s1,RAB40B,treated,U2OS,,train
5485,U2OS-02_4_D22_s1_53,U2OS-02,4,D22,s1,RAB40B,treated,U2OS,,train
5486,U2OS-02_4_D22_s1_54,U2OS-02,4,D22,s1,RAB40B,treated,U2OS,,train
5487,U2OS-02_4_D22_s1_55,U2OS-02,4,D22,s1,RAB40B,treated,U2OS,,train
5488,U2OS-02_4_D22_s1_57,U2OS-02,4,D22,s1,RAB40B,treated,U2OS,,train
5489,U2OS-02_4_D22_s1_58,U2OS-02,4,D22,s1,RAB40B,treated,U2OS,,train
5490,U2OS-02_4_D22_s1_62,U2OS-02,4,D22,s1,RAB40B,treated,U2OS,,train
5491,U2OS-02_4_D22_s1_63,U2OS-02,4,D22,s1,RAB40B,treated,U2OS,,train
5492,U2OS-02_4_D22_s1_66,U2OS-02,4,D22,s1,RAB40B,treated,U2OS,,train
5493,U2OS-02_4_D22_s1_67,U2OS-02,4,D22,s1,RAB40B,treated,U2OS,,train
5494,U2OS-02_4_D22_s1_68,U2OS-02,4,D22,s1,RAB40B,treated,U2OS,,train
5495,U2OS-02_4_D22_s1_72,U2OS-02,4,D22,s1,RAB40B,treated,U2OS,,train
5496,U2OS-02_4_D22_s1_73,U2OS-02,4,D22,s1,RAB40B,treated,U2OS,,train
5497,U2OS-02_4_D22_s1_76,U2OS-02,4,D22,s1,RAB40B,treated,U2OS,,train
5498,U2OS-02_4_D22_s1_78,U2OS-02,4,D22,s1,RAB40B,treated,U2OS,,train
5499,U2OS-02_4_D22_s1_79,U2OS-02,4,D22,s1,RAB40B,treated,U2OS,,train
5500,U2OS-02_4_E06_s1_2,U2OS-02,4,E06,s1,B3GNT2,treated,U2OS,,train
5501,U2OS-02_4_E06_s1_13,U2OS-02,4,E06,s1,B3GNT2,treated,U2OS,,train
5502,U2OS-02_4_E06_s1_14,U2OS-02,4,E06,s1,B3GNT2,treated,U2OS,,train
5503,U2OS-02_4_E06_s1_16,U2OS-02,4,E06,s1,B3GNT2,treated,U2OS,,train
5504,U2OS-02_4_E06_s1_19,U2OS-02,4,E06,s1,B3GNT2,treated,U2OS,,train
5505,U2OS-02_4_E06_s1_20,U2OS-02,4,E06,s1,B3GNT2,treated,U2OS,,train
5506,U2OS-02_4_E06_s1_25,U2OS-02,4,E06,s1,B3GNT2,treated,U2OS,,train
5507,U2OS-02_4_E06_s1_26,U2OS-02,4,E06,s1,B3GNT2,treated,U2OS,,train
5508,U2OS-02_4_E06_s1_27,U2OS-02,4,E06,s1,B3GNT2,treated,U2OS,,train
5509,U2OS-02_4_E06_s1_28,U2OS-02,4,E06,s1,B3GNT2,treated,U2OS,,train
5510,U2OS-02_4_E06_s1_29,U2OS-02,4,E06,s1,B3GNT2,treated,U2OS,,train
5511,U2OS-02_4_E06_s1_30,U2OS-02,4,E06,s1,B3GNT2,treated,U2OS,,train
5512,U2OS-02_4_E06_s1_31,U2OS-02,4,E06,s1,B3GNT2,treated,U2OS,,train
5513,U2OS-02_4_E06_s1_33,U2OS-02,4,E06,s1,B3GNT2,treated,U2OS,,train
5514,U2OS-02_4_E06_s1_40,U2OS-02,4,E06,s1,B3GNT2,treated,U2OS,,train
5515,U2OS-02_4_E06_s1_41,U2OS-02,4,E06,s1,B3GNT2,treated,U2OS,,train
5516,U2OS-02_4_E06_s1_42,U2OS-02,4,E06,s1,B3GNT2,treated,U2OS,,train
5517,U2OS-02_4_E06_s1_43,U2OS-02,4,E06,s1,B3GNT2,treated,U2OS,,train
5518,U2OS-02_4_E06_s1_44,U2OS-02,4,E06,s1,B3GNT2,treated,U2OS,,train
5519,U2OS-02_4_E06_s1_47,U2OS-02,4,E06,s1,B3GNT2,treated,U2OS,,train
5520,U2OS-02_4_E06_s1_48,U2OS-02,4,E06,s1,B3GNT2,treated,U2OS,,train
5521,U2OS-02_4_E06_s1_50,U2OS-02,4,E06,s1,B3GNT2,treated,U2OS,,train
5522,U2OS-02_4_E06_s1_51,U2OS-02,4,E06,s1,B3GNT2,treated,U2OS,,train
5523,U2OS-02_4_E06_s1_52,U2OS-02,4,E06,s1,B3GNT2,treated,U2OS,,train
5524,U2OS-02_4_E06_s1_53,U2OS-02,4,E06,s1,B3GNT2,treated,U2OS,,train
5525,U2OS-02_4_E06_s1_54,U2OS-02,4,E06,s1,B3GNT2,treated,U2OS,,train
5526,U2OS-02_4_E06_s1_55,U2OS-02,4,E06,s1,B3GNT2,treated,U2OS,,train
5527,U2OS-02_4_E06_s1_56,U2OS-02,4,E06,s1,B3GNT2,treated,U2OS,,train
5528,U2OS-02_4_E06_s1_57,U2OS-02,4,E06,s1,B3GNT2,treated,U2OS,,train
5529,U2OS-02_4_E06_s1_58,U2OS-02,4,E06,s1,B3GNT2,treated,U2OS,,train
5530,U2OS-02_4_E06_s1_62,U2OS-02,4,E06,s1,B3GNT2,treated,U2OS,,train
5531,U2OS-02_4_E06_s1_63,U2OS-02,4,E06,s1,B3GNT2,treated,U2OS,,train
5532,U2OS-02_4_E06_s1_65,U2OS-02,4,E06,s1,B3GNT2,treated,U2OS,,train
5533,U2OS-02_4_E06_s1_66,U2OS-02,4,E06,s1,B3GNT2,treated,U2OS,,train
5534,U2OS-02_4_E06_s1_67,U2OS-02,4,E06,s1,B3GNT2,treated,U2OS,,train
5535,U2OS-02_4_E06_s1_69,U2OS-02,4,E06,s1,B3GNT2,treated,U2OS,,train
5536,U2OS-02_4_E06_s1_70,U2OS-02,4,E06,s1,B3GNT2,treated,U2OS,,train
5537,U2OS-02_4_E06_s1_72,U2OS-02,4,E06,s1,B3GNT2,treated,U2OS,,train
5538,U2OS-02_4_E06_s1_73,U2OS-02,4,E06,s1,B3GNT2,treated,U2OS,,train
5539,U2OS-02_4_E06_s1_74,U2OS-02,4,E06,s1,B3GNT2,treated,U2OS,,train
5540,U2OS-02_4_F02_s1_9,U2OS-02,4,F02,s1,TRIM3,treated,U2OS,,train
5541,U2OS-02_4_F02_s1_10,U2OS-02,4,F02,s1,TRIM3,treated,U2OS,,train
5542,U2OS-02_4_F02_s1_11,U2OS-02,4,F02,s1,TRIM3,treated,U2OS,,train
5543,U2OS-02_4_F02_s1_14,U2OS-02,4,F02,s1,TRIM3,treated,U2OS,,train
5544,U2OS-02_4_F02_s1_17,U2OS-02,4,F02,s1,TRIM3,treated,U2OS,,train
5545,U2OS-02_4_F02_s1_18,U2OS-02,4,F02,s1,TRIM3,treated,U2OS,,train
5546,U2OS-02_4_F02_s1_19,U2OS-02,4,F02,s1,TRIM3,treated,U2OS,,train
5547,U2OS-02_4_F02_s1_21,U2OS-02,4,F02,s1,TRIM3,treated,U2OS,,train
5548,U2OS-02_4_F02_s1_22,U2OS-02,4,F02,s1,TRIM3,treated,U2OS,,train
5549,U2OS-02_4_F02_s1_23,U2OS-02,4,F02,s1,TRIM3,treated,U2OS,,train
5550,U2OS-02_4_F02_s1_24,U2OS-02,4,F02,s1,TRIM3,treated,U2OS,,train
5551,U2OS-02_4_F02_s1_25,U2OS-02,4,F02,s1,TRIM3,treated,U2OS,,train
5552,U2OS-02_4_F02_s1_27,U2OS-02,4,F02,s1,TRIM3,treated,U2OS,,train
5553,U2OS-02_4_F02_s1_28,U2OS-02,4,F02,s1,TRIM3,treated,U2OS,,train
5554,U2OS-02_4_F02_s1_33,U2OS-02,4,F02,s1,TRIM3,treated,U2OS,,train
5555,U2OS-02_4_F02_s1_34,U2OS-02,4,F02,s1,TRIM3,treated,U2OS,,train
5556,U2OS-02_4_F02_s1_35,U2OS-02,4,F02,s1,TRIM3,treated,U2OS,,train
5557,U2OS-02_4_F02_s1_36,U2OS-02,4,F02,s1,TRIM3,treated,U2OS,,train
5558,U2OS-02_4_F02_s1_37,U2OS-02,4,F02,s1,TRIM3,treated,U2OS,,train
5559,U2OS-02_4_F02_s1_38,U2OS-02,4,F02,s1,TRIM3,treated,U2OS,,train
5560,U2OS-02_4_F02_s1_41,U2OS-02,4,F02,s1,TRIM3,treated,U2OS,,train
5561,U2OS-02_4_F02_s2_8,U2OS-02,4,F02,s2,TRIM3,treated,U2OS,,train
5562,U2OS-02_4_F02_s2_9,U2OS-02,4,F02,s2,TRIM3,treated,U2OS,,train
5563,U2OS-02_4_F02_s2_10,U2OS-02,4,F02,s2,TRIM3,treated,U2OS,,train
5564,U2OS-02_4_F02_s2_11,U2OS-02,4,F02,s2,TRIM3,treated,U2OS,,train
5565,U2OS-02_4_F02_s2_13,U2OS-02,4,F02,s2,TRIM3,treated,U2OS,,train
5566,U2OS-02_4_F02_s2_14,U2OS-02,4,F02,s2,TRIM3,treated,U2OS,,train
5567,U2OS-02_4_F02_s2_15,U2OS-02,4,F02,s2,TRIM3,treated,U2OS,,train
5568,U2OS-02_4_F02_s2_16,U2OS-02,4,F02,s2,TRIM3,treated,U2OS,,train
5569,U2OS-02_4_F02_s2_17,U2OS-02,4,F02,s2,TRIM3,treated,U2OS,,train
5570,U2OS-02_4_F02_s2_19,U2OS-02,4,F02,s2,TRIM3,treated,U2OS,,train
5571,U2OS-02_4_F02_s2_20,U2OS-02,4,F02,s2,TRIM3,treated,U2OS,,train
5572,U2OS-02_4_F02_s2_24,U2OS-02,4,F02,s2,TRIM3,treated,U2OS,,train
5573,U2OS-02_4_F02_s2_25,U2OS-02,4,F02,s2,TRIM3,treated,U2OS,,train
5574,U2OS-02_4_F02_s2_27,U2OS-02,4,F02,s2,TRIM3,treated,U2OS,,train
5575,U2OS-02_4_F02_s2_29,U2OS-02,4,F02,s2,TRIM3,treated,U2OS,,train
5576,U2OS-02_4_F02_s2_30,U2OS-02,4,F02,s2,TRIM3,treated,U2OS,,train
5577,U2OS-02_4_F02_s2_33,U2OS-02,4,F02,s2,TRIM3,treated,U2OS,,train
5578,U2OS-02_4_F02_s2_34,U2OS-02,4,F02,s2,TRIM3,treated,U2OS,,train
5579,U2OS-02_4_F02_s2_35,U2OS-02,4,F02,s2,TRIM3,treated,U2OS,,train
5580,U2OS-02_4_G12_s1_14,U2OS-02,4,G12,s1,SEMA4F,treated,U2OS,,train
5581,U2OS-02_4_G12_s1_17,U2OS-02,4,G12,s1,SEMA4F,treated,U2OS,,train
5582,U2OS-02_4_G12_s1_18,U2OS-02,4,G12,s1,SEMA4F,treated,U2OS,,train
5583,U2OS-02_4_G12_s1_20,U2OS-02,4,G12,s1,SEMA4F,treated,U2OS,,train
5584,U2OS-02_4_G12_s1_23,U2OS-02,4,G12,s1,SEMA4F,treated,U2OS,,train
5585,U2OS-02_4_G12_s1_24,U2OS-02,4,G12,s1,SEMA4F,treated,U2OS,,train
5586,U2OS-02_4_G12_s1_25,U2OS-02,4,G12,s1,SEMA4F,treated,U2OS,,train
5587,U2OS-02_4_G12_s1_26,U2OS-02,4,G12,s1,SEMA4F,treated,U2OS,,train
5588,U2OS-02_4_G12_s1_28,U2OS-02,4,G12,s1,SEMA4F,treated,U2OS,,train
5589,U2OS-02_4_G12_s1_29,U2OS-02,4,G12,s1,SEMA4F,treated,U2OS,,train
5590,U2OS-02_4_G12_s1_31,U2OS-02,4,G12,s1,SEMA4F,treated,U2OS,,train
5591,U2OS-02_4_G12_s1_32,U2OS-02,4,G12,s1,SEMA4F,treated,U2OS,,train
5592,U2OS-02_4_G12_s1_34,U2OS-02,4,G12,s1,SEMA4F,treated,U2OS,,train
5593,U2OS-02_4_G12_s1_35,U2OS-02,4,G12,s1,SEMA4F,treated,U2OS,,train
5594,U2OS-02_4_G12_s1_41,U2OS-02,4,G12,s1,SEMA4F,treated,U2OS,,train
5595,U2OS-02_4_G12_s1_42,U2OS-02,4,G12,s1,SEMA4F,treated,U2OS,,train
5596,U2OS-02_4_G12_s1_43,U2OS-02,4,G12,s1,SEMA4F,treated,U2OS,,train
5597,U2OS-02_4_G12_s1_45,U2OS-02,4,G12,s1,SEMA4F,treated,U2OS,,train
5598,U2OS-02_4_G12_s1_47,U2OS-02,4,G12,s1,SEMA4F,treated,U2OS,,train
5599,U2OS-02_4_G12_s1_48,U2OS-02,4,G12,s1,SEMA4F,treated,U2OS,,train
5600,U2OS-02_4_G12_s1_49,U2OS-02,4,G12,s1,SEMA4F,treated,U2OS,,train
5601,U2OS-02_4_G12_s1_53,U2OS-02,4,G12,s1,SEMA4F,treated,U2OS,,train
5602,U2OS-02_4_G12_s1_54,U2OS-02,4,G12,s1,SEMA4F,treated,U2OS,,train
5603,U2OS-02_4_G12_s1_57,U2OS-02,4,G12,s1,SEMA4F,treated,U2OS,,train
5604,U2OS-02_4_G12_s1_58,U2OS-02,4,G12,s1,SEMA4F,treated,U2OS,,train
5605,U2OS-02_4_G12_s1_59,U2OS-02,4,G12,s1,SEMA4F,treated,U2OS,,train
5606,U2OS-02_4_G12_s1_60,U2OS-02,4,G12,s1,SEMA4F,treated,U2OS,,train
5607,U2OS-02_4_G12_s1_61,U2OS-02,4,G12,s1,SEMA4F,treated,U2OS,,train
5608,U2OS-02_4_G12_s1_62,U2OS-02,4,G12,s1,SEMA4F,treated,U2OS,,train
5609,U2OS-02_4_G12_s1_64,U2OS-02,4,G12,s1,SEMA4F,treated,U2OS,,train
5610,U2OS-02_4_G12_s1_66,U2OS-02,4,G12,s1,SEMA4F,treated,U2OS,,train
5611,U2OS-02_4_G12_s1_67,U2OS-02,4,G12,s1,SEMA4F,treated,U2OS,,train
5612,U2OS-02_4_G12_s1_69,U2OS-02,4,G12,s1,SEMA4F,treated,U2OS,,train
5613,U2OS-02_4_G12_s1_72,U2OS-02,4,G12,s1,SEMA4F,treated,U2OS,,train
5614,U2OS-02_4_G12_s1_73,U2OS-02,4,G12,s1,SEMA4F,treated,U2OS,,train
5615,U2OS-02_4_G12_s1_76,U2OS-02,4,G12,s1,SEMA4F,treated,U2OS,,train
5616,U2OS-02_4_G12_s1_77,U2OS-02,4,G12,s1,SEMA4F,treated,U2OS,,train
5617,U2OS-02_4_G12_s1_80,U2OS-02,4,G12,s1,SEMA4F,treated,U2OS,,train
5618,U2OS-02_4_G12_s1_81,U2OS-02,4,G12,s1,SEMA4F,treated,U2OS,,train
5619,U2OS-02_4_G12_s1_82,U2OS-02,4,G12,s1,SEMA4F,treated,U2OS,,train
5620,U2OS-02_4_H09_s1_14,U2OS-02,4,H09,s1,ABCC4,treated,U2OS,,train
5621,U2OS-02_4_H09_s1_16,U2OS-02,4,H09,s1,ABCC4,treated,U2OS,,train
5622,U2OS-02_4_H09_s1_17,U2OS-02,4,H09,s1,ABCC4,treated,U2OS,,train
5623,U2OS-02_4_H09_s1_19,U2OS-02,4,H09,s1,ABCC4,treated,U2OS,,train
5624,U2OS-02_4_H09_s1_21,U2OS-02,4,H09,s1,ABCC4,treated,U2OS,,train
5625,U2OS-02_4_H09_s1_23,U2OS-02,4,H09,s1,ABCC4,treated,U2OS,,train
5626,U2OS-02_4_H09_s1_24,U2OS-02,4,H09,s1,ABCC4,treated,U2OS,,train
5627,U2OS-02_4_H09_s1_25,U2OS-02,4,H09,s1,ABCC4,treated,U2OS,,train
5628,U2OS-02_4_H09_s1_26,U2OS-02,4,H09,s1,ABCC4,treated,U2OS,,train
5629,U2OS-02_4_H09_s1_29,U2OS-02,4,H09,s1,ABCC4,treated,U2OS,,train
5630,U2OS-02_4_H09_s1_30,U2OS-02,4,H09,s1,ABCC4,treated,U2OS,,train
5631,U2OS-02_4_H09_s1_31,U2OS-02,4,H09,s1,ABCC4,treated,U2OS,,train
5632,U2OS-02_4_H09_s1_33,U2OS-02,4,H09,s1,ABCC4,treated,U2OS,,train
5633,U2OS-02_4_H09_s1_34,U2OS-02,4,H09,s1,ABCC4,treated,U2OS,,train
5634,U2OS-02_4_H09_s1_38,U2OS-02,4,H09,s1,ABCC4,treated,U2OS,,train
5635,U2OS-02_4_H09_s1_39,U2OS-02,4,H09,s1,ABCC4,treated,U2OS,,train
5636,U2OS-02_4_H09_s1_40,U2OS-02,4,H09,s1,ABCC4,treated,U2OS,,train
5637,U2OS-02_4_H09_s1_41,U2OS-02,4,H09,s1,ABCC4,treated,U2OS,,train
5638,U2OS-02_4_H09_s1_42,U2OS-02,4,H09,s1,ABCC4,treated,U2OS,,train
5639,U2OS-02_4_H09_s1_44,U2OS-02,4,H09,s1,ABCC4,treated,U2OS,,train
5640,U2OS-02_4_H09_s1_45,U2OS-02,4,H09,s1,ABCC4,treated,U2OS,,train
5641,U2OS-02_4_H09_s1_47,U2OS-02,4,H09,s1,ABCC4,treated,U2OS,,train
5642,U2OS-02_4_H09_s1_49,U2OS-02,4,H09,s1,ABCC4,treated,U2OS,,train
5643,U2OS-02_4_H09_s1_50,U2OS-02,4,H09,s1,ABCC4,treated,U2OS,,train
5644,U2OS-02_4_H09_s1_51,U2OS-02,4,H09,s1,ABCC4,treated,U2OS,,train
5645,U2OS-02_4_H09_s1_53,U2OS-02,4,H09,s1,ABCC4,treated,U2OS,,train
5646,U2OS-02_4_H09_s1_55,U2OS-02,4,H09,s1,ABCC4,treated,U2OS,,train
5647,U2OS-02_4_H09_s1_57,U2OS-02,4,H09,s1,ABCC4,treated,U2OS,,train
5648,U2OS-02_4_H09_s1_59,U2OS-02,4,H09,s1,ABCC4,treated,U2OS,,train
5649,U2OS-02_4_H09_s1_60,U2OS-02,4,H09,s1,ABCC4,treated,U2OS,,train
5650,U2OS-02_4_H09_s1_62,U2OS-02,4,H09,s1,ABCC4,treated,U2OS,,train
5651,U2OS-02_4_H09_s1_63,U2OS-02,4,H09,s1,ABCC4,treated,U2OS,,train
5652,U2OS-02_4_H09_s1_66,U2OS-02,4,H09,s1,ABCC4,treated,U2OS,,train
5653,U2OS-02_4_H09_s1_68,U2OS-02,4,H09,s1,ABCC4,treated,U2OS,,train
5654,U2OS-02_4_H09_s1_69,U2OS-02,4,H09,s1,ABCC4,treated,U2OS,,train
5655,U2OS-02_4_H09_s1_72,U2OS-02,4,H09,s1,ABCC4,treated,U2OS,,train
5656,U2OS-02_4_H09_s1_73,U2OS-02,4,H09,s1,ABCC4,treated,U2OS,,train
5657,U2OS-02_4_H09_s1_75,U2OS-02,4,H09,s1,ABCC4,treated,U2OS,,train
5658,U2OS-02_4_H09_s1_77,U2OS-02,4,H09,s1,ABCC4,treated,U2OS,,train
5659,U2OS-02_4_H09_s1_78,U2OS-02,4,H09,s1,ABCC4,treated,U2OS,,train
5660,U2OS-02_4_I08_s1_7,U2OS-02,4,I08,s1,TRIM28,treated,U2OS,,train
5661,U2OS-02_4_I08_s1_9,U2OS-02,4,I08,s1,TRIM28,treated,U2OS,,train
5662,U2OS-02_4_I08_s1_12,U2OS-02,4,I08,s1,TRIM28,treated,U2OS,,train
5663,U2OS-02_4_I08_s1_15,U2OS-02,4,I08,s1,TRIM28,treated,U2OS,,train
5664,U2OS-02_4_I08_s1_17,U2OS-02,4,I08,s1,TRIM28,treated,U2OS,,train
5665,U2OS-02_4_I08_s1_19,U2OS-02,4,I08,s1,TRIM28,treated,U2OS,,train
5666,U2OS-02_4_I08_s1_21,U2OS-02,4,I08,s1,TRIM28,treated,U2OS,,train
5667,U2OS-02_4_I08_s1_22,U2OS-02,4,I08,s1,TRIM28,treated,U2OS,,train
5668,U2OS-02_4_I08_s1_23,U2OS-02,4,I08,s1,TRIM28,treated,U2OS,,train
5669,U2OS-02_4_I08_s1_24,U2OS-02,4,I08,s1,TRIM28,treated,U2OS,,train
5670,U2OS-02_4_I08_s1_25,U2OS-02,4,I08,s1,TRIM28,treated,U2OS,,train
5671,U2OS-02_4_I08_s1_26,U2OS-02,4,I08,s1,TRIM28,treated,U2OS,,train
5672,U2OS-02_4_I08_s1_27,U2OS-02,4,I08,s1,TRIM28,treated,U2OS,,train
5673,U2OS-02_4_I08_s1_28,U2OS-02,4,I08,s1,TRIM28,treated,U2OS,,train
5674,U2OS-02_4_I08_s1_33,U2OS-02,4,I08,s1,TRIM28,treated,U2OS,,train
5675,U2OS-02_4_I08_s1_34,U2OS-02,4,I08,s1,TRIM28,treated,U2OS,,train
5676,U2OS-02_4_I08_s1_35,U2OS-02,4,I08,s1,TRIM28,treated,U2OS,,train
5677,U2OS-02_4_I08_s1_37,U2OS-02,4,I08,s1,TRIM28,treated,U2OS,,train
5678,U2OS-02_4_I08_s1_38,U2OS-02,4,I08,s1,TRIM28,treated,U2OS,,train
5679,U2OS-02_4_I08_s1_39,U2OS-02,4,I08,s1,TRIM28,treated,U2OS,,train
5680,U2OS-02_4_I08_s1_41,U2OS-02,4,I08,s1,TRIM28,treated,U2OS,,train
5681,U2OS-02_4_I08_s1_43,U2OS-02,4,I08,s1,TRIM28,treated,U2OS,,train
5682,U2OS-02_4_I08_s1_44,U2OS-02,4,I08,s1,TRIM28,treated,U2OS,,train
5683,U2OS-02_4_I08_s1_45,U2OS-02,4,I08,s1,TRIM28,treated,U2OS,,train
5684,U2OS-02_4_I08_s1_47,U2OS-02,4,I08,s1,TRIM28,treated,U2OS,,train
5685,U2OS-02_4_I08_s1_50,U2OS-02,4,I08,s1,TRIM28,treated,U2OS,,train
5686,U2OS-02_4_I08_s1_51,U2OS-02,4,I08,s1,TRIM28,treated,U2OS,,train
5687,U2OS-02_4_I08_s1_52,U2OS-02,4,I08,s1,TRIM28,treated,U2OS,,train
5688,U2OS-02_4_I08_s1_53,U2OS-02,4,I08,s1,TRIM28,treated,U2OS,,train
5689,U2OS-02_4_I08_s1_55,U2OS-02,4,I08,s1,TRIM28,treated,U2OS,,train
5690,U2OS-02_4_I08_s1_59,U2OS-02,4,I08,s1,TRIM28,treated,U2OS,,train
5691,U2OS-02_4_I08_s1_60,U2OS-02,4,I08,s1,TRIM28,treated,U2OS,,train
5692,U2OS-02_4_I08_s1_63,U2OS-02,4,I08,s1,TRIM28,treated,U2OS,,train
5693,U2OS-02_4_I08_s1_64,U2OS-02,4,I08,s1,TRIM28,treated,U2OS,,train
5694,U2OS-02_4_I08_s1_65,U2OS-02,4,I08,s1,TRIM28,treated,U2OS,,train
5695,U2OS-02_4_I08_s1_69,U2OS-02,4,I08,s1,TRIM28,treated,U2OS,,train
5696,U2OS-02_4_I08_s1_70,U2OS-02,4,I08,s1,TRIM28,treated,U2OS,,train
5697,U2OS-02_4_I08_s1_72,U2OS-02,4,I08,s1,TRIM28,treated,U2OS,,train
5698,U2OS-02_4_I08_s1_73,U2OS-02,4,I08,s1,TRIM28,treated,U2OS,,train
5699,U2OS-02_4_I08_s1_74,U2OS-02,4,I08,s1,TRIM28,treated,U2OS,,train
5700,U2OS-02_4_I20_s1_11,U2OS-02,4,I20,s1,UQCR11,treated,U2OS,,train
5701,U2OS-02_4_I20_s1_15,U2OS-02,4,I20,s1,UQCR11,treated,U2OS,,train
5702,U2OS-02_4_I20_s1_16,U2OS-02,4,I20,s1,UQCR11,treated,U2OS,,train
5703,U2OS-02_4_I20_s1_18,U2OS-02,4,I20,s1,UQCR11,treated,U2OS,,train
5704,U2OS-02_4_I20_s1_20,U2OS-02,4,I20,s1,UQCR11,treated,U2OS,,train
5705,U2OS-02_4_I20_s1_21,U2OS-02,4,I20,s1,UQCR11,treated,U2OS,,train
5706,U2OS-02_4_I20_s1_22,U2OS-02,4,I20,s1,UQCR11,treated,U2OS,,train
5707,U2OS-02_4_I20_s1_24,U2OS-02,4,I20,s1,UQCR11,treated,U2OS,,train
5708,U2OS-02_4_I20_s1_25,U2OS-02,4,I20,s1,UQCR11,treated,U2OS,,train
5709,U2OS-02_4_I20_s1_27,U2OS-02,4,I20,s1,UQCR11,treated,U2OS,,train
5710,U2OS-02_4_I20_s1_28,U2OS-02,4,I20,s1,UQCR11,treated,U2OS,,train
5711,U2OS-02_4_I20_s1_29,U2OS-02,4,I20,s1,UQCR11,treated,U2OS,,train
5712,U2OS-02_4_I20_s1_30,U2OS-02,4,I20,s1,UQCR11,treated,U2OS,,train
5713,U2OS-02_4_I20_s1_31,U2OS-02,4,I20,s1,UQCR11,treated,U2OS,,train
5714,U2OS-02_4_I20_s1_38,U2OS-02,4,I20,s1,UQCR11,treated,U2OS,,train
5715,U2OS-02_4_I20_s1_39,U2OS-02,4,I20,s1,UQCR11,treated,U2OS,,train
5716,U2OS-02_4_I20_s1_40,U2OS-02,4,I20,s1,UQCR11,treated,U2OS,,train
5717,U2OS-02_4_I20_s1_41,U2OS-02,4,I20,s1,UQCR11,treated,U2OS,,train
5718,U2OS-02_4_I20_s1_42,U2OS-02,4,I20,s1,UQCR11,treated,U2OS,,train
5719,U2OS-02_4_I20_s1_44,U2OS-02,4,I20,s1,UQCR11,treated,U2OS,,train
5720,U2OS-02_4_I20_s1_45,U2OS-02,4,I20,s1,UQCR11,treated,U2OS,,train
5721,U2OS-02_4_I20_s1_48,U2OS-02,4,I20,s1,UQCR11,treated,U2OS,,train
5722,U2OS-02_4_I20_s1_49,U2OS-02,4,I20,s1,UQCR11,treated,U2OS,,train
5723,U2OS-02_4_I20_s1_50,U2OS-02,4,I20,s1,UQCR11,treated,U2OS,,train
5724,U2OS-02_4_I20_s1_52,U2OS-02,4,I20,s1,UQCR11,treated,U2OS,,train
5725,U2OS-02_4_I20_s1_54,U2OS-02,4,I20,s1,UQCR11,treated,U2OS,,train
5726,U2OS-02_4_I20_s1_55,U2OS-02,4,I20,s1,UQCR11,treated,U2OS,,train
5727,U2OS-02_4_I20_s1_56,U2OS-02,4,I20,s1,UQCR11,treated,U2OS,,train
5728,U2OS-02_4_I20_s1_57,U2OS-02,4,I20,s1,UQCR11,treated,U2OS,,train
5729,U2OS-02_4_I20_s1_58,U2OS-02,4,I20,s1,UQCR11,treated,U2OS,,train
5730,U2OS-02_4_I20_s1_60,U2OS-02,4,I20,s1,UQCR11,treated,U2OS,,train
5731,U2OS-02_4_I20_s1_63,U2OS-02,4,I20,s1,UQCR11,treated,U2OS,,train
5732,U2OS-02_4_I20_s1_66,U2OS-02,4,I20,s1,UQCR11,treated,U2OS,,train
5733,U2OS-02_4_I20_s1_67,U2OS-02,4,I20,s1,UQCR11,treated,U2OS,,train
5734,U2OS-02_4_I20_s1_69,U2OS-02,4,I20,s1,UQCR11,treated,U2OS,,train
5735,U2OS-02_4_I20_s1_71,U2OS-02,4,I20,s1,UQCR11,treated,U2OS,,train
5736,U2OS-02_4_I20_s1_72,U2OS-02,4,I20,s1,UQCR11,treated,U2OS,,train
5737,U2OS-02_4_I20_s1_74,U2OS-02,4,I20,s1,UQCR11,treated,U2OS,,train
5738,U2OS-02_4_I20_s1_76,U2OS-02,4,I20,s1,UQCR11,treated,U2OS,,train
5739,U2OS-02_4_I20_s1_77,U2OS-02,4,I20,s1,UQCR11,treated,U2OS,,train
5740,U2OS-02_4_J10_s1_10,U2OS-02,4,J10,s1,PAICS,treated,U2OS,,train
5741,U2OS-02_4_J10_s1_12,U2OS-02,4,J10,s1,PAICS,treated,U2OS,,train
5742,U2OS-02_4_J10_s1_13,U2OS-02,4,J10,s1,PAICS,treated,U2OS,,train
5743,U2OS-02_4_J10_s1_16,U2OS-02,4,J10,s1,PAICS,treated,U2OS,,train
5744,U2OS-02_4_J10_s1_18,U2OS-02,4,J10,s1,PAICS,treated,U2OS,,train
5745,U2OS-02_4_J10_s1_19,U2OS-02,4,J10,s1,PAICS,treated,U2OS,,train
5746,U2OS-02_4_J10_s1_20,U2OS-02,4,J10,s1,PAICS,treated,U2OS,,train
5747,U2OS-02_4_J10_s1_21,U2OS-02,4,J10,s1,PAICS,treated,U2OS,,train
5748,U2OS-02_4_J10_s1_22,U2OS-02,4,J10,s1,PAICS,treated,U2OS,,train
5749,U2OS-02_4_J10_s1_24,U2OS-02,4,J10,s1,PAICS,treated,U2OS,,train
5750,U2OS-02_4_J10_s1_25,U2OS-02,4,J10,s1,PAICS,treated,U2OS,,train
5751,U2OS-02_4_J10_s1_26,U2OS-02,4,J10,s1,PAICS,treated,U2OS,,train
5752,U2OS-02_4_J10_s1_30,U2OS-02,4,J10,s1,PAICS,treated,U2OS,,train
5753,U2OS-02_4_J10_s1_33,U2OS-02,4,J10,s1,PAICS,treated,U2OS,,train
5754,U2OS-02_4_J10_s1_39,U2OS-02,4,J10,s1,PAICS,treated,U2OS,,train
5755,U2OS-02_4_J10_s1_40,U2OS-02,4,J10,s1,PAICS,treated,U2OS,,train
5756,U2OS-02_4_J10_s1_42,U2OS-02,4,J10,s1,PAICS,treated,U2OS,,train
5757,U2OS-02_4_J10_s1_44,U2OS-02,4,J10,s1,PAICS,treated,U2OS,,train
5758,U2OS-02_4_J10_s1_45,U2OS-02,4,J10,s1,PAICS,treated,U2OS,,train
5759,U2OS-02_4_J10_s1_47,U2OS-02,4,J10,s1,PAICS,treated,U2OS,,train
5760,U2OS-02_4_J10_s1_49,U2OS-02,4,J10,s1,PAICS,treated,U2OS,,train
5761,U2OS-02_4_J10_s1_51,U2OS-02,4,J10,s1,PAICS,treated,U2OS,,train
5762,U2OS-02_4_J10_s1_52,U2OS-02,4,J10,s1,PAICS,treated,U2OS,,train
5763,U2OS-02_4_J10_s1_54,U2OS-02,4,J10,s1,PAICS,treated,U2OS,,train
5764,U2OS-02_4_J10_s1_56,U2OS-02,4,J10,s1,PAICS,treated,U2OS,,train
5765,U2OS-02_4_J10_s1_57,U2OS-02,4,J10,s1,PAICS,treated,U2OS,,train
5766,U2OS-02_4_J10_s1_58,U2OS-02,4,J10,s1,PAICS,treated,U2OS,,train
5767,U2OS-02_4_J10_s1_59,U2OS-02,4,J10,s1,PAICS,treated,U2OS,,train
5768,U2OS-02_4_J10_s1_60,U2OS-02,4,J10,s1,PAICS,treated,U2OS,,train
5769,U2OS-02_4_J10_s1_61,U2OS-02,4,J10,s1,PAICS,treated,U2OS,,train
5770,U2OS-02_4_J10_s1_63,U2OS-02,4,J10,s1,PAICS,treated,U2OS,,train
5771,U2OS-02_4_J10_s1_64,U2OS-02,4,J10,s1,PAICS,treated,U2OS,,train
5772,U2OS-02_4_J10_s2_5,U2OS-02,4,J10,s2,PAICS,treated,U2OS,,train
5773,U2OS-02_4_J10_s2_7,U2OS-02,4,J10,s2,PAICS,treated,U2OS,,train
5774,U2OS-02_4_J10_s2_14,U2OS-02,4,J10,s2,PAICS,treated,U2OS,,train
5775,U2OS-02_4_J10_s2_16,U2OS-02,4,J10,s2,PAICS,treated,U2OS,,train
5776,U2OS-02_4_J10_s2_17,U2OS-02,4,J10,s2,PAICS,treated,U2OS,,train
5777,U2OS-02_4_J10_s2_20,U2OS-02,4,J10,s2,PAICS,treated,U2OS,,train
5778,U2OS-02_4_J10_s2_21,U2OS-02,4,J10,s2,PAICS,treated,U2OS,,train
5779,U2OS-02_4_J10_s2_23,U2OS-02,4,J10,s2,PAICS,treated,U2OS,,train
5780,U2OS-02_4_J13_s1_14,U2OS-02,4,J13,s1,SMC2,treated,U2OS,,train
5781,U2OS-02_4_J13_s1_16,U2OS-02,4,J13,s1,SMC2,treated,U2OS,,train
5782,U2OS-02_4_J13_s1_17,U2OS-02,4,J13,s1,SMC2,treated,U2OS,,train
5783,U2OS-02_4_J13_s1_20,U2OS-02,4,J13,s1,SMC2,treated,U2OS,,train
5784,U2OS-02_4_J13_s1_23,U2OS-02,4,J13,s1,SMC2,treated,U2OS,,train
5785,U2OS-02_4_J13_s1_24,U2OS-02,4,J13,s1,SMC2,treated,U2OS,,train
5786,U2OS-02_4_J13_s1_25,U2OS-02,4,J13,s1,SMC2,treated,U2OS,,train
5787,U2OS-02_4_J13_s1_26,U2OS-02,4,J13,s1,SMC2,treated,U2OS,,train
5788,U2OS-02_4_J13_s1_27,U2OS-02,4,J13,s1,SMC2,treated,U2OS,,train
5789,U2OS-02_4_J13_s1_29,U2OS-02,4,J13,s1,SMC2,treated,U2OS,,train
5790,U2OS-02_4_J13_s1_30,U2OS-02,4,J13,s1,SMC2,treated,U2OS,,train
5791,U2OS-02_4_J13_s1_31,U2OS-02,4,J13,s1,SMC2,treated,U2OS,,train
5792,U2OS-02_4_J13_s1_33,U2OS-02,4,J13,s1,SMC2,treated,U2OS,,train
5793,U2OS-02_4_J13_s1_34,U2OS-02,4,J13,s1,SMC2,treated,U2OS,,train
5794,U2OS-02_4_J13_s1_38,U2OS-02,4,J13,s1,SMC2,treated,U2OS,,train
5795,U2OS-02_4_J13_s1_39,U2OS-02,4,J13,s1,SMC2,treated,U2OS,,train
5796,U2OS-02_4_J13_s1_40,U2OS-02,4,J13,s1,SMC2,treated,U2OS,,train
5797,U2OS-02_4_J13_s1_41,U2OS-02,4,J13,s1,SMC2,treated,U2OS,,train
5798,U2OS-02_4_J13_s1_43,U2OS-02,4,J13,s1,SMC2,treated,U2OS,,train
5799,U2OS-02_4_J13_s1_44,U2OS-02,4,J13,s1,SMC2,treated,U2OS,,train
5800,U2OS-02_4_J13_s1_45,U2OS-02,4,J13,s1,SMC2,treated,U2OS,,train
5801,U2OS-02_4_J13_s1_47,U2OS-02,4,J13,s1,SMC2,treated,U2OS,,train
5802,U2OS-02_4_J13_s1_49,U2OS-02,4,J13,s1,SMC2,treated,U2OS,,train
5803,U2OS-02_4_J13_s1_51,U2OS-02,4,J13,s1,SMC2,treated,U2OS,,train
5804,U2OS-02_4_J13_s1_52,U2OS-02,4,J13,s1,SMC2,treated,U2OS,,train
5805,U2OS-02_4_J13_s1_53,U2OS-02,4,J13,s1,SMC2,treated,U2OS,,train
5806,U2OS-02_4_J13_s1_54,U2OS-02,4,J13,s1,SMC2,treated,U2OS,,train
5807,U2OS-02_4_J13_s1_55,U2OS-02,4,J13,s1,SMC2,treated,U2OS,,train
5808,U2OS-02_4_J13_s1_56,U2OS-02,4,J13,s1,SMC2,treated,U2OS,,train
5809,U2OS-02_4_J13_s1_57,U2OS-02,4,J13,s1,SMC2,treated,U2OS,,train
5810,U2OS-02_4_J13_s1_59,U2OS-02,4,J13,s1,SMC2,treated,U2OS,,train
5811,U2OS-02_4_J13_s1_60,U2OS-02,4,J13,s1,SMC2,treated,U2OS,,train
5812,U2OS-02_4_J13_s1_62,U2OS-02,4,J13,s1,SMC2,treated,U2OS,,train
5813,U2OS-02_4_J13_s1_63,U2OS-02,4,J13,s1,SMC2,treated,U2OS,,train
5814,U2OS-02_4_J13_s1_64,U2OS-02,4,J13,s1,SMC2,treated,U2OS,,train
5815,U2OS-02_4_J13_s1_67,U2OS-02,4,J13,s1,SMC2,treated,U2OS,,train
5816,U2OS-02_4_J13_s1_68,U2OS-02,4,J13,s1,SMC2,treated,U2OS,,train
5817,U2OS-02_4_J13_s1_70,U2OS-02,4,J13,s1,SMC2,treated,U2OS,,train
5818,U2OS-02_4_J13_s1_71,U2OS-02,4,J13,s1,SMC2,treated,U2OS,,train
5819,U2OS-02_4_J13_s1_72,U2OS-02,4,J13,s1,SMC2,treated,U2OS,,train
5820,U2OS-02_4_J16_s1_8,U2OS-02,4,J16,s1,IRX5,treated,U2OS,,train
5821,U2OS-02_4_J16_s1_10,U2OS-02,4,J16,s1,IRX5,treated,U2OS,,train
5822,U2OS-02_4_J16_s1_11,U2OS-02,4,J16,s1,IRX5,treated,U2OS,,train
5823,U2OS-02_4_J16_s1_16,U2OS-02,4,J16,s1,IRX5,treated,U2OS,,train
5824,U2OS-02_4_J16_s1_19,U2OS-02,4,J16,s1,IRX5,treated,U2OS,,train
5825,U2OS-02_4_J16_s1_21,U2OS-02,4,J16,s1,IRX5,treated,U2OS,,train
5826,U2OS-02_4_J16_s1_22,U2OS-02,4,J16,s1,IRX5,treated,U2OS,,train
5827,U2OS-02_4_J16_s1_23,U2OS-02,4,J16,s1,IRX5,treated,U2OS,,train
5828,U2OS-02_4_J16_s1_24,U2OS-02,4,J16,s1,IRX5,treated,U2OS,,train
5829,U2OS-02_4_J16_s1_25,U2OS-02,4,J16,s1,IRX5,treated,U2OS,,train
5830,U2OS-02_4_J16_s1_26,U2OS-02,4,J16,s1,IRX5,treated,U2OS,,train
5831,U2OS-02_4_J16_s1_27,U2OS-02,4,J16,s1,IRX5,treated,U2OS,,train
5832,U2OS-02_4_J16_s1_28,U2OS-02,4,J16,s1,IRX5,treated,U2OS,,train
5833,U2OS-02_4_J16_s1_30,U2OS-02,4,J16,s1,IRX5,treated,U2OS,,train
5834,U2OS-02_4_J16_s1_35,U2OS-02,4,J16,s1,IRX5,treated,U2OS,,train
5835,U2OS-02_4_J16_s1_36,U2OS-02,4,J16,s1,IRX5,treated,U2OS,,train
5836,U2OS-02_4_J16_s2_10,U2OS-02,4,J16,s2,IRX5,treated,U2OS,,train
5837,U2OS-02_4_J16_s2_11,U2OS-02,4,J16,s2,IRX5,treated,U2OS,,train
5838,U2OS-02_4_J16_s2_12,U2OS-02,4,J16,s2,IRX5,treated,U2OS,,train
5839,U2OS-02_4_J16_s2_13,U2OS-02,4,J16,s2,IRX5,treated,U2OS,,train
5840,U2OS-02_4_J16_s2_15,U2OS-02,4,J16,s2,IRX5,treated,U2OS,,train
5841,U2OS-02_4_J16_s2_17,U2OS-02,4,J16,s2,IRX5,treated,U2OS,,train
5842,U2OS-02_4_J16_s2_18,U2OS-02,4,J16,s2,IRX5,treated,U2OS,,train
5843,U2OS-02_4_J16_s2_19,U2OS-02,4,J16,s2,IRX5,treated,U2OS,,train
5844,U2OS-02_4_J16_s2_20,U2OS-02,4,J16,s2,IRX5,treated,U2OS,,train
5845,U2OS-02_4_J16_s2_23,U2OS-02,4,J16,s2,IRX5,treated,U2OS,,train
5846,U2OS-02_4_J16_s2_24,U2OS-02,4,J16,s2,IRX5,treated,U2OS,,train
5847,U2OS-02_4_J16_s2_25,U2OS-02,4,J16,s2,IRX5,treated,U2OS,,train
5848,U2OS-02_4_J16_s2_27,U2OS-02,4,J16,s2,IRX5,treated,U2OS,,train
5849,U2OS-02_4_J16_s2_30,U2OS-02,4,J16,s2,IRX5,treated,U2OS,,train
5850,U2OS-02_4_J16_s2_32,U2OS-02,4,J16,s2,IRX5,treated,U2OS,,train
5851,U2OS-02_4_J16_s2_33,U2OS-02,4,J16,s2,IRX5,treated,U2OS,,train
5852,U2OS-02_4_J16_s2_35,U2OS-02,4,J16,s2,IRX5,treated,U2OS,,train
5853,U2OS-02_4_J16_s2_36,U2OS-02,4,J16,s2,IRX5,treated,U2OS,,train
5854,U2OS-02_4_J16_s2_38,U2OS-02,4,J16,s2,IRX5,treated,U2OS,,train
5855,U2OS-02_4_J16_s2_40,U2OS-02,4,J16,s2,IRX5,treated,U2OS,,train
5856,U2OS-02_4_J16_s2_41,U2OS-02,4,J16,s2,IRX5,treated,U2OS,,train
5857,U2OS-02_4_J16_s2_44,U2OS-02,4,J16,s2,IRX5,treated,U2OS,,train
5858,U2OS-02_4_J16_s2_46,U2OS-02,4,J16,s2,IRX5,treated,U2OS,,train
5859,U2OS-02_4_J16_s2_47,U2OS-02,4,J16,s2,IRX5,treated,U2OS,,train
5860,U2OS-02_4_K10_s1_11,U2OS-02,4,K10,s1,ECI2,treated,U2OS,,train
5861,U2OS-02_4_K10_s1_14,U2OS-02,4,K10,s1,ECI2,treated,U2OS,,train
5862,U2OS-02_4_K10_s1_15,U2OS-02,4,K10,s1,ECI2,treated,U2OS,,train
5863,U2OS-02_4_K10_s1_17,U2OS-02,4,K10,s1,ECI2,treated,U2OS,,train
5864,U2OS-02_4_K10_s1_20,U2OS-02,4,K10,s1,ECI2,treated,U2OS,,train
5865,U2OS-02_4_K10_s1_21,U2OS-02,4,K10,s1,ECI2,treated,U2OS,,train
5866,U2OS-02_4_K10_s1_23,U2OS-02,4,K10,s1,ECI2,treated,U2OS,,train
5867,U2OS-02_4_K10_s1_24,U2OS-02,4,K10,s1,ECI2,treated,U2OS,,train
5868,U2OS-02_4_K10_s1_25,U2OS-02,4,K10,s1,ECI2,treated,U2OS,,train
5869,U2OS-02_4_K10_s1_26,U2OS-02,4,K10,s1,ECI2,treated,U2OS,,train
5870,U2OS-02_4_K10_s1_27,U2OS-02,4,K10,s1,ECI2,treated,U2OS,,train
5871,U2OS-02_4_K10_s1_28,U2OS-02,4,K10,s1,ECI2,treated,U2OS,,train
5872,U2OS-02_4_K10_s1_29,U2OS-02,4,K10,s1,ECI2,treated,U2OS,,train
5873,U2OS-02_4_K10_s1_31,U2OS-02,4,K10,s1,ECI2,treated,U2OS,,train
5874,U2OS-02_4_K10_s1_35,U2OS-02,4,K10,s1,ECI2,treated,U2OS,,train
5875,U2OS-02_4_K10_s1_37,U2OS-02,4,K10,s1,ECI2,treated,U2OS,,train
5876,U2OS-02_4_K10_s1_38,U2OS-02,4,K10,s1,ECI2,treated,U2OS,,train
5877,U2OS-02_4_K10_s1_39,U2OS-02,4,K10,s1,ECI2,treated,U2OS,,train
5878,U2OS-02_4_K10_s1_40,U2OS-02,4,K10,s1,ECI2,treated,U2OS,,train
5879,U2OS-02_4_K10_s1_41,U2OS-02,4,K10,s1,ECI2,treated,U2OS,,train
5880,U2OS-02_4_K10_s1_42,U2OS-02,4,K10,s1,ECI2,treated,U2OS,,train
5881,U2OS-02_4_K10_s1_44,U2OS-02,4,K10,s1,ECI2,treated,U2OS,,train
5882,U2OS-02_4_K10_s1_47,U2OS-02,4,K10,s1,ECI2,treated,U2OS,,train
5883,U2OS-02_4_K10_s1_48,U2OS-02,4,K10,s1,ECI2,treated,U2OS,,train
5884,U2OS-02_4_K10_s1_49,U2OS-02,4,K10,s1,ECI2,treated,U2OS,,train
5885,U2OS-02_4_K10_s1_50,U2OS-02,4,K10,s1,ECI2,treated,U2OS,,train
5886,U2OS-02_4_K10_s1_53,U2OS-02,4,K10,s1,ECI2,treated,U2OS,,train
5887,U2OS-02_4_K10_s1_55,U2OS-02,4,K10,s1,ECI2,treated,U2OS,,train
5888,U2OS-02_4_K10_s1_56,U2OS-02,4,K10,s1,ECI2,treated,U2OS,,train
5889,U2OS-02_4_K10_s1_57,U2OS-02,4,K10,s1,ECI2,treated,U2OS,,train
5890,U2OS-02_4_K10_s1_60,U2OS-02,4,K10,s1,ECI2,treated,U2OS,,train
5891,U2OS-02_4_K10_s1_61,U2OS-02,4,K10,s1,ECI2,treated,U2OS,,train
5892,U2OS-02_4_K10_s1_64,U2OS-02,4,K10,s1,ECI2,treated,U2OS,,train
5893,U2OS-02_4_K10_s1_66,U2OS-02,4,K10,s1,ECI2,treated,U2OS,,train
5894,U2OS-02_4_K10_s1_67,U2OS-02,4,K10,s1,ECI2,treated,U2OS,,train
5895,U2OS-02_4_K10_s1_71,U2OS-02,4,K10,s1,ECI2,treated,U2OS,,train
5896,U2OS-02_4_K10_s1_72,U2OS-02,4,K10,s1,ECI2,treated,U2OS,,train
5897,U2OS-02_4_K10_s1_75,U2OS-02,4,K10,s1,ECI2,treated,U2OS,,train
5898,U2OS-02_4_K10_s1_77,U2OS-02,4,K10,s1,ECI2,treated,U2OS,,train
5899,U2OS-02_4_K10_s1_78,U2OS-02,4,K10,s1,ECI2,treated,U2OS,,train
5900,U2OS-02_4_K22_s1_13,U2OS-02,4,K22,s1,EFS,treated,U2OS,,train
5901,U2OS-02_4_K22_s1_15,U2OS-02,4,K22,s1,EFS,treated,U2OS,,train
5902,U2OS-02_4_K22_s1_16,U2OS-02,4,K22,s1,EFS,treated,U2OS,,train
5903,U2OS-02_4_K22_s1_18,U2OS-02,4,K22,s1,EFS,treated,U2OS,,train
5904,U2OS-02_4_K22_s1_20,U2OS-02,4,K22,s1,EFS,treated,U2OS,,train
5905,U2OS-02_4_K22_s1_21,U2OS-02,4,K22,s1,EFS,treated,U2OS,,train
5906,U2OS-02_4_K22_s1_22,U2OS-02,4,K22,s1,EFS,treated,U2OS,,train
5907,U2OS-02_4_K22_s1_24,U2OS-02,4,K22,s1,EFS,treated,U2OS,,train
5908,U2OS-02_4_K22_s1_25,U2OS-02,4,K22,s1,EFS,treated,U2OS,,train
5909,U2OS-02_4_K22_s1_26,U2OS-02,4,K22,s1,EFS,treated,U2OS,,train
5910,U2OS-02_4_K22_s1_27,U2OS-02,4,K22,s1,EFS,treated,U2OS,,train
5911,U2OS-02_4_K22_s1_28,U2OS-02,4,K22,s1,EFS,treated,U2OS,,train
5912,U2OS-02_4_K22_s1_29,U2OS-02,4,K22,s1,EFS,treated,U2OS,,train
5913,U2OS-02_4_K22_s1_30,U2OS-02,4,K22,s1,EFS,treated,U2OS,,train
5914,U2OS-02_4_K22_s1_36,U2OS-02,4,K22,s1,EFS,treated,U2OS,,train
5915,U2OS-02_4_K22_s1_37,U2OS-02,4,K22,s1,EFS,treated,U2OS,,train
5916,U2OS-02_4_K22_s1_38,U2OS-02,4,K22,s1,EFS,treated,U2OS,,train
5917,U2OS-02_4_K22_s1_40,U2OS-02,4,K22,s1,EFS,treated,U2OS,,train
5918,U2OS-02_4_K22_s1_41,U2OS-02,4,K22,s1,EFS,treated,U2OS,,train
5919,U2OS-02_4_K22_s1_43,U2OS-02,4,K22,s1,EFS,treated,U2OS,,train
5920,U2OS-02_4_K22_s1_44,U2OS-02,4,K22,s1,EFS,treated,U2OS,,train
5921,U2OS-02_4_K22_s1_47,U2OS-02,4,K22,s1,EFS,treated,U2OS,,train
5922,U2OS-02_4_K22_s1_48,U2OS-02,4,K22,s1,EFS,treated,U2OS,,train
5923,U2OS-02_4_K22_s1_49,U2OS-02,4,K22,s1,EFS,treated,U2OS,,train
5924,U2OS-02_4_K22_s1_50,U2OS-02,4,K22,s1,EFS,treated,U2OS,,train
5925,U2OS-02_4_K22_s1_51,U2OS-02,4,K22,s1,EFS,treated,U2OS,,train
5926,U2OS-02_4_K22_s1_52,U2OS-02,4,K22,s1,EFS,treated,U2OS,,train
5927,U2OS-02_4_K22_s1_53,U2OS-02,4,K22,s1,EFS,treated,U2OS,,train
5928,U2OS-02_4_K22_s1_54,U2OS-02,4,K22,s1,EFS,treated,U2OS,,train
5929,U2OS-02_4_K22_s1_55,U2OS-02,4,K22,s1,EFS,treated,U2OS,,train
5930,U2OS-02_4_K22_s1_58,U2OS-02,4,K22,s1,EFS,treated,U2OS,,train
5931,U2OS-02_4_K22_s1_59,U2OS-02,4,K22,s1,EFS,treated,U2OS,,train
5932,U2OS-02_4_K22_s1_62,U2OS-02,4,K22,s1,EFS,treated,U2OS,,train
5933,U2OS-02_4_K22_s1_63,U2OS-02,4,K22,s1,EFS,treated,U2OS,,train
5934,U2OS-02_4_K22_s1_64,U2OS-02,4,K22,s1,EFS,treated,U2OS,,train
5935,U2OS-02_4_K22_s1_67,U2OS-02,4,K22,s1,EFS,treated,U2OS,,train
5936,U2OS-02_4_K22_s1_69,U2OS-02,4,K22,s1,EFS,treated,U2OS,,train
5937,U2OS-02_4_K22_s1_71,U2OS-02,4,K22,s1,EFS,treated,U2OS,,train
5938,U2OS-02_4_K22_s1_72,U2OS-02,4,K22,s1,EFS,treated,U2OS,,train
5939,U2OS-02_4_K22_s1_73,U2OS-02,4,K22,s1,EFS,treated,U2OS,,train
5940,U2OS-02_4_L04_s1_11,U2OS-02,4,L04,s1,STAM2,treated,U2OS,,train
5941,U2OS-02_4_L04_s1_12,U2OS-02,4,L04,s1,STAM2,treated,U2OS,,train
5942,U2OS-02_4_L04_s1_13,U2OS-02,4,L04,s1,STAM2,treated,U2OS,,train
5943,U2OS-02_4_L04_s1_15,U2OS-02,4,L04,s1,STAM2,treated,U2OS,,train
5944,U2OS-02_4_L04_s1_18,U2OS-02,4,L04,s1,STAM2,treated,U2OS,,train
5945,U2OS-02_4_L04_s1_19,U2OS-02,4,L04,s1,STAM2,treated,U2OS,,train
5946,U2OS-02_4_L04_s1_20,U2OS-02,4,L04,s1,STAM2,treated,U2OS,,train
5947,U2OS-02_4_L04_s1_21,U2OS-02,4,L04,s1,STAM2,treated,U2OS,,train
5948,U2OS-02_4_L04_s1_23,U2OS-02,4,L04,s1,STAM2,treated,U2OS,,train
5949,U2OS-02_4_L04_s1_25,U2OS-02,4,L04,s1,STAM2,treated,U2OS,,train
5950,U2OS-02_4_L04_s1_26,U2OS-02,4,L04,s1,STAM2,treated,U2OS,,train
5951,U2OS-02_4_L04_s1_27,U2OS-02,4,L04,s1,STAM2,treated,U2OS,,train
5952,U2OS-02_4_L04_s1_28,U2OS-02,4,L04,s1,STAM2,treated,U2OS,,train
5953,U2OS-02_4_L04_s1_30,U2OS-02,4,L04,s1,STAM2,treated,U2OS,,train
5954,U2OS-02_4_L04_s1_36,U2OS-02,4,L04,s1,STAM2,treated,U2OS,,train
5955,U2OS-02_4_L04_s1_37,U2OS-02,4,L04,s1,STAM2,treated,U2OS,,train
5956,U2OS-02_4_L04_s1_41,U2OS-02,4,L04,s1,STAM2,treated,U2OS,,train
5957,U2OS-02_4_L04_s1_42,U2OS-02,4,L04,s1,STAM2,treated,U2OS,,train
5958,U2OS-02_4_L04_s1_43,U2OS-02,4,L04,s1,STAM2,treated,U2OS,,train
5959,U2OS-02_4_L04_s1_44,U2OS-02,4,L04,s1,STAM2,treated,U2OS,,train
5960,U2OS-02_4_L04_s1_45,U2OS-02,4,L04,s1,STAM2,treated,U2OS,,train
5961,U2OS-02_4_L04_s1_47,U2OS-02,4,L04,s1,STAM2,treated,U2OS,,train
5962,U2OS-02_4_L04_s1_49,U2OS-02,4,L04,s1,STAM2,treated,U2OS,,train
5963,U2OS-02_4_L04_s1_50,U2OS-02,4,L04,s1,STAM2,treated,U2OS,,train
5964,U2OS-02_4_L04_s1_51,U2OS-02,4,L04,s1,STAM2,treated,U2OS,,train
5965,U2OS-02_4_L04_s1_52,U2OS-02,4,L04,s1,STAM2,treated,U2OS,,train
5966,U2OS-02_4_L04_s1_54,U2OS-02,4,L04,s1,STAM2,treated,U2OS,,train
5967,U2OS-02_4_L04_s1_55,U2OS-02,4,L04,s1,STAM2,treated,U2OS,,train
5968,U2OS-02_4_L04_s1_56,U2OS-02,4,L04,s1,STAM2,treated,U2OS,,train
5969,U2OS-02_4_L04_s1_57,U2OS-02,4,L04,s1,STAM2,treated,U2OS,,train
5970,U2OS-02_4_L04_s1_59,U2OS-02,4,L04,s1,STAM2,treated,U2OS,,train
5971,U2OS-02_4_L04_s1_61,U2OS-02,4,L04,s1,STAM2,treated,U2OS,,train
5972,U2OS-02_4_L04_s1_65,U2OS-02,4,L04,s1,STAM2,treated,U2OS,,train
5973,U2OS-02_4_L04_s1_66,U2OS-02,4,L04,s1,STAM2,treated,U2OS,,train
5974,U2OS-02_4_L04_s1_68,U2OS-02,4,L04,s1,STAM2,treated,U2OS,,train
5975,U2OS-02_4_L04_s1_71,U2OS-02,4,L04,s1,STAM2,treated,U2OS,,train
5976,U2OS-02_4_L04_s1_73,U2OS-02,4,L04,s1,STAM2,treated,U2OS,,train
5977,U2OS-02_4_L04_s1_75,U2OS-02,4,L04,s1,STAM2,treated,U2OS,,train
5978,U2OS-02_4_L04_s1_76,U2OS-02,4,L04,s1,STAM2,treated,U2OS,,train
5979,U2OS-02_4_L04_s1_77,U2OS-02,4,L04,s1,STAM2,treated,U2OS,,train
5980,U2OS-02_4_L20_s1_7,U2OS-02,4,L20,s1,KDELR3,treated,U2OS,,train
5981,U2OS-02_4_L20_s1_12,U2OS-02,4,L20,s1,KDELR3,treated,U2OS,,train
5982,U2OS-02_4_L20_s1_13,U2OS-02,4,L20,s1,KDELR3,treated,U2OS,,train
5983,U2OS-02_4_L20_s1_15,U2OS-02,4,L20,s1,KDELR3,treated,U2OS,,train
5984,U2OS-02_4_L20_s1_17,U2OS-02,4,L20,s1,KDELR3,treated,U2OS,,train
5985,U2OS-02_4_L20_s1_18,U2OS-02,4,L20,s1,KDELR3,treated,U2OS,,train
5986,U2OS-02_4_L20_s1_19,U2OS-02,4,L20,s1,KDELR3,treated,U2OS,,train
5987,U2OS-02_4_L20_s1_20,U2OS-02,4,L20,s1,KDELR3,treated,U2OS,,train
5988,U2OS-02_4_L20_s1_21,U2OS-02,4,L20,s1,KDELR3,treated,U2OS,,train
5989,U2OS-02_4_L20_s1_23,U2OS-02,4,L20,s1,KDELR3,treated,U2OS,,train
5990,U2OS-02_4_L20_s1_25,U2OS-02,4,L20,s1,KDELR3,treated,U2OS,,train
5991,U2OS-02_4_L20_s1_26,U2OS-02,4,L20,s1,KDELR3,treated,U2OS,,train
5992,U2OS-02_4_L20_s1_27,U2OS-02,4,L20,s1,KDELR3,treated,U2OS,,train
5993,U2OS-02_4_L20_s1_28,U2OS-02,4,L20,s1,KDELR3,treated,U2OS,,train
5994,U2OS-02_4_L20_s1_34,U2OS-02,4,L20,s1,KDELR3,treated,U2OS,,train
5995,U2OS-02_4_L20_s1_35,U2OS-02,4,L20,s1,KDELR3,treated,U2OS,,train
5996,U2OS-02_4_L20_s1_36,U2OS-02,4,L20,s1,KDELR3,treated,U2OS,,train
5997,U2OS-02_4_L20_s1_37,U2OS-02,4,L20,s1,KDELR3,treated,U2OS,,train
5998,U2OS-02_4_L20_s1_38,U2OS-02,4,L20,s1,KDELR3,treated,U2OS,,train
5999,U2OS-02_4_L20_s1_39,U2OS-02,4,L20,s1,KDELR3,treated,U2OS,,train
6000,U2OS-02_4_L20_s1_41,U2OS-02,4,L20,s1,KDELR3,treated,U2OS,,train
6001,U2OS-02_4_L20_s1_44,U2OS-02,4,L20,s1,KDELR3,treated,U2OS,,train
6002,U2OS-02_4_L20_s1_46,U2OS-02,4,L20,s1,KDELR3,treated,U2OS,,train
6003,U2OS-02_4_L20_s1_47,U2OS-02,4,L20,s1,KDELR3,treated,U2OS,,train
6004,U2OS-02_4_L20_s1_48,U2OS-02,4,L20,s1,KDELR3,treated,U2OS,,train
6005,U2OS-02_4_L20_s1_49,U2OS-02,4,L20,s1,KDELR3,treated,U2OS,,train
6006,U2OS-02_4_L20_s1_50,U2OS-02,4,L20,s1,KDELR3,treated,U2OS,,train
6007,U2OS-02_4_L20_s1_51,U2OS-02,4,L20,s1,KDELR3,treated,U2OS,,train
6008,U2OS-02_4_L20_s1_52,U2OS-02,4,L20,s1,KDELR3,treated,U2OS,,train
6009,U2OS-02_4_L20_s1_53,U2OS-02,4,L20,s1,KDELR3,treated,U2OS,,train
6010,U2OS-02_4_L20_s1_58,U2OS-02,4,L20,s1,KDELR3,treated,U2OS,,train
6011,U2OS-02_4_L20_s1_60,U2OS-02,4,L20,s1,KDELR3,treated,U2OS,,train
6012,U2OS-02_4_L20_s1_62,U2OS-02,4,L20,s1,KDELR3,treated,U2OS,,train
6013,U2OS-02_4_L20_s1_65,U2OS-02,4,L20,s1,KDELR3,treated,U2OS,,train
6014,U2OS-02_4_L20_s1_66,U2OS-02,4,L20,s1,KDELR3,treated,U2OS,,train
6015,U2OS-02_4_L20_s1_68,U2OS-02,4,L20,s1,KDELR3,treated,U2OS,,train
6016,U2OS-02_4_L20_s1_69,U2OS-02,4,L20,s1,KDELR3,treated,U2OS,,train
6017,U2OS-02_4_L20_s1_72,U2OS-02,4,L20,s1,KDELR3,treated,U2OS,,train
6018,U2OS-02_4_L20_s1_73,U2OS-02,4,L20,s1,KDELR3,treated,U2OS,,train
6019,U2OS-02_4_L20_s1_74,U2OS-02,4,L20,s1,KDELR3,treated,U2OS,,train
6020,U2OS-02_4_M08_s1_17,U2OS-02,4,M08,s1,ARL6IP5,treated,U2OS,,train
6021,U2OS-02_4_M08_s1_18,U2OS-02,4,M08,s1,ARL6IP5,treated,U2OS,,train
6022,U2OS-02_4_M08_s1_19,U2OS-02,4,M08,s1,ARL6IP5,treated,U2OS,,train
6023,U2OS-02_4_M08_s1_22,U2OS-02,4,M08,s1,ARL6IP5,treated,U2OS,,train
6024,U2OS-02_4_M08_s1_24,U2OS-02,4,M08,s1,ARL6IP5,treated,U2OS,,train
6025,U2OS-02_4_M08_s1_25,U2OS-02,4,M08,s1,ARL6IP5,treated,U2OS,,train
6026,U2OS-02_4_M08_s1_26,U2OS-02,4,M08,s1,ARL6IP5,treated,U2OS,,train
6027,U2OS-02_4_M08_s1_27,U2OS-02,4,M08,s1,ARL6IP5,treated,U2OS,,train
6028,U2OS-02_4_M08_s1_29,U2OS-02,4,M08,s1,ARL6IP5,treated,U2OS,,train
6029,U2OS-02_4_M08_s1_30,U2OS-02,4,M08,s1,ARL6IP5,treated,U2OS,,train
6030,U2OS-02_4_M08_s1_32,U2OS-02,4,M08,s1,ARL6IP5,treated,U2OS,,train
6031,U2OS-02_4_M08_s1_33,U2OS-02,4,M08,s1,ARL6IP5,treated,U2OS,,train
6032,U2OS-02_4_M08_s1_34,U2OS-02,4,M08,s1,ARL6IP5,treated,U2OS,,train
6033,U2OS-02_4_M08_s1_35,U2OS-02,4,M08,s1,ARL6IP5,treated,U2OS,,train
6034,U2OS-02_4_M08_s1_41,U2OS-02,4,M08,s1,ARL6IP5,treated,U2OS,,train
6035,U2OS-02_4_M08_s1_42,U2OS-02,4,M08,s1,ARL6IP5,treated,U2OS,,train
6036,U2OS-02_4_M08_s1_43,U2OS-02,4,M08,s1,ARL6IP5,treated,U2OS,,train
6037,U2OS-02_4_M08_s1_45,U2OS-02,4,M08,s1,ARL6IP5,treated,U2OS,,train
6038,U2OS-02_4_M08_s1_46,U2OS-02,4,M08,s1,ARL6IP5,treated,U2OS,,train
6039,U2OS-02_4_M08_s1_47,U2OS-02,4,M08,s1,ARL6IP5,treated,U2OS,,train
6040,U2OS-02_4_M08_s1_48,U2OS-02,4,M08,s1,ARL6IP5,treated,U2OS,,train
6041,U2OS-02_4_M08_s1_50,U2OS-02,4,M08,s1,ARL6IP5,treated,U2OS,,train
6042,U2OS-02_4_M08_s1_51,U2OS-02,4,M08,s1,ARL6IP5,treated,U2OS,,train
6043,U2OS-02_4_M08_s1_53,U2OS-02,4,M08,s1,ARL6IP5,treated,U2OS,,train
6044,U2OS-02_4_M08_s1_54,U2OS-02,4,M08,s1,ARL6IP5,treated,U2OS,,train
6045,U2OS-02_4_M08_s1_55,U2OS-02,4,M08,s1,ARL6IP5,treated,U2OS,,train
6046,U2OS-02_4_M08_s1_56,U2OS-02,4,M08,s1,ARL6IP5,treated,U2OS,,train
6047,U2OS-02_4_M08_s1_57,U2OS-02,4,M08,s1,ARL6IP5,treated,U2OS,,train
6048,U2OS-02_4_M08_s1_58,U2OS-02,4,M08,s1,ARL6IP5,treated,U2OS,,train
6049,U2OS-02_4_M08_s1_59,U2OS-02,4,M08,s1,ARL6IP5,treated,U2OS,,train
6050,U2OS-02_4_M08_s1_63,U2OS-02,4,M08,s1,ARL6IP5,treated,U2OS,,train
6051,U2OS-02_4_M08_s1_64,U2OS-02,4,M08,s1,ARL6IP5,treated,U2OS,,train
6052,U2OS-02_4_M08_s1_66,U2OS-02,4,M08,s1,ARL6IP5,treated,U2OS,,train
6053,U2OS-02_4_M08_s1_67,U2OS-02,4,M08,s1,ARL6IP5,treated,U2OS,,train
6054,U2OS-02_4_M08_s1_68,U2OS-02,4,M08,s1,ARL6IP5,treated,U2OS,,train
6055,U2OS-02_4_M08_s1_70,U2OS-02,4,M08,s1,ARL6IP5,treated,U2OS,,train
6056,U2OS-02_4_M08_s1_71,U2OS-02,4,M08,s1,ARL6IP5,treated,U2OS,,train
6057,U2OS-02_4_M08_s1_74,U2OS-02,4,M08,s1,ARL6IP5,treated,U2OS,,train
6058,U2OS-02_4_M08_s1_75,U2OS-02,4,M08,s1,ARL6IP5,treated,U2OS,,train
6059,U2OS-02_4_M08_s1_77,U2OS-02,4,M08,s1,ARL6IP5,treated,U2OS,,train
6060,U2OS-02_4_M09_s1_12,U2OS-02,4,M09,s1,CCL27,treated,U2OS,,train
6061,U2OS-02_4_M09_s1_15,U2OS-02,4,M09,s1,CCL27,treated,U2OS,,train
6062,U2OS-02_4_M09_s1_16,U2OS-02,4,M09,s1,CCL27,treated,U2OS,,train
6063,U2OS-02_4_M09_s1_20,U2OS-02,4,M09,s1,CCL27,treated,U2OS,,train
6064,U2OS-02_4_M09_s1_22,U2OS-02,4,M09,s1,CCL27,treated,U2OS,,train
6065,U2OS-02_4_M09_s1_23,U2OS-02,4,M09,s1,CCL27,treated,U2OS,,train
6066,U2OS-02_4_M09_s1_24,U2OS-02,4,M09,s1,CCL27,treated,U2OS,,train
6067,U2OS-02_4_M09_s1_26,U2OS-02,4,M09,s1,CCL27,treated,U2OS,,train
6068,U2OS-02_4_M09_s1_28,U2OS-02,4,M09,s1,CCL27,treated,U2OS,,train
6069,U2OS-02_4_M09_s1_29,U2OS-02,4,M09,s1,CCL27,treated,U2OS,,train
6070,U2OS-02_4_M09_s1_31,U2OS-02,4,M09,s1,CCL27,treated,U2OS,,train
6071,U2OS-02_4_M09_s1_33,U2OS-02,4,M09,s1,CCL27,treated,U2OS,,train
6072,U2OS-02_4_M09_s1_34,U2OS-02,4,M09,s1,CCL27,treated,U2OS,,train
6073,U2OS-02_4_M09_s1_35,U2OS-02,4,M09,s1,CCL27,treated,U2OS,,train
6074,U2OS-02_4_M09_s1_39,U2OS-02,4,M09,s1,CCL27,treated,U2OS,,train
6075,U2OS-02_4_M09_s1_41,U2OS-02,4,M09,s1,CCL27,treated,U2OS,,train
6076,U2OS-02_4_M09_s1_42,U2OS-02,4,M09,s1,CCL27,treated,U2OS,,train
6077,U2OS-02_4_M09_s1_43,U2OS-02,4,M09,s1,CCL27,treated,U2OS,,train
6078,U2OS-02_4_M09_s1_44,U2OS-02,4,M09,s1,CCL27,treated,U2OS,,train
6079,U2OS-02_4_M09_s1_45,U2OS-02,4,M09,s1,CCL27,treated,U2OS,,train
6080,U2OS-02_4_M09_s1_46,U2OS-02,4,M09,s1,CCL27,treated,U2OS,,train
6081,U2OS-02_4_M09_s1_50,U2OS-02,4,M09,s1,CCL27,treated,U2OS,,train
6082,U2OS-02_4_M09_s1_51,U2OS-02,4,M09,s1,CCL27,treated,U2OS,,train
6083,U2OS-02_4_M09_s1_52,U2OS-02,4,M09,s1,CCL27,treated,U2OS,,train
6084,U2OS-02_4_M09_s1_53,U2OS-02,4,M09,s1,CCL27,treated,U2OS,,train
6085,U2OS-02_4_M09_s1_54,U2OS-02,4,M09,s1,CCL27,treated,U2OS,,train
6086,U2OS-02_4_M09_s1_55,U2OS-02,4,M09,s1,CCL27,treated,U2OS,,train
6087,U2OS-02_4_M09_s1_56,U2OS-02,4,M09,s1,CCL27,treated,U2OS,,train
6088,U2OS-02_4_M09_s1_58,U2OS-02,4,M09,s1,CCL27,treated,U2OS,,train
6089,U2OS-02_4_M09_s1_59,U2OS-02,4,M09,s1,CCL27,treated,U2OS,,train
6090,U2OS-02_4_M09_s1_61,U2OS-02,4,M09,s1,CCL27,treated,U2OS,,train
6091,U2OS-02_4_M09_s1_62,U2OS-02,4,M09,s1,CCL27,treated,U2OS,,train
6092,U2OS-02_4_M09_s1_67,U2OS-02,4,M09,s1,CCL27,treated,U2OS,,train
6093,U2OS-02_4_M09_s1_69,U2OS-02,4,M09,s1,CCL27,treated,U2OS,,train
6094,U2OS-02_4_M09_s1_70,U2OS-02,4,M09,s1,CCL27,treated,U2OS,,train
6095,U2OS-02_4_M09_s1_72,U2OS-02,4,M09,s1,CCL27,treated,U2OS,,train
6096,U2OS-02_4_M09_s1_74,U2OS-02,4,M09,s1,CCL27,treated,U2OS,,train
6097,U2OS-02_4_M09_s1_76,U2OS-02,4,M09,s1,CCL27,treated,U2OS,,train
6098,U2OS-02_4_M09_s1_77,U2OS-02,4,M09,s1,CCL27,treated,U2OS,,train
6099,U2OS-02_4_M09_s1_79,U2OS-02,4,M09,s1,CCL27,treated,U2OS,,train
6100,U2OS-02_4_M13_s1_12,U2OS-02,4,M13,s1,IL24,treated,U2OS,,train
6101,U2OS-02_4_M13_s1_15,U2OS-02,4,M13,s1,IL24,treated,U2OS,,train
6102,U2OS-02_4_M13_s1_16,U2OS-02,4,M13,s1,IL24,treated,U2OS,,train
6103,U2OS-02_4_M13_s1_20,U2OS-02,4,M13,s1,IL24,treated,U2OS,,train
6104,U2OS-02_4_M13_s1_22,U2OS-02,4,M13,s1,IL24,treated,U2OS,,train
6105,U2OS-02_4_M13_s1_23,U2OS-02,4,M13,s1,IL24,treated,U2OS,,train
6106,U2OS-02_4_M13_s1_24,U2OS-02,4,M13,s1,IL24,treated,U2OS,,train
6107,U2OS-02_4_M13_s1_26,U2OS-02,4,M13,s1,IL24,treated,U2OS,,train
6108,U2OS-02_4_M13_s1_28,U2OS-02,4,M13,s1,IL24,treated,U2OS,,train
6109,U2OS-02_4_M13_s1_29,U2OS-02,4,M13,s1,IL24,treated,U2OS,,train
6110,U2OS-02_4_M13_s1_30,U2OS-02,4,M13,s1,IL24,treated,U2OS,,train
6111,U2OS-02_4_M13_s1_31,U2OS-02,4,M13,s1,IL24,treated,U2OS,,train
6112,U2OS-02_4_M13_s1_32,U2OS-02,4,M13,s1,IL24,treated,U2OS,,train
6113,U2OS-02_4_M13_s1_33,U2OS-02,4,M13,s1,IL24,treated,U2OS,,train
6114,U2OS-02_4_M13_s1_38,U2OS-02,4,M13,s1,IL24,treated,U2OS,,train
6115,U2OS-02_4_M13_s1_39,U2OS-02,4,M13,s1,IL24,treated,U2OS,,train
6116,U2OS-02_4_M13_s1_40,U2OS-02,4,M13,s1,IL24,treated,U2OS,,train
6117,U2OS-02_4_M13_s1_44,U2OS-02,4,M13,s1,IL24,treated,U2OS,,train
6118,U2OS-02_4_M13_s1_45,U2OS-02,4,M13,s1,IL24,treated,U2OS,,train
6119,U2OS-02_4_M13_s1_47,U2OS-02,4,M13,s1,IL24,treated,U2OS,,train
6120,U2OS-02_4_M13_s1_49,U2OS-02,4,M13,s1,IL24,treated,U2OS,,train
6121,U2OS-02_4_M13_s1_51,U2OS-02,4,M13,s1,IL24,treated,U2OS,,train
6122,U2OS-02_4_M13_s1_53,U2OS-02,4,M13,s1,IL24,treated,U2OS,,train
6123,U2OS-02_4_M13_s1_54,U2OS-02,4,M13,s1,IL24,treated,U2OS,,train
6124,U2OS-02_4_M13_s1_56,U2OS-02,4,M13,s1,IL24,treated,U2OS,,train
6125,U2OS-02_4_M13_s1_57,U2OS-02,4,M13,s1,IL24,treated,U2OS,,train
6126,U2OS-02_4_M13_s1_58,U2OS-02,4,M13,s1,IL24,treated,U2OS,,train
6127,U2OS-02_4_M13_s1_59,U2OS-02,4,M13,s1,IL24,treated,U2OS,,train
6128,U2OS-02_4_M13_s1_60,U2OS-02,4,M13,s1,IL24,treated,U2OS,,train
6129,U2OS-02_4_M13_s1_62,U2OS-02,4,M13,s1,IL24,treated,U2OS,,train
6130,U2OS-02_4_M13_s1_64,U2OS-02,4,M13,s1,IL24,treated,U2OS,,train
6131,U2OS-02_4_M13_s1_65,U2OS-02,4,M13,s1,IL24,treated,U2OS,,train
6132,U2OS-02_4_M13_s1_67,U2OS-02,4,M13,s1,IL24,treated,U2OS,,train
6133,U2OS-02_4_M13_s1_68,U2OS-02,4,M13,s1,IL24,treated,U2OS,,train
6134,U2OS-02_4_M13_s1_69,U2OS-02,4,M13,s1,IL24,treated,U2OS,,train
6135,U2OS-02_4_M13_s1_71,U2OS-02,4,M13,s1,IL24,treated,U2OS,,train
6136,U2OS-02_4_M13_s1_72,U2OS-02,4,M13,s1,IL24,treated,U2OS,,train
6137,U2OS-02_4_M13_s1_75,U2OS-02,4,M13,s1,IL24,treated,U2OS,,train
6138,U2OS-02_4_M13_s1_76,U2OS-02,4,M13,s1,IL24,treated,U2OS,,train
6139,U2OS-02_4_M13_s1_77,U2OS-02,4,M13,s1,IL24,treated,U2OS,,train
6140,U2OS-02_4_M16_s1_19,U2OS-02,4,M16,s1,RAMP2,treated,U2OS,,train
6141,U2OS-02_4_M16_s1_20,U2OS-02,4,M16,s1,RAMP2,treated,U2OS,,train
6142,U2OS-02_4_M16_s1_21,U2OS-02,4,M16,s1,RAMP2,treated,U2OS,,train
6143,U2OS-02_4_M16_s1_23,U2OS-02,4,M16,s1,RAMP2,treated,U2OS,,train
6144,U2OS-02_4_M16_s1_25,U2OS-02,4,M16,s1,RAMP2,treated,U2OS,,train
6145,U2OS-02_4_M16_s1_26,U2OS-02,4,M16,s1,RAMP2,treated,U2OS,,train
6146,U2OS-02_4_M16_s1_27,U2OS-02,4,M16,s1,RAMP2,treated,U2OS,,train
6147,U2OS-02_4_M16_s1_30,U2OS-02,4,M16,s1,RAMP2,treated,U2OS,,train
6148,U2OS-02_4_M16_s1_31,U2OS-02,4,M16,s1,RAMP2,treated,U2OS,,train
6149,U2OS-02_4_M16_s1_32,U2OS-02,4,M16,s1,RAMP2,treated,U2OS,,train
6150,U2OS-02_4_M16_s1_33,U2OS-02,4,M16,s1,RAMP2,treated,U2OS,,train
6151,U2OS-02_4_M16_s1_34,U2OS-02,4,M16,s1,RAMP2,treated,U2OS,,train
6152,U2OS-02_4_M16_s1_35,U2OS-02,4,M16,s1,RAMP2,treated,U2OS,,train
6153,U2OS-02_4_M16_s1_37,U2OS-02,4,M16,s1,RAMP2,treated,U2OS,,train
6154,U2OS-02_4_M16_s1_42,U2OS-02,4,M16,s1,RAMP2,treated,U2OS,,train
6155,U2OS-02_4_M16_s1_43,U2OS-02,4,M16,s1,RAMP2,treated,U2OS,,train
6156,U2OS-02_4_M16_s1_44,U2OS-02,4,M16,s1,RAMP2,treated,U2OS,,train
6157,U2OS-02_4_M16_s1_46,U2OS-02,4,M16,s1,RAMP2,treated,U2OS,,train
6158,U2OS-02_4_M16_s1_49,U2OS-02,4,M16,s1,RAMP2,treated,U2OS,,train
6159,U2OS-02_4_M16_s1_50,U2OS-02,4,M16,s1,RAMP2,treated,U2OS,,train
6160,U2OS-02_4_M16_s1_51,U2OS-02,4,M16,s1,RAMP2,treated,U2OS,,train
6161,U2OS-02_4_M16_s1_54,U2OS-02,4,M16,s1,RAMP2,treated,U2OS,,train
6162,U2OS-02_4_M16_s1_55,U2OS-02,4,M16,s1,RAMP2,treated,U2OS,,train
6163,U2OS-02_4_M16_s1_57,U2OS-02,4,M16,s1,RAMP2,treated,U2OS,,train
6164,U2OS-02_4_M16_s1_58,U2OS-02,4,M16,s1,RAMP2,treated,U2OS,,train
6165,U2OS-02_4_M16_s1_59,U2OS-02,4,M16,s1,RAMP2,treated,U2OS,,train
6166,U2OS-02_4_M16_s1_60,U2OS-02,4,M16,s1,RAMP2,treated,U2OS,,train
6167,U2OS-02_4_M16_s1_62,U2OS-02,4,M16,s1,RAMP2,treated,U2OS,,train
6168,U2OS-02_4_M16_s1_63,U2OS-02,4,M16,s1,RAMP2,treated,U2OS,,train
6169,U2OS-02_4_M16_s1_64,U2OS-02,4,M16,s1,RAMP2,treated,U2OS,,train
6170,U2OS-02_4_M16_s1_67,U2OS-02,4,M16,s1,RAMP2,treated,U2OS,,train
6171,U2OS-02_4_M16_s1_68,U2OS-02,4,M16,s1,RAMP2,treated,U2OS,,train
6172,U2OS-02_4_M16_s1_71,U2OS-02,4,M16,s1,RAMP2,treated,U2OS,,train
6173,U2OS-02_4_M16_s1_72,U2OS-02,4,M16,s1,RAMP2,treated,U2OS,,train
6174,U2OS-02_4_M16_s1_73,U2OS-02,4,M16,s1,RAMP2,treated,U2OS,,train
6175,U2OS-02_4_M16_s1_76,U2OS-02,4,M16,s1,RAMP2,treated,U2OS,,train
6176,U2OS-02_4_M16_s1_77,U2OS-02,4,M16,s1,RAMP2,treated,U2OS,,train
6177,U2OS-02_4_M16_s1_79,U2OS-02,4,M16,s1,RAMP2,treated,U2OS,,train
6178,U2OS-02_4_M16_s1_80,U2OS-02,4,M16,s1,RAMP2,treated,U2OS,,train
6179,U2OS-02_4_M16_s1_84,U2OS-02,4,M16,s1,RAMP2,treated,U2OS,,train
6180,U2OS-02_4_N18_s1_2,U2OS-02,4,N18,s1,SIVA1,treated,U2OS,,train
6181,U2OS-02_4_N18_s1_10,U2OS-02,4,N18,s1,SIVA1,treated,U2OS,,train
6182,U2OS-02_4_N18_s1_22,U2OS-02,4,N18,s1,SIVA1,treated,U2OS,,train
6183,U2OS-02_4_N18_s1_26,U2OS-02,4,N18,s1,SIVA1,treated,U2OS,,train
6184,U2OS-02_4_N18_s1_28,U2OS-02,4,N18,s1,SIVA1,treated,U2OS,,train
6185,U2OS-02_4_N18_s1_29,U2OS-02,4,N18,s1,SIVA1,treated,U2OS,,train
6186,U2OS-02_4_N18_s1_30,U2OS-02,4,N18,s1,SIVA1,treated,U2OS,,train
6187,U2OS-02_4_N18_s1_31,U2OS-02,4,N18,s1,SIVA1,treated,U2OS,,train
6188,U2OS-02_4_N18_s1_32,U2OS-02,4,N18,s1,SIVA1,treated,U2OS,,train
6189,U2OS-02_4_N18_s1_33,U2OS-02,4,N18,s1,SIVA1,treated,U2OS,,train
6190,U2OS-02_4_N18_s1_34,U2OS-02,4,N18,s1,SIVA1,treated,U2OS,,train
6191,U2OS-02_4_N18_s1_35,U2OS-02,4,N18,s1,SIVA1,treated,U2OS,,train
6192,U2OS-02_4_N18_s1_36,U2OS-02,4,N18,s1,SIVA1,treated,U2OS,,train
6193,U2OS-02_4_N18_s1_38,U2OS-02,4,N18,s1,SIVA1,treated,U2OS,,train
6194,U2OS-02_4_N18_s1_43,U2OS-02,4,N18,s1,SIVA1,treated,U2OS,,train
6195,U2OS-02_4_N18_s1_44,U2OS-02,4,N18,s1,SIVA1,treated,U2OS,,train
6196,U2OS-02_4_N18_s1_45,U2OS-02,4,N18,s1,SIVA1,treated,U2OS,,train
6197,U2OS-02_4_N18_s1_47,U2OS-02,4,N18,s1,SIVA1,treated,U2OS,,train
6198,U2OS-02_4_N18_s1_49,U2OS-02,4,N18,s1,SIVA1,treated,U2OS,,train
6199,U2OS-02_4_N18_s1_50,U2OS-02,4,N18,s1,SIVA1,treated,U2OS,,train
6200,U2OS-02_4_N18_s1_51,U2OS-02,4,N18,s1,SIVA1,treated,U2OS,,train
6201,U2OS-02_4_N18_s1_54,U2OS-02,4,N18,s1,SIVA1,treated,U2OS,,train
6202,U2OS-02_4_N18_s1_55,U2OS-02,4,N18,s1,SIVA1,treated,U2OS,,train
6203,U2OS-02_4_N18_s1_56,U2OS-02,4,N18,s1,SIVA1,treated,U2OS,,train
6204,U2OS-02_4_N18_s1_57,U2OS-02,4,N18,s1,SIVA1,treated,U2OS,,train
6205,U2OS-02_4_N18_s1_58,U2OS-02,4,N18,s1,SIVA1,treated,U2OS,,train
6206,U2OS-02_4_N18_s1_59,U2OS-02,4,N18,s1,SIVA1,treated,U2OS,,train
6207,U2OS-02_4_N18_s1_60,U2OS-02,4,N18,s1,SIVA1,treated,U2OS,,train
6208,U2OS-02_4_N18_s1_64,U2OS-02,4,N18,s1,SIVA1,treated,U2OS,,train
6209,U2OS-02_4_N18_s1_65,U2OS-02,4,N18,s1,SIVA1,treated,U2OS,,train
6210,U2OS-02_4_N18_s1_67,U2OS-02,4,N18,s1,SIVA1,treated,U2OS,,train
6211,U2OS-02_4_N18_s1_68,U2OS-02,4,N18,s1,SIVA1,treated,U2OS,,train
6212,U2OS-02_4_N18_s1_70,U2OS-02,4,N18,s1,SIVA1,treated,U2OS,,train
6213,U2OS-02_4_N18_s1_74,U2OS-02,4,N18,s1,SIVA1,treated,U2OS,,train
6214,U2OS-02_4_N18_s1_76,U2OS-02,4,N18,s1,SIVA1,treated,U2OS,,train
6215,U2OS-02_4_N18_s1_78,U2OS-02,4,N18,s1,SIVA1,treated,U2OS,,train
6216,U2OS-02_4_N18_s1_79,U2OS-02,4,N18,s1,SIVA1,treated,U2OS,,train
6217,U2OS-02_4_N18_s1_81,U2OS-02,4,N18,s1,SIVA1,treated,U2OS,,train
6218,U2OS-02_4_N18_s1_82,U2OS-02,4,N18,s1,SIVA1,treated,U2OS,,train
6219,U2OS-02_4_N18_s1_83,U2OS-02,4,N18,s1,SIVA1,treated,U2OS,,train
6220,U2OS-02_4_O02_s1_3,U2OS-02,4,O02,s1,RRAGB,treated,U2OS,,train
6221,U2OS-02_4_O02_s1_19,U2OS-02,4,O02,s1,RRAGB,treated,U2OS,,train
6222,U2OS-02_4_O02_s1_20,U2OS-02,4,O02,s1,RRAGB,treated,U2OS,,train
6223,U2OS-02_4_O02_s1_23,U2OS-02,4,O02,s1,RRAGB,treated,U2OS,,train
6224,U2OS-02_4_O02_s1_25,U2OS-02,4,O02,s1,RRAGB,treated,U2OS,,train
6225,U2OS-02_4_O02_s1_26,U2OS-02,4,O02,s1,RRAGB,treated,U2OS,,train
6226,U2OS-02_4_O02_s1_27,U2OS-02,4,O02,s1,RRAGB,treated,U2OS,,train
6227,U2OS-02_4_O02_s1_30,U2OS-02,4,O02,s1,RRAGB,treated,U2OS,,train
6228,U2OS-02_4_O02_s1_31,U2OS-02,4,O02,s1,RRAGB,treated,U2OS,,train
6229,U2OS-02_4_O02_s1_32,U2OS-02,4,O02,s1,RRAGB,treated,U2OS,,train
6230,U2OS-02_4_O02_s1_33,U2OS-02,4,O02,s1,RRAGB,treated,U2OS,,train
6231,U2OS-02_4_O02_s1_34,U2OS-02,4,O02,s1,RRAGB,treated,U2OS,,train
6232,U2OS-02_4_O02_s1_35,U2OS-02,4,O02,s1,RRAGB,treated,U2OS,,train
6233,U2OS-02_4_O02_s1_36,U2OS-02,4,O02,s1,RRAGB,treated,U2OS,,train
6234,U2OS-02_4_O02_s1_42,U2OS-02,4,O02,s1,RRAGB,treated,U2OS,,train
6235,U2OS-02_4_O02_s1_43,U2OS-02,4,O02,s1,RRAGB,treated,U2OS,,train
6236,U2OS-02_4_O02_s1_44,U2OS-02,4,O02,s1,RRAGB,treated,U2OS,,train
6237,U2OS-02_4_O02_s1_46,U2OS-02,4,O02,s1,RRAGB,treated,U2OS,,train
6238,U2OS-02_4_O02_s1_47,U2OS-02,4,O02,s1,RRAGB,treated,U2OS,,train
6239,U2OS-02_4_O02_s1_48,U2OS-02,4,O02,s1,RRAGB,treated,U2OS,,train
6240,U2OS-02_4_O02_s1_49,U2OS-02,4,O02,s1,RRAGB,treated,U2OS,,train
6241,U2OS-02_4_O02_s1_51,U2OS-02,4,O02,s1,RRAGB,treated,U2OS,,train
6242,U2OS-02_4_O02_s1_52,U2OS-02,4,O02,s1,RRAGB,treated,U2OS,,train
6243,U2OS-02_4_O02_s1_53,U2OS-02,4,O02,s1,RRAGB,treated,U2OS,,train
6244,U2OS-02_4_O02_s1_54,U2OS-02,4,O02,s1,RRAGB,treated,U2OS,,train
6245,U2OS-02_4_O02_s1_56,U2OS-02,4,O02,s1,RRAGB,treated,U2OS,,train
6246,U2OS-02_4_O02_s1_57,U2OS-02,4,O02,s1,RRAGB,treated,U2OS,,train
6247,U2OS-02_4_O02_s1_58,U2OS-02,4,O02,s1,RRAGB,treated,U2OS,,train
6248,U2OS-02_4_O02_s1_59,U2OS-02,4,O02,s1,RRAGB,treated,U2OS,,train
6249,U2OS-02_4_O02_s1_61,U2OS-02,4,O02,s1,RRAGB,treated,U2OS,,train
6250,U2OS-02_4_O02_s1_63,U2OS-02,4,O02,s1,RRAGB,treated,U2OS,,train
6251,U2OS-02_4_O02_s1_64,U2OS-02,4,O02,s1,RRAGB,treated,U2OS,,train
6252,U2OS-02_4_O02_s1_68,U2OS-02,4,O02,s1,RRAGB,treated,U2OS,,train
6253,U2OS-02_4_O02_s1_70,U2OS-02,4,O02,s1,RRAGB,treated,U2OS,,train
6254,U2OS-02_4_O02_s1_71,U2OS-02,4,O02,s1,RRAGB,treated,U2OS,,train
6255,U2OS-02_4_O02_s1_73,U2OS-02,4,O02,s1,RRAGB,treated,U2OS,,train
6256,U2OS-02_4_O02_s1_75,U2OS-02,4,O02,s1,RRAGB,treated,U2OS,,train
6257,U2OS-02_4_O02_s1_77,U2OS-02,4,O02,s1,RRAGB,treated,U2OS,,train
6258,U2OS-02_4_O02_s1_78,U2OS-02,4,O02,s1,RRAGB,treated,U2OS,,train
6259,U2OS-02_4_O02_s1_79,U2OS-02,4,O02,s1,RRAGB,treated,U2OS,,train
6260,U2OS-02_4_O08_s1_8,U2OS-02,4,O08,s1,SMNDC1,treated,U2OS,,train
6261,U2OS-02_4_O08_s1_9,U2OS-02,4,O08,s1,SMNDC1,treated,U2OS,,train
6262,U2OS-02_4_O08_s1_10,U2OS-02,4,O08,s1,SMNDC1,treated,U2OS,,train
6263,U2OS-02_4_O08_s1_12,U2OS-02,4,O08,s1,SMNDC1,treated,U2OS,,train
6264,U2OS-02_4_O08_s1_14,U2OS-02,4,O08,s1,SMNDC1,treated,U2OS,,train
6265,U2OS-02_4_O08_s1_15,U2OS-02,4,O08,s1,SMNDC1,treated,U2OS,,train
6266,U2OS-02_4_O08_s1_16,U2OS-02,4,O08,s1,SMNDC1,treated,U2OS,,train
6267,U2OS-02_4_O08_s1_17,U2OS-02,4,O08,s1,SMNDC1,treated,U2OS,,train
6268,U2OS-02_4_O08_s1_18,U2OS-02,4,O08,s1,SMNDC1,treated,U2OS,,train
6269,U2OS-02_4_O08_s1_19,U2OS-02,4,O08,s1,SMNDC1,treated,U2OS,,train
6270,U2OS-02_4_O08_s1_20,U2OS-02,4,O08,s1,SMNDC1,treated,U2OS,,train
6271,U2OS-02_4_O08_s1_22,U2OS-02,4,O08,s1,SMNDC1,treated,U2OS,,train
6272,U2OS-02_4_O08_s1_23,U2OS-02,4,O08,s1,SMNDC1,treated,U2OS,,train
6273,U2OS-02_4_O08_s1_24,U2OS-02,4,O08,s1,SMNDC1,treated,U2OS,,train
6274,U2OS-02_4_O08_s1_29,U2OS-02,4,O08,s1,SMNDC1,treated,U2OS,,train
6275,U2OS-02_4_O08_s1_30,U2OS-02,4,O08,s1,SMNDC1,treated,U2OS,,train
6276,U2OS-02_4_O08_s1_31,U2OS-02,4,O08,s1,SMNDC1,treated,U2OS,,train
6277,U2OS-02_4_O08_s1_38,U2OS-02,4,O08,s1,SMNDC1,treated,U2OS,,train
6278,U2OS-02_4_O08_s1_40,U2OS-02,4,O08,s1,SMNDC1,treated,U2OS,,train
6279,U2OS-02_4_O08_s1_41,U2OS-02,4,O08,s1,SMNDC1,treated,U2OS,,train
6280,U2OS-02_4_O08_s1_43,U2OS-02,4,O08,s1,SMNDC1,treated,U2OS,,train
6281,U2OS-02_4_O08_s1_46,U2OS-02,4,O08,s1,SMNDC1,treated,U2OS,,train
6282,U2OS-02_4_O08_s1_48,U2OS-02,4,O08,s1,SMNDC1,treated,U2OS,,train
6283,U2OS-02_4_O08_s1_49,U2OS-02,4,O08,s1,SMNDC1,treated,U2OS,,train
6284,U2OS-02_4_O08_s1_50,U2OS-02,4,O08,s1,SMNDC1,treated,U2OS,,train
6285,U2OS-02_4_O08_s1_51,U2OS-02,4,O08,s1,SMNDC1,treated,U2OS,,train
6286,U2OS-02_4_O08_s1_53,U2OS-02,4,O08,s1,SMNDC1,treated,U2OS,,train
6287,U2OS-02_4_O08_s1_54,U2OS-02,4,O08,s1,SMNDC1,treated,U2OS,,train
6288,U2OS-02_4_O08_s1_55,U2OS-02,4,O08,s1,SMNDC1,treated,U2OS,,train
6289,U2OS-02_4_O08_s1_56,U2OS-02,4,O08,s1,SMNDC1,treated,U2OS,,train
6290,U2OS-02_4_O08_s1_59,U2OS-02,4,O08,s1,SMNDC1,treated,U2OS,,train
6291,U2OS-02_4_O08_s1_60,U2OS-02,4,O08,s1,SMNDC1,treated,U2OS,,train
6292,U2OS-02_4_O08_s1_62,U2OS-02,4,O08,s1,SMNDC1,treated,U2OS,,train
6293,U2OS-02_4_O08_s2_8,U2OS-02,4,O08,s2,SMNDC1,treated,U2OS,,train
6294,U2OS-02_4_O08_s2_14,U2OS-02,4,O08,s2,SMNDC1,treated,U2OS,,train
6295,U2OS-02_4_O08_s2_17,U2OS-02,4,O08,s2,SMNDC1,treated,U2OS,,train
6296,U2OS-02_4_O08_s2_18,U2OS-02,4,O08,s2,SMNDC1,treated,U2OS,,train
6297,U2OS-02_4_O08_s2_21,U2OS-02,4,O08,s2,SMNDC1,treated,U2OS,,train
6298,U2OS-02_4_O08_s2_22,U2OS-02,4,O08,s2,SMNDC1,treated,U2OS,,train
6299,U2OS-02_4_O08_s2_23,U2OS-02,4,O08,s2,SMNDC1,treated,U2OS,,train
6300,U2OS-02_4_O10_s1_11,U2OS-02,4,O10,s1,MXD4,treated,U2OS,,train
6301,U2OS-02_4_O10_s1_18,U2OS-02,4,O10,s1,MXD4,treated,U2OS,,train
6302,U2OS-02_4_O10_s1_19,U2OS-02,4,O10,s1,MXD4,treated,U2OS,,train
6303,U2OS-02_4_O10_s1_22,U2OS-02,4,O10,s1,MXD4,treated,U2OS,,train
6304,U2OS-02_4_O10_s1_24,U2OS-02,4,O10,s1,MXD4,treated,U2OS,,train
6305,U2OS-02_4_O10_s1_27,U2OS-02,4,O10,s1,MXD4,treated,U2OS,,train
6306,U2OS-02_4_O10_s1_28,U2OS-02,4,O10,s1,MXD4,treated,U2OS,,train
6307,U2OS-02_4_O10_s1_29,U2OS-02,4,O10,s1,MXD4,treated,U2OS,,train
6308,U2OS-02_4_O10_s1_30,U2OS-02,4,O10,s1,MXD4,treated,U2OS,,train
6309,U2OS-02_4_O10_s1_31,U2OS-02,4,O10,s1,MXD4,treated,U2OS,,train
6310,U2OS-02_4_O10_s1_32,U2OS-02,4,O10,s1,MXD4,treated,U2OS,,train
6311,U2OS-02_4_O10_s1_33,U2OS-02,4,O10,s1,MXD4,treated,U2OS,,train
6312,U2OS-02_4_O10_s1_34,U2OS-02,4,O10,s1,MXD4,treated,U2OS,,train
6313,U2OS-02_4_O10_s1_35,U2OS-02,4,O10,s1,MXD4,treated,U2OS,,train
6314,U2OS-02_4_O10_s1_41,U2OS-02,4,O10,s1,MXD4,treated,U2OS,,train
6315,U2OS-02_4_O10_s1_42,U2OS-02,4,O10,s1,MXD4,treated,U2OS,,train
6316,U2OS-02_4_O10_s1_43,U2OS-02,4,O10,s1,MXD4,treated,U2OS,,train
6317,U2OS-02_4_O10_s1_46,U2OS-02,4,O10,s1,MXD4,treated,U2OS,,train
6318,U2OS-02_4_O10_s1_47,U2OS-02,4,O10,s1,MXD4,treated,U2OS,,train
6319,U2OS-02_4_O10_s1_48,U2OS-02,4,O10,s1,MXD4,treated,U2OS,,train
6320,U2OS-02_4_O10_s1_50,U2OS-02,4,O10,s1,MXD4,treated,U2OS,,train
6321,U2OS-02_4_O10_s1_52,U2OS-02,4,O10,s1,MXD4,treated,U2OS,,train
6322,U2OS-02_4_O10_s1_53,U2OS-02,4,O10,s1,MXD4,treated,U2OS,,train
6323,U2OS-02_4_O10_s1_54,U2OS-02,4,O10,s1,MXD4,treated,U2OS,,train
6324,U2OS-02_4_O10_s1_55,U2OS-02,4,O10,s1,MXD4,treated,U2OS,,train
6325,U2OS-02_4_O10_s1_56,U2OS-02,4,O10,s1,MXD4,treated,U2OS,,train
6326,U2OS-02_4_O10_s1_57,U2OS-02,4,O10,s1,MXD4,treated,U2OS,,train
6327,U2OS-02_4_O10_s1_58,U2OS-02,4,O10,s1,MXD4,treated,U2OS,,train
6328,U2OS-02_4_O10_s1_59,U2OS-02,4,O10,s1,MXD4,treated,U2OS,,train
6329,U2OS-02_4_O10_s1_61,U2OS-02,4,O10,s1,MXD4,treated,U2OS,,train
6330,U2OS-02_4_O10_s1_63,U2OS-02,4,O10,s1,MXD4,treated,U2OS,,train
6331,U2OS-02_4_O10_s1_65,U2OS-02,4,O10,s1,MXD4,treated,U2OS,,train
6332,U2OS-02_4_O10_s1_67,U2OS-02,4,O10,s1,MXD4,treated,U2OS,,train
6333,U2OS-02_4_O10_s1_69,U2OS-02,4,O10,s1,MXD4,treated,U2OS,,train
6334,U2OS-02_4_O10_s1_70,U2OS-02,4,O10,s1,MXD4,treated,U2OS,,train
6335,U2OS-02_4_O10_s1_72,U2OS-02,4,O10,s1,MXD4,treated,U2OS,,train
6336,U2OS-02_4_O10_s1_73,U2OS-02,4,O10,s1,MXD4,treated,U2OS,,train
6337,U2OS-02_4_O10_s1_75,U2OS-02,4,O10,s1,MXD4,treated,U2OS,,train
6338,U2OS-02_4_O10_s1_76,U2OS-02,4,O10,s1,MXD4,treated,U2OS,,train
6339,U2OS-02_4_O10_s1_78,U2OS-02,4,O10,s1,MXD4,treated,U2OS,,train
6340,U2OS-02_2_B02_s1_10,U2OS-02,2,B02,s1,UNTREATED,negative_control,U2OS,,train
6341,U2OS-02_2_B02_s1_15,U2OS-02,2,B02,s1,UNTREATED,negative_control,U2OS,,train
6342,U2OS-02_2_B02_s1_18,U2OS-02,2,B02,s1,UNTREATED,negative_control,U2OS,,train
6343,U2OS-02_2_B02_s1_20,U2OS-02,2,B02,s1,UNTREATED,negative_control,U2OS,,train
6344,U2OS-02_2_B02_s1_22,U2OS-02,2,B02,s1,UNTREATED,negative_control,U2OS,,train
6345,U2OS-02_2_B02_s1_24,U2OS-02,2,B02,s1,UNTREATED,negative_control,U2OS,,train
6346,U2OS-02_2_B02_s1_25,U2OS-02,2,B02,s1,UNTREATED,negative_control,U2OS,,train
6347,U2OS-02_2_B02_s1_26,U2OS-02,2,B02,s1,UNTREATED,negative_control,U2OS,,train
6348,U2OS-02_2_B02_s1_27,U2OS-02,2,B02,s1,UNTREATED,negative_control,U2OS,,train
6349,U2OS-02_2_B02_s1_28,U2OS-02,2,B02,s1,UNTREATED,negative_control,U2OS,,train
6350,U2OS-02_2_B02_s1_30,U2OS-02,2,B02,s1,UNTREATED,negative_control,U2OS,,train
6351,U2OS-02_2_B02_s1_33,U2OS-02,2,B02,s1,UNTREATED,negative_control,U2OS,,train
6352,U2OS-02_2_B02_s1_34,U2OS-02,2,B02,s1,UNTREATED,negative_control,U2OS,,train
6353,U2OS-02_2_B02_s1_35,U2OS-02,2,B02,s1,UNTREATED,negative_control,U2OS,,train
6354,U2OS-02_2_B02_s1_40,U2OS-02,2,B02,s1,UNTREATED,negative_control,U2OS,,train
6355,U2OS-02_2_B02_s1_42,U2OS-02,2,B02,s1,UNTREATED,negative_control,U2OS,,train
6356,U2OS-02_2_B02_s1_44,U2OS-02,2,B02,s1,UNTREATED,negative_control,U2OS,,train
6357,U2OS-02_2_B02_s1_45,U2OS-02,2,B02,s1,UNTREATED,negative_control,U2OS,,train
6358,U2OS-02_2_B02_s1_46,U2OS-02,2,B02,s1,UNTREATED,negative_control,U2OS,,train
6359,U2OS-02_2_B02_s1_47,U2OS-02,2,B02,s1,UNTREATED,negative_control,U2OS,,train
6360,U2OS-02_2_B02_s1_53,U2OS-02,2,B02,s1,UNTREATED,negative_control,U2OS,,train
6361,U2OS-02_2_B02_s1_55,U2OS-02,2,B02,s1,UNTREATED,negative_control,U2OS,,train
6362,U2OS-02_2_B02_s1_56,U2OS-02,2,B02,s1,UNTREATED,negative_control,U2OS,,train
6363,U2OS-02_2_B02_s1_57,U2OS-02,2,B02,s1,UNTREATED,negative_control,U2OS,,train
6364,U2OS-02_2_B02_s1_58,U2OS-02,2,B02,s1,UNTREATED,negative_control,U2OS,,train
6365,U2OS-02_2_B02_s1_59,U2OS-02,2,B02,s1,UNTREATED,negative_control,U2OS,,train
6366,U2OS-02_2_B02_s1_60,U2OS-02,2,B02,s1,UNTREATED,negative_control,U2OS,,train
6367,U2OS-02_2_B02_s1_61,U2OS-02,2,B02,s1,UNTREATED,negative_control,U2OS,,train
6368,U2OS-02_2_B02_s1_63,U2OS-02,2,B02,s1,UNTREATED,negative_control,U2OS,,train
6369,U2OS-02_2_B02_s1_64,U2OS-02,2,B02,s1,UNTREATED,negative_control,U2OS,,train
6370,U2OS-02_2_B02_s1_66,U2OS-02,2,B02,s1,UNTREATED,negative_control,U2OS,,train
6371,U2OS-02_2_B02_s1_67,U2OS-02,2,B02,s1,UNTREATED,negative_control,U2OS,,train
6372,U2OS-02_2_B02_s1_69,U2OS-02,2,B02,s1,UNTREATED,negative_control,U2OS,,train
6373,U2OS-02_2_B02_s1_70,U2OS-02,2,B02,s1,UNTREATED,negative_control,U2OS,,train
6374,U2OS-02_2_B02_s1_73,U2OS-02,2,B02,s1,UNTREATED,negative_control,U2OS,,train
6375,U2OS-02_2_B02_s1_75,U2OS-02,2,B02,s1,UNTREATED,negative_control,U2OS,,train
6376,U2OS-02_2_B02_s1_76,U2OS-02,2,B02,s1,UNTREATED,negative_control,U2OS,,train
6377,U2OS-02_2_B02_s1_79,U2OS-02,2,B02,s1,UNTREATED,negative_control,U2OS,,train
6378,U2OS-02_2_B02_s1_80,U2OS-02,2,B02,s1,UNTREATED,negative_control,U2OS,,train
6379,U2OS-02_2_B02_s1_81,U2OS-02,2,B02,s1,UNTREATED,negative_control,U2OS,,train
6380,U2OS-02_2_B10_s1_18,U2OS-02,2,B10,s1,CDADC1,treated,U2OS,,train
6381,U2OS-02_2_B10_s1_19,U2OS-02,2,B10,s1,CDADC1,treated,U2OS,,train
6382,U2OS-02_2_B10_s1_20,U2OS-02,2,B10,s1,CDADC1,treated,U2OS,,train
6383,U2OS-02_2_B10_s1_23,U2OS-02,2,B10,s1,CDADC1,treated,U2OS,,train
6384,U2OS-02_2_B10_s1_26,U2OS-02,2,B10,s1,CDADC1,treated,U2OS,,train
6385,U2OS-02_2_B10_s1_27,U2OS-02,2,B10,s1,CDADC1,treated,U2OS,,train
6386,U2OS-02_2_B10_s1_28,U2OS-02,2,B10,s1,CDADC1,treated,U2OS,,train
6387,U2OS-02_2_B10_s1_29,U2OS-02,2,B10,s1,CDADC1,treated,U2OS,,train
6388,U2OS-02_2_B10_s1_31,U2OS-02,2,B10,s1,CDADC1,treated,U2OS,,train
6389,U2OS-02_2_B10_s1_32,U2OS-02,2,B10,s1,CDADC1,treated,U2OS,,train
6390,U2OS-02_2_B10_s1_34,U2OS-02,2,B10,s1,CDADC1,treated,U2OS,,train
6391,U2OS-02_2_B10_s1_36,U2OS-02,2,B10,s1,CDADC1,treated,U2OS,,train
6392,U2OS-02_2_B10_s1_37,U2OS-02,2,B10,s1,CDADC1,treated,U2OS,,train
6393,U2OS-02_2_B10_s1_38,U2OS-02,2,B10,s1,CDADC1,treated,U2OS,,train
6394,U2OS-02_2_B10_s1_42,U2OS-02,2,B10,s1,CDADC1,treated,U2OS,,train
6395,U2OS-02_2_B10_s1_43,U2OS-02,2,B10,s1,CDADC1,treated,U2OS,,train
6396,U2OS-02_2_B10_s1_45,U2OS-02,2,B10,s1,CDADC1,treated,U2OS,,train
6397,U2OS-02_2_B10_s1_46,U2OS-02,2,B10,s1,CDADC1,treated,U2OS,,train
6398,U2OS-02_2_B10_s1_48,U2OS-02,2,B10,s1,CDADC1,treated,U2OS,,train
6399,U2OS-02_2_B10_s1_49,U2OS-02,2,B10,s1,CDADC1,treated,U2OS,,train
6400,U2OS-02_2_B10_s1_50,U2OS-02,2,B10,s1,CDADC1,treated,U2OS,,train
6401,U2OS-02_2_B10_s1_53,U2OS-02,2,B10,s1,CDADC1,treated,U2OS,,train
6402,U2OS-02_2_B10_s1_54,U2OS-02,2,B10,s1,CDADC1,treated,U2OS,,train
6403,U2OS-02_2_B10_s1_55,U2OS-02,2,B10,s1,CDADC1,treated,U2OS,,train
6404,U2OS-02_2_B10_s1_56,U2OS-02,2,B10,s1,CDADC1,treated,U2OS,,train
6405,U2OS-02_2_B10_s1_58,U2OS-02,2,B10,s1,CDADC1,treated,U2OS,,train
6406,U2OS-02_2_B10_s1_59,U2OS-02,2,B10,s1,CDADC1,treated,U2OS,,train
6407,U2OS-02_2_B10_s1_60,U2OS-02,2,B10,s1,CDADC1,treated,U2OS,,train
6408,U2OS-02_2_B10_s1_61,U2OS-02,2,B10,s1,CDADC1,treated,U2OS,,train
6409,U2OS-02_2_B10_s1_62,U2OS-02,2,B10,s1,CDADC1,treated,U2OS,,train
6410,U2OS-02_2_B10_s1_65,U2OS-02,2,B10,s1,CDADC1,treated,U2OS,,train
6411,U2OS-02_2_B10_s1_66,U2OS-02,2,B10,s1,CDADC1,treated,U2OS,,train
6412,U2OS-02_2_B10_s1_68,U2OS-02,2,B10,s1,CDADC1,treated,U2OS,,train
6413,U2OS-02_2_B10_s1_69,U2OS-02,2,B10,s1,CDADC1,treated,U2OS,,train
6414,U2OS-02_2_B10_s1_70,U2OS-02,2,B10,s1,CDADC1,treated,U2OS,,train
6415,U2OS-02_2_B10_s1_73,U2OS-02,2,B10,s1,CDADC1,treated,U2OS,,train
6416,U2OS-02_2_B10_s1_74,U2OS-02,2,B10,s1,CDADC1,treated,U2OS,,train
6417,U2OS-02_2_B10_s1_78,U2OS-02,2,B10,s1,CDADC1,treated,U2OS,,train
6418,U2OS-02_2_B10_s1_79,U2OS-02,2,B10,s1,CDADC1,treated,U2OS,,train
6419,U2OS-02_2_B10_s1_80,U2OS-02,2,B10,s1,CDADC1,treated,U2OS,,train
6420,U2OS-02_2_B21_s1_14,U2OS-02,2,B21,s1,SLITRK2,treated,U2OS,,train
6421,U2OS-02_2_B21_s1_16,U2OS-02,2,B21,s1,SLITRK2,treated,U2OS,,train
6422,U2OS-02_2_B21_s1_18,U2OS-02,2,B21,s1,SLITRK2,treated,U2OS,,train
6423,U2OS-02_2_B21_s1_22,U2OS-02,2,B21,s1,SLITRK2,treated,U2OS,,train
6424,U2OS-02_2_B21_s1_26,U2OS-02,2,B21,s1,SLITRK2,treated,U2OS,,train
6425,U2OS-02_2_B21_s1_27,U2OS-02,2,B21,s1,SLITRK2,treated,U2OS,,train
6426,U2OS-02_2_B21_s1_29,U2OS-02,2,B21,s1,SLITRK2,treated,U2OS,,train
6427,U2OS-02_2_B21_s1_31,U2OS-02,2,B21,s1,SLITRK2,treated,U2OS,,train
6428,U2OS-02_2_B21_s1_33,U2OS-02,2,B21,s1,SLITRK2,treated,U2OS,,train
6429,U2OS-02_2_B21_s1_34,U2OS-02,2,B21,s1,SLITRK2,treated,U2OS,,train
6430,U2OS-02_2_B21_s1_35,U2OS-02,2,B21,s1,SLITRK2,treated,U2OS,,train
6431,U2OS-02_2_B21_s1_38,U2OS-02,2,B21,s1,SLITRK2,treated,U2OS,,train
6432,U2OS-02_2_B21_s1_41,U2OS-02,2,B21,s1,SLITRK2,treated,U2OS,,train
6433,U2OS-02_2_B21_s1_42,U2OS-02,2,B21,s1,SLITRK2,treated,U2OS,,train
6434,U2OS-02_2_B21_s1_46,U2OS-02,2,B21,s1,SLITRK2,treated,U2OS,,train
6435,U2OS-02_2_B21_s1_47,U2OS-02,2,B21,s1,SLITRK2,treated,U2OS,,train
6436,U2OS-02_2_B21_s1_50,U2OS-02,2,B21,s1,SLITRK2,treated,U2OS,,train
6437,U2OS-02_2_B21_s1_54,U2OS-02,2,B21,s1,SLITRK2,treated,U2OS,,train
6438,U2OS-02_2_B21_s1_55,U2OS-02,2,B21,s1,SLITRK2,treated,U2OS,,train
6439,U2OS-02_2_B21_s1_56,U2OS-02,2,B21,s1,SLITRK2,treated,U2OS,,train
6440,U2OS-02_2_B21_s1_57,U2OS-02,2,B21,s1,SLITRK2,treated,U2OS,,train
6441,U2OS-02_2_B21_s1_60,U2OS-02,2,B21,s1,SLITRK2,treated,U2OS,,train
6442,U2OS-02_2_B21_s1_61,U2OS-02,2,B21,s1,SLITRK2,treated,U2OS,,train
6443,U2OS-02_2_B21_s1_63,U2OS-02,2,B21,s1,SLITRK2,treated,U2OS,,train
6444,U2OS-02_2_B21_s1_64,U2OS-02,2,B21,s1,SLITRK2,treated,U2OS,,train
6445,U2OS-02_2_B21_s1_65,U2OS-02,2,B21,s1,SLITRK2,treated,U2OS,,train
6446,U2OS-02_2_B21_s1_66,U2OS-02,2,B21,s1,SLITRK2,treated,U2OS,,train
6447,U2OS-02_2_B21_s1_68,U2OS-02,2,B21,s1,SLITRK2,treated,U2OS,,train
6448,U2OS-02_2_B21_s1_69,U2OS-02,2,B21,s1,SLITRK2,treated,U2OS,,train
6449,U2OS-02_2_B21_s1_70,U2OS-02,2,B21,s1,SLITRK2,treated,U2OS,,train
6450,U2OS-02_2_B21_s1_73,U2OS-02,2,B21,s1,SLITRK2,treated,U2OS,,train
6451,U2OS-02_2_B21_s1_74,U2OS-02,2,B21,s1,SLITRK2,treated,U2OS,,train
6452,U2OS-02_2_B21_s1_76,U2OS-02,2,B21,s1,SLITRK2,treated,U2OS,,train
6453,U2OS-02_2_B21_s1_77,U2OS-02,2,B21,s1,SLITRK2,treated,U2OS,,train
6454,U2OS-02_2_B21_s1_78,U2OS-02,2,B21,s1,SLITRK2,treated,U2OS,,train
6455,U2OS-02_2_B21_s1_80,U2OS-02,2,B21,s1,SLITRK2,treated,U2OS,,train
6456,U2OS-02_2_B21_s1_82,U2OS-02,2,B21,s1,SLITRK2,treated,U2OS,,train
6457,U2OS-02_2_B21_s1_85,U2OS-02,2,B21,s1,SLITRK2,treated,U2OS,,train
6458,U2OS-02_2_B21_s1_86,U2OS-02,2,B21,s1,SLITRK2,treated,U2OS,,train
6459,U2OS-02_2_B21_s1_87,U2OS-02,2,B21,s1,SLITRK2,treated,U2OS,,train
6460,U2OS-02_2_C12_s1_17,U2OS-02,2,C12,s1,LOC81691,treated,U2OS,,train
6461,U2OS-02_2_C12_s1_20,U2OS-02,2,C12,s1,LOC81691,treated,U2OS,,train
6462,U2OS-02_2_C12_s1_22,U2OS-02,2,C12,s1,LOC81691,treated,U2OS,,train
6463,U2OS-02_2_C12_s1_24,U2OS-02,2,C12,s1,LOC81691,treated,U2OS,,train
6464,U2OS-02_2_C12_s1_26,U2OS-02,2,C12,s1,LOC81691,treated,U2OS,,train
6465,U2OS-02_2_C12_s1_28,U2OS-02,2,C12,s1,LOC81691,treated,U2OS,,train
6466,U2OS-02_2_C12_s1_29,U2OS-02,2,C12,s1,LOC81691,treated,U2OS,,train
6467,U2OS-02_2_C12_s1_30,U2OS-02,2,C12,s1,LOC81691,treated,U2OS,,train
6468,U2OS-02_2_C12_s1_32,U2OS-02,2,C12,s1,LOC81691,treated,U2OS,,train
6469,U2OS-02_2_C12_s1_33,U2OS-02,2,C12,s1,LOC81691,treated,U2OS,,train
6470,U2OS-02_2_C12_s1_35,U2OS-02,2,C12,s1,LOC81691,treated,U2OS,,train
6471,U2OS-02_2_C12_s1_36,U2OS-02,2,C12,s1,LOC81691,treated,U2OS,,train
6472,U2OS-02_2_C12_s1_37,U2OS-02,2,C12,s1,LOC81691,treated,U2OS,,train
6473,U2OS-02_2_C12_s1_38,U2OS-02,2,C12,s1,LOC81691,treated,U2OS,,train
6474,U2OS-02_2_C12_s1_43,U2OS-02,2,C12,s1,LOC81691,treated,U2OS,,train
6475,U2OS-02_2_C12_s1_44,U2OS-02,2,C12,s1,LOC81691,treated,U2OS,,train
6476,U2OS-02_2_C12_s1_45,U2OS-02,2,C12,s1,LOC81691,treated,U2OS,,train
6477,U2OS-02_2_C12_s1_46,U2OS-02,2,C12,s1,LOC81691,treated,U2OS,,train
6478,U2OS-02_2_C12_s1_47,U2OS-02,2,C12,s1,LOC81691,treated,U2OS,,train
6479,U2OS-02_2_C12_s1_48,U2OS-02,2,C12,s1,LOC81691,treated,U2OS,,train
6480,U2OS-02_2_C12_s1_49,U2OS-02,2,C12,s1,LOC81691,treated,U2OS,,train
6481,U2OS-02_2_C12_s1_52,U2OS-02,2,C12,s1,LOC81691,treated,U2OS,,train
6482,U2OS-02_2_C12_s1_53,U2OS-02,2,C12,s1,LOC81691,treated,U2OS,,train
6483,U2OS-02_2_C12_s1_54,U2OS-02,2,C12,s1,LOC81691,treated,U2OS,,train
6484,U2OS-02_2_C12_s1_55,U2OS-02,2,C12,s1,LOC81691,treated,U2OS,,train
6485,U2OS-02_2_C12_s1_56,U2OS-02,2,C12,s1,LOC81691,treated,U2OS,,train
6486,U2OS-02_2_C12_s1_57,U2OS-02,2,C12,s1,LOC81691,treated,U2OS,,train
6487,U2OS-02_2_C12_s1_58,U2OS-02,2,C12,s1,LOC81691,treated,U2OS,,train
6488,U2OS-02_2_C12_s1_60,U2OS-02,2,C12,s1,LOC81691,treated,U2OS,,train
6489,U2OS-02_2_C12_s1_61,U2OS-02,2,C12,s1,LOC81691,treated,U2OS,,train
6490,U2OS-02_2_C12_s1_65,U2OS-02,2,C12,s1,LOC81691,treated,U2OS,,train
6491,U2OS-02_2_C12_s1_66,U2OS-02,2,C12,s1,LOC81691,treated,U2OS,,train
6492,U2OS-02_2_C12_s1_68,U2OS-02,2,C12,s1,LOC81691,treated,U2OS,,train
6493,U2OS-02_2_C12_s1_69,U2OS-02,2,C12,s1,LOC81691,treated,U2OS,,train
6494,U2OS-02_2_C12_s1_71,U2OS-02,2,C12,s1,LOC81691,treated,U2OS,,train
6495,U2OS-02_2_C12_s1_73,U2OS-02,2,C12,s1,LOC81691,treated,U2OS,,train
6496,U2OS-02_2_C12_s1_74,U2OS-02,2,C12,s1,LOC81691,treated,U2OS,,train
6497,U2OS-02_2_C12_s1_76,U2OS-02,2,C12,s1,LOC81691,treated,U2OS,,train
6498,U2OS-02_2_C12_s1_77,U2OS-02,2,C12,s1,LOC81691,treated,U2OS,,train
6499,U2OS-02_2_C12_s1_78,U2OS-02,2,C12,s1,LOC81691,treated,U2OS,,train
6500,U2OS-02_2_C18_s1_6,U2OS-02,2,C18,s1,ABHD11,treated,U2OS,,train
6501,U2OS-02_2_C18_s1_8,U2OS-02,2,C18,s1,ABHD11,treated,U2OS,,train
6502,U2OS-02_2_C18_s1_10,U2OS-02,2,C18,s1,ABHD11,treated,U2OS,,train
6503,U2OS-02_2_C18_s1_11,U2OS-02,2,C18,s1,ABHD11,treated,U2OS,,train
6504,U2OS-02_2_C18_s1_13,U2OS-02,2,C18,s1,ABHD11,treated,U2OS,,train
6505,U2OS-02_2_C18_s1_16,U2OS-02,2,C18,s1,ABHD11,treated,U2OS,,train
6506,U2OS-02_2_C18_s1_18,U2OS-02,2,C18,s1,ABHD11,treated,U2OS,,train
6507,U2OS-02_2_C18_s1_21,U2OS-02,2,C18,s1,ABHD11,treated,U2OS,,train
6508,U2OS-02_2_C18_s1_22,U2OS-02,2,C18,s1,ABHD11,treated,U2OS,,train
6509,U2OS-02_2_C18_s1_23,U2OS-02,2,C18,s1,ABHD11,treated,U2OS,,train
6510,U2OS-02_2_C18_s1_24,U2OS-02,2,C18,s1,ABHD11,treated,U2OS,,train
6511,U2OS-02_2_C18_s1_26,U2OS-02,2,C18,s1,ABHD11,treated,U2OS,,train
6512,U2OS-02_2_C18_s1_27,U2OS-02,2,C18,s1,ABHD11,treated,U2OS,,train
6513,U2OS-02_2_C18_s1_28,U2OS-02,2,C18,s1,ABHD11,treated,U2OS,,train
6514,U2OS-02_2_C18_s1_31,U2OS-02,2,C18,s1,ABHD11,treated,U2OS,,train
6515,U2OS-02_2_C18_s1_32,U2OS-02,2,C18,s1,ABHD11,treated,U2OS,,train
6516,U2OS-02_2_C18_s1_33,U2OS-02,2,C18,s1,ABHD11,treated,U2OS,,train
6517,U2OS-02_2_C18_s1_34,U2OS-02,2,C18,s1,ABHD11,treated,U2OS,,train
6518,U2OS-02_2_C18_s1_35,U2OS-02,2,C18,s1,ABHD11,treated,U2OS,,train
6519,U2OS-02_2_C18_s1_38,U2OS-02,2,C18,s1,ABHD11,treated,U2OS,,train
6520,U2OS-02_2_C18_s1_39,U2OS-02,2,C18,s1,ABHD11,treated,U2OS,,train
6521,U2OS-02_2_C18_s1_42,U2OS-02,2,C18,s1,ABHD11,treated,U2OS,,train
6522,U2OS-02_2_C18_s1_43,U2OS-02,2,C18,s1,ABHD11,treated,U2OS,,train
6523,U2OS-02_2_C18_s1_46,U2OS-02,2,C18,s1,ABHD11,treated,U2OS,,train
6524,U2OS-02_2_C18_s2_4,U2OS-02,2,C18,s2,ABHD11,treated,U2OS,,train
6525,U2OS-02_2_C18_s2_5,U2OS-02,2,C18,s2,ABHD11,treated,U2OS,,train
6526,U2OS-02_2_C18_s2_7,U2OS-02,2,C18,s2,ABHD11,treated,U2OS,,train
6527,U2OS-02_2_C18_s2_8,U2OS-02,2,C18,s2,ABHD11,treated,U2OS,,train
6528,U2OS-02_2_C18_s2_9,U2OS-02,2,C18,s2,ABHD11,treated,U2OS,,train
6529,U2OS-02_2_C18_s2_10,U2OS-02,2,C18,s2,ABHD11,treated,U2OS,,train
6530,U2OS-02_2_C18_s2_12,U2OS-02,2,C18,s2,ABHD11,treated,U2OS,,train
6531,U2OS-02_2_C18_s2_14,U2OS-02,2,C18,s2,ABHD11,treated,U2OS,,train
6532,U2OS-02_2_C18_s2_16,U2OS-02,2,C18,s2,ABHD11,treated,U2OS,,train
6533,U2OS-02_2_C18_s2_17,U2OS-02,2,C18,s2,ABHD11,treated,U2OS,,train
6534,U2OS-02_2_C18_s2_19,U2OS-02,2,C18,s2,ABHD11,treated,U2OS,,train
6535,U2OS-02_2_C18_s2_21,U2OS-02,2,C18,s2,ABHD11,treated,U2OS,,train
6536,U2OS-02_2_C18_s2_23,U2OS-02,2,C18,s2,ABHD11,treated,U2OS,,train
6537,U2OS-02_2_C18_s2_24,U2OS-02,2,C18,s2,ABHD11,treated,U2OS,,train
6538,U2OS-02_2_D04_s1_16,U2OS-02,2,D04,s1,TRIM55,treated,U2OS,,train
6539,U2OS-02_2_D04_s1_18,U2OS-02,2,D04,s1,TRIM55,treated,U2OS,,train
6540,U2OS-02_2_D04_s1_19,U2OS-02,2,D04,s1,TRIM55,treated,U2OS,,train
6541,U2OS-02_2_D04_s1_25,U2OS-02,2,D04,s1,TRIM55,treated,U2OS,,train
6542,U2OS-02_2_D04_s1_28,U2OS-02,2,D04,s1,TRIM55,treated,U2OS,,train
6543,U2OS-02_2_D04_s1_29,U2OS-02,2,D04,s1,TRIM55,treated,U2OS,,train
6544,U2OS-02_2_D04_s1_30,U2OS-02,2,D04,s1,TRIM55,treated,U2OS,,train
6545,U2OS-02_2_D04_s1_31,U2OS-02,2,D04,s1,TRIM55,treated,U2OS,,train
6546,U2OS-02_2_D04_s1_32,U2OS-02,2,D04,s1,TRIM55,treated,U2OS,,train
6547,U2OS-02_2_D04_s1_33,U2OS-02,2,D04,s1,TRIM55,treated,U2OS,,train
6548,U2OS-02_2_D04_s1_34,U2OS-02,2,D04,s1,TRIM55,treated,U2OS,,train
6549,U2OS-02_2_D04_s1_36,U2OS-02,2,D04,s1,TRIM55,treated,U2OS,,train
6550,U2OS-02_2_D04_s1_37,U2OS-02,2,D04,s1,TRIM55,treated,U2OS,,train
6551,U2OS-02_2_D04_s1_39,U2OS-02,2,D04,s1,TRIM55,treated,U2OS,,train
6552,U2OS-02_2_D04_s1_44,U2OS-02,2,D04,s1,TRIM55,treated,U2OS,,train
6553,U2OS-02_2_D04_s1_45,U2OS-02,2,D04,s1,TRIM55,treated,U2OS,,train
6554,U2OS-02_2_D04_s1_46,U2OS-02,2,D04,s1,TRIM55,treated,U2OS,,train
6555,U2OS-02_2_D04_s1_47,U2OS-02,2,D04,s1,TRIM55,treated,U2OS,,train
6556,U2OS-02_2_D04_s1_48,U2OS-02,2,D04,s1,TRIM55,treated,U2OS,,train
6557,U2OS-02_2_D04_s1_50,U2OS-02,2,D04,s1,TRIM55,treated,U2OS,,train
6558,U2OS-02_2_D04_s1_51,U2OS-02,2,D04,s1,TRIM55,treated,U2OS,,train
6559,U2OS-02_2_D04_s1_53,U2OS-02,2,D04,s1,TRIM55,treated,U2OS,,train
6560,U2OS-02_2_D04_s1_54,U2OS-02,2,D04,s1,TRIM55,treated,U2OS,,train
6561,U2OS-02_2_D04_s1_55,U2OS-02,2,D04,s1,TRIM55,treated,U2OS,,train
6562,U2OS-02_2_D04_s1_56,U2OS-02,2,D04,s1,TRIM55,treated,U2OS,,train
6563,U2OS-02_2_D04_s1_57,U2OS-02,2,D04,s1,TRIM55,treated,U2OS,,train
6564,U2OS-02_2_D04_s1_58,U2OS-02,2,D04,s1,TRIM55,treated,U2OS,,train
6565,U2OS-02_2_D04_s1_59,U2OS-02,2,D04,s1,TRIM55,treated,U2OS,,train
6566,U2OS-02_2_D04_s1_60,U2OS-02,2,D04,s1,TRIM55,treated,U2OS,,train
6567,U2OS-02_2_D04_s1_61,U2OS-02,2,D04,s1,TRIM55,treated,U2OS,,train
6568,U2OS-02_2_D04_s1_63,U2OS-02,2,D04,s1,TRIM55,treated,U2OS,,train
6569,U2OS-02_2_D04_s1_64,U2OS-02,2,D04,s1,TRIM55,treated,U2OS,,train
6570,U2OS-02_2_D04_s1_67,U2OS-02,2,D04,s1,TRIM55,treated,U2OS,,train
6571,U2OS-02_2_D04_s1_68,U2OS-02,2,D04,s1,TRIM55,treated,U2OS,,train
6572,U2OS-02_2_D04_s1_69,U2OS-02,2,D04,s1,TRIM55,treated,U2OS,,train
6573,U2OS-02_2_D04_s1_73,U2OS-02,2,D04,s1,TRIM55,treated,U2OS,,train
6574,U2OS-02_2_D04_s1_74,U2OS-02,2,D04,s1,TRIM55,treated,U2OS,,train
6575,U2OS-02_2_D04_s1_76,U2OS-02,2,D04,s1,TRIM55,treated,U2OS,,train
6576,U2OS-02_2_D04_s1_77,U2OS-02,2,D04,s1,TRIM55,treated,U2OS,,train
6577,U2OS-02_2_D04_s1_78,U2OS-02,2,D04,s1,TRIM55,treated,U2OS,,train
6578,U2OS-02_2_D10_s1_14,U2OS-02,2,D10,s1,DNAL1,treated,U2OS,,train
6579,U2OS-02_2_D10_s1_17,U2OS-02,2,D10,s1,DNAL1,treated,U2OS,,train
6580,U2OS-02_2_D10_s1_19,U2OS-02,2,D10,s1,DNAL1,treated,U2OS,,train
6581,U2OS-02_2_D10_s1_21,U2OS-02,2,D10,s1,DNAL1,treated,U2OS,,train
6582,U2OS-02_2_D10_s1_23,U2OS-02,2,D10,s1,DNAL1,treated,U2OS,,train
6583,U2OS-02_2_D10_s1_24,U2OS-02,2,D10,s1,DNAL1,treated,U2OS,,train
6584,U2OS-02_2_D10_s1_26,U2OS-02,2,D10,s1,DNAL1,treated,U2OS,,train
6585,U2OS-02_2_D10_s1_27,U2OS-02,2,D10,s1,DNAL1,treated,U2OS,,train
6586,U2OS-02_2_D10_s1_28,U2OS-02,2,D10,s1,DNAL1,treated,U2OS,,train
6587,U2OS-02_2_D10_s1_29,U2OS-02,2,D10,s1,DNAL1,treated,U2OS,,train
6588,U2OS-02_2_D10_s1_31,U2OS-02,2,D10,s1,DNAL1,treated,U2OS,,train
6589,U2OS-02_2_D10_s1_32,U2OS-02,2,D10,s1,DNAL1,treated,U2OS,,train
6590,U2OS-02_2_D10_s1_33,U2OS-02,2,D10,s1,DNAL1,treated,U2OS,,train
6591,U2OS-02_2_D10_s1_34,U2OS-02,2,D10,s1,DNAL1,treated,U2OS,,train
6592,U2OS-02_2_D10_s1_39,U2OS-02,2,D10,s1,DNAL1,treated,U2OS,,train
6593,U2OS-02_2_D10_s1_41,U2OS-02,2,D10,s1,DNAL1,treated,U2OS,,train
6594,U2OS-02_2_D10_s1_42,U2OS-02,2,D10,s1,DNAL1,treated,U2OS,,train
6595,U2OS-02_2_D10_s1_43,U2OS-02,2,D10,s1,DNAL1,treated,U2OS,,train
6596,U2OS-02_2_D10_s1_44,U2OS-02,2,D10,s1,DNAL1,treated,U2OS,,train
6597,U2OS-02_2_D10_s1_45,U2OS-02,2,D10,s1,DNAL1,treated,U2OS,,train
6598,U2OS-02_2_D10_s1_46,U2OS-02,2,D10,s1,DNAL1,treated,U2OS,,train
6599,U2OS-02_2_D10_s1_48,U2OS-02,2,D10,s1,DNAL1,treated,U2OS,,train
6600,U2OS-02_2_D10_s1_49,U2OS-02,2,D10,s1,DNAL1,treated,U2OS,,train
6601,U2OS-02_2_D10_s1_50,U2OS-02,2,D10,s1,DNAL1,treated,U2OS,,train
6602,U2OS-02_2_D10_s1_51,U2OS-02,2,D10,s1,DNAL1,treated,U2OS,,train
6603,U2OS-02_2_D10_s1_52,U2OS-02,2,D10,s1,DNAL1,treated,U2OS,,train
6604,U2OS-02_2_D10_s1_54,U2OS-02,2,D10,s1,DNAL1,treated,U2OS,,train
6605,U2OS-02_2_D10_s1_55,U2OS-02,2,D10,s1,DNAL1,treated,U2OS,,train
6606,U2OS-02_2_D10_s1_57,U2OS-02,2,D10,s1,DNAL1,treated,U2OS,,train
6607,U2OS-02_2_D10_s1_58,U2OS-02,2,D10,s1,DNAL1,treated,U2OS,,train
6608,U2OS-02_2_D10_s1_61,U2OS-02,2,D10,s1,DNAL1,treated,U2OS,,train
6609,U2OS-02_2_D10_s1_62,U2OS-02,2,D10,s1,DNAL1,treated,U2OS,,train
6610,U2OS-02_2_D10_s1_65,U2OS-02,2,D10,s1,DNAL1,treated,U2OS,,train
6611,U2OS-02_2_D10_s1_66,U2OS-02,2,D10,s1,DNAL1,treated,U2OS,,train
6612,U2OS-02_2_D10_s1_67,U2OS-02,2,D10,s1,DNAL1,treated,U2OS,,train
6613,U2OS-02_2_D10_s1_70,U2OS-02,2,D10,s1,DNAL1,treated,U2OS,,train
6614,U2OS-02_2_D10_s1_71,U2OS-02,2,D10,s1,DNAL1,treated,U2OS,,train
6615,U2OS-02_2_D10_s1_73,U2OS-02,2,D10,s1,DNAL1,treated,U2OS,,train
6616,U2OS-02_2_D10_s1_74,U2OS-02,2,D10,s1,DNAL1,treated,U2OS,,train
6617,U2OS-02_2_D10_s1_76,U2OS-02,2,D10,s1,DNAL1,treated,U2OS,,train
6618,U2OS-02_2_D17_s1_12,U2OS-02,2,D17,s1,ELOVL3,treated,U2OS,,train
6619,U2OS-02_2_D17_s1_13,U2OS-02,2,D17,s1,ELOVL3,treated,U2OS,,train
6620,U2OS-02_2_D17_s1_14,U2OS-02,2,D17,s1,ELOVL3,treated,U2OS,,train
6621,U2OS-02_2_D17_s1_17,U2OS-02,2,D17,s1,ELOVL3,treated,U2OS,,train
6622,U2OS-02_2_D17_s1_19,U2OS-02,2,D17,s1,ELOVL3,treated,U2OS,,train
6623,U2OS-02_2_D17_s1_20,U2OS-02,2,D17,s1,ELOVL3,treated,U2OS,,train
6624,U2OS-02_2_D17_s1_23,U2OS-02,2,D17,s1,ELOVL3,treated,U2OS,,train
6625,U2OS-02_2_D17_s1_24,U2OS-02,2,D17,s1,ELOVL3,treated,U2OS,,train
6626,U2OS-02_2_D17_s1_25,U2OS-02,2,D17,s1,ELOVL3,treated,U2OS,,train
6627,U2OS-02_2_D17_s1_26,U2OS-02,2,D17,s1,ELOVL3,treated,U2OS,,train
6628,U2OS-02_2_D17_s1_27,U2OS-02,2,D17,s1,ELOVL3,treated,U2OS,,train
6629,U2OS-02_2_D17_s1_29,U2OS-02,2,D17,s1,ELOVL3,treated,U2OS,,train
6630,U2OS-02_2_D17_s1_30,U2OS-02,2,D17,s1,ELOVL3,treated,U2OS,,train
6631,U2OS-02_2_D17_s1_31,U2OS-02,2,D17,s1,ELOVL3,treated,U2OS,,train
6632,U2OS-02_2_D17_s1_36,U2OS-02,2,D17,s1,ELOVL3,treated,U2OS,,train
6633,U2OS-02_2_D17_s1_37,U2OS-02,2,D17,s1,ELOVL3,treated,U2OS,,train
6634,U2OS-02_2_D17_s1_38,U2OS-02,2,D17,s1,ELOVL3,treated,U2OS,,train
6635,U2OS-02_2_D17_s1_40,U2OS-02,2,D17,s1,ELOVL3,treated,U2OS,,train
6636,U2OS-02_2_D17_s1_41,U2OS-02,2,D17,s1,ELOVL3,treated,U2OS,,train
6637,U2OS-02_2_D17_s1_42,U2OS-02,2,D17,s1,ELOVL3,treated,U2OS,,train
6638,U2OS-02_2_D17_s1_44,U2OS-02,2,D17,s1,ELOVL3,treated,U2OS,,train
6639,U2OS-02_2_D17_s1_48,U2OS-02,2,D17,s1,ELOVL3,treated,U2OS,,train
6640,U2OS-02_2_D17_s1_49,U2OS-02,2,D17,s1,ELOVL3,treated,U2OS,,train
6641,U2OS-02_2_D17_s1_50,U2OS-02,2,D17,s1,ELOVL3,treated,U2OS,,train
6642,U2OS-02_2_D17_s1_53,U2OS-02,2,D17,s1,ELOVL3,treated,U2OS,,train
6643,U2OS-02_2_D17_s1_54,U2OS-02,2,D17,s1,ELOVL3,treated,U2OS,,train
6644,U2OS-02_2_D17_s1_57,U2OS-02,2,D17,s1,ELOVL3,treated,U2OS,,train
6645,U2OS-02_2_D17_s1_58,U2OS-02,2,D17,s1,ELOVL3,treated,U2OS,,train
6646,U2OS-02_2_D17_s1_59,U2OS-02,2,D17,s1,ELOVL3,treated,U2OS,,train
6647,U2OS-02_2_D17_s1_60,U2OS-02,2,D17,s1,ELOVL3,treated,U2OS,,train
6648,U2OS-02_2_D17_s1_63,U2OS-02,2,D17,s1,ELOVL3,treated,U2OS,,train
6649,U2OS-02_2_D17_s1_64,U2OS-02,2,D17,s1,ELOVL3,treated,U2OS,,train
6650,U2OS-02_2_D17_s1_66,U2OS-02,2,D17,s1,ELOVL3,treated,U2OS,,train
6651,U2OS-02_2_D17_s1_67,U2OS-02,2,D17,s1,ELOVL3,treated,U2OS,,train
6652,U2OS-02_2_D17_s1_68,U2OS-02,2,D17,s1,ELOVL3,treated,U2OS,,train
6653,U2OS-02_2_D17_s1_71,U2OS-02,2,D17,s1,ELOVL3,treated,U2OS,,train
6654,U2OS-02_2_D17_s1_72,U2OS-02,2,D17,s1,ELOVL3,treated,U2OS,,train
6655,U2OS-02_2_D17_s1_74,U2OS-02,2,D17,s1,ELOVL3,treated,U2OS,,train
6656,U2OS-02_2_D17_s1_75,U2OS-02,2,D17,s1,ELOVL3,treated,U2OS,,train
6657,U2OS-02_2_D17_s1_76,U2OS-02,2,D17,s1,ELOVL3,treated,U2OS,,train
6658,U2OS-02_2_E02_s1_8,U2OS-02,2,E02,s1,SPNS1,treated,U2OS,,train
6659,U2OS-02_2_E02_s1_9,U2OS-02,2,E02,s1,SPNS1,treated,U2OS,,train
6660,U2OS-02_2_E02_s1_10,U2OS-02,2,E02,s1,SPNS1,treated,U2OS,,train
6661,U2OS-02_2_E02_s1_12,U2OS-02,2,E02,s1,SPNS1,treated,U2OS,,train
6662,U2OS-02_2_E02_s1_17,U2OS-02,2,E02,s1,SPNS1,treated,U2OS,,train
6663,U2OS-02_2_E02_s1_19,U2OS-02,2,E02,s1,SPNS1,treated,U2OS,,train
6664,U2OS-02_2_E02_s1_20,U2OS-02,2,E02,s1,SPNS1,treated,U2OS,,train
6665,U2OS-02_2_E02_s1_21,U2OS-02,2,E02,s1,SPNS1,treated,U2OS,,train
6666,U2OS-02_2_E02_s1_22,U2OS-02,2,E02,s1,SPNS1,treated,U2OS,,train
6667,U2OS-02_2_E02_s1_24,U2OS-02,2,E02,s1,SPNS1,treated,U2OS,,train
6668,U2OS-02_2_E02_s1_25,U2OS-02,2,E02,s1,SPNS1,treated,U2OS,,train
6669,U2OS-02_2_E02_s1_27,U2OS-02,2,E02,s1,SPNS1,treated,U2OS,,train
6670,U2OS-02_2_E02_s1_28,U2OS-02,2,E02,s1,SPNS1,treated,U2OS,,train
6671,U2OS-02_2_E02_s1_29,U2OS-02,2,E02,s1,SPNS1,treated,U2OS,,train
6672,U2OS-02_2_E02_s1_34,U2OS-02,2,E02,s1,SPNS1,treated,U2OS,,train
6673,U2OS-02_2_E02_s1_35,U2OS-02,2,E02,s1,SPNS1,treated,U2OS,,train
6674,U2OS-02_2_E02_s1_36,U2OS-02,2,E02,s1,SPNS1,treated,U2OS,,train
6675,U2OS-02_2_E02_s1_38,U2OS-02,2,E02,s1,SPNS1,treated,U2OS,,train
6676,U2OS-02_2_E02_s1_40,U2OS-02,2,E02,s1,SPNS1,treated,U2OS,,train
6677,U2OS-02_2_E02_s1_41,U2OS-02,2,E02,s1,SPNS1,treated,U2OS,,train
6678,U2OS-02_2_E02_s1_42,U2OS-02,2,E02,s1,SPNS1,treated,U2OS,,train
6679,U2OS-02_2_E02_s1_45,U2OS-02,2,E02,s1,SPNS1,treated,U2OS,,train
6680,U2OS-02_2_E02_s1_46,U2OS-02,2,E02,s1,SPNS1,treated,U2OS,,train
6681,U2OS-02_2_E02_s1_47,U2OS-02,2,E02,s1,SPNS1,treated,U2OS,,train
6682,U2OS-02_2_E02_s1_48,U2OS-02,2,E02,s1,SPNS1,treated,U2OS,,train
6683,U2OS-02_2_E02_s1_49,U2OS-02,2,E02,s1,SPNS1,treated,U2OS,,train
6684,U2OS-02_2_E02_s1_51,U2OS-02,2,E02,s1,SPNS1,treated,U2OS,,train
6685,U2OS-02_2_E02_s1_52,U2OS-02,2,E02,s1,SPNS1,treated,U2OS,,train
6686,U2OS-02_2_E02_s1_54,U2OS-02,2,E02,s1,SPNS1,treated,U2OS,,train
6687,U2OS-02_2_E02_s1_55,U2OS-02,2,E02,s1,SPNS1,treated,U2OS,,train
6688,U2OS-02_2_E02_s1_57,U2OS-02,2,E02,s1,SPNS1,treated,U2OS,,train
6689,U2OS-02_2_E02_s1_59,U2OS-02,2,E02,s1,SPNS1,treated,U2OS,,train
6690,U2OS-02_2_E02_s1_61,U2OS-02,2,E02,s1,SPNS1,treated,U2OS,,train
6691,U2OS-02_2_E02_s1_62,U2OS-02,2,E02,s1,SPNS1,treated,U2OS,,train
6692,U2OS-02_2_E02_s2_18,U2OS-02,2,E02,s2,SPNS1,treated,U2OS,,train
6693,U2OS-02_2_E02_s2_20,U2OS-02,2,E02,s2,SPNS1,treated,U2OS,,train
6694,U2OS-02_2_E02_s2_22,U2OS-02,2,E02,s2,SPNS1,treated,U2OS,,train
6695,U2OS-02_2_E02_s2_25,U2OS-02,2,E02,s2,SPNS1,treated,U2OS,,train
6696,U2OS-02_2_E02_s2_26,U2OS-02,2,E02,s2,SPNS1,treated,U2OS,,train
6697,U2OS-02_2_E02_s2_27,U2OS-02,2,E02,s2,SPNS1,treated,U2OS,,train
6698,U2OS-02_2_E16_s1_4,U2OS-02,2,E16,s1,TMTC1,treated,U2OS,,train
6699,U2OS-02_2_E16_s1_10,U2OS-02,2,E16,s1,TMTC1,treated,U2OS,,train
6700,U2OS-02_2_E16_s1_11,U2OS-02,2,E16,s1,TMTC1,treated,U2OS,,train
6701,U2OS-02_2_E16_s1_13,U2OS-02,2,E16,s1,TMTC1,treated,U2OS,,train
6702,U2OS-02_2_E16_s1_15,U2OS-02,2,E16,s1,TMTC1,treated,U2OS,,train
6703,U2OS-02_2_E16_s1_16,U2OS-02,2,E16,s1,TMTC1,treated,U2OS,,train
6704,U2OS-02_2_E16_s1_18,U2OS-02,2,E16,s1,TMTC1,treated,U2OS,,train
6705,U2OS-02_2_E16_s1_21,U2OS-02,2,E16,s1,TMTC1,treated,U2OS,,train
6706,U2OS-02_2_E16_s1_22,U2OS-02,2,E16,s1,TMTC1,treated,U2OS,,train
6707,U2OS-02_2_E16_s1_23,U2OS-02,2,E16,s1,TMTC1,treated,U2OS,,train
6708,U2OS-02_2_E16_s1_24,U2OS-02,2,E16,s1,TMTC1,treated,U2OS,,train
6709,U2OS-02_2_E16_s1_25,U2OS-02,2,E16,s1,TMTC1,treated,U2OS,,train
6710,U2OS-02_2_E16_s1_28,U2OS-02,2,E16,s1,TMTC1,treated,U2OS,,train
6711,U2OS-02_2_E16_s1_29,U2OS-02,2,E16,s1,TMTC1,treated,U2OS,,train
6712,U2OS-02_2_E16_s1_34,U2OS-02,2,E16,s1,TMTC1,treated,U2OS,,train
6713,U2OS-02_2_E16_s1_36,U2OS-02,2,E16,s1,TMTC1,treated,U2OS,,train
6714,U2OS-02_2_E16_s1_37,U2OS-02,2,E16,s1,TMTC1,treated,U2OS,,train
6715,U2OS-02_2_E16_s1_38,U2OS-02,2,E16,s1,TMTC1,treated,U2OS,,train
6716,U2OS-02_2_E16_s1_39,U2OS-02,2,E16,s1,TMTC1,treated,U2OS,,train
6717,U2OS-02_2_E16_s1_40,U2OS-02,2,E16,s1,TMTC1,treated,U2OS,,train
6718,U2OS-02_2_E16_s1_41,U2OS-02,2,E16,s1,TMTC1,treated,U2OS,,train
6719,U2OS-02_2_E16_s1_43,U2OS-02,2,E16,s1,TMTC1,treated,U2OS,,train
6720,U2OS-02_2_E16_s1_45,U2OS-02,2,E16,s1,TMTC1,treated,U2OS,,train
6721,U2OS-02_2_E16_s1_47,U2OS-02,2,E16,s1,TMTC1,treated,U2OS,,train
6722,U2OS-02_2_E16_s1_48,U2OS-02,2,E16,s1,TMTC1,treated,U2OS,,train
6723,U2OS-02_2_E16_s1_49,U2OS-02,2,E16,s1,TMTC1,treated,U2OS,,train
6724,U2OS-02_2_E16_s1_50,U2OS-02,2,E16,s1,TMTC1,treated,U2OS,,train
6725,U2OS-02_2_E16_s1_51,U2OS-02,2,E16,s1,TMTC1,treated,U2OS,,train
6726,U2OS-02_2_E16_s1_52,U2OS-02,2,E16,s1,TMTC1,treated,U2OS,,train
6727,U2OS-02_2_E16_s1_54,U2OS-02,2,E16,s1,TMTC1,treated,U2OS,,train
6728,U2OS-02_2_E16_s1_57,U2OS-02,2,E16,s1,TMTC1,treated,U2OS,,train
6729,U2OS-02_2_E16_s1_58,U2OS-02,2,E16,s1,TMTC1,treated,U2OS,,train
6730,U2OS-02_2_E16_s1_61,U2OS-02,2,E16,s1,TMTC1,treated,U2OS,,train
6731,U2OS-02_2_E16_s1_63,U2OS-02,2,E16,s1,TMTC1,treated,U2OS,,train
6732,U2OS-02_2_E16_s1_64,U2OS-02,2,E16,s1,TMTC1,treated,U2OS,,train
6733,U2OS-02_2_E16_s1_67,U2OS-02,2,E16,s1,TMTC1,treated,U2OS,,train
6734,U2OS-02_2_E16_s1_68,U2OS-02,2,E16,s1,TMTC1,treated,U2OS,,train
6735,U2OS-02_2_E16_s1_70,U2OS-02,2,E16,s1,TMTC1,treated,U2OS,,train
6736,U2OS-02_2_E16_s1_71,U2OS-02,2,E16,s1,TMTC1,treated,U2OS,,train
6737,U2OS-02_2_E16_s1_74,U2OS-02,2,E16,s1,TMTC1,treated,U2OS,,train
6738,U2OS-02_2_G05_s1_1,U2OS-02,2,G05,s1,SPIRE2,treated,U2OS,,train
6739,U2OS-02_2_G05_s1_3,U2OS-02,2,G05,s1,SPIRE2,treated,U2OS,,train
6740,U2OS-02_2_G05_s1_9,U2OS-02,2,G05,s1,SPIRE2,treated,U2OS,,train
6741,U2OS-02_2_G05_s1_14,U2OS-02,2,G05,s1,SPIRE2,treated,U2OS,,train
6742,U2OS-02_2_G05_s1_17,U2OS-02,2,G05,s1,SPIRE2,treated,U2OS,,train
6743,U2OS-02_2_G05_s1_18,U2OS-02,2,G05,s1,SPIRE2,treated,U2OS,,train
6744,U2OS-02_2_G05_s1_19,U2OS-02,2,G05,s1,SPIRE2,treated,U2OS,,train
6745,U2OS-02_2_G05_s1_20,U2OS-02,2,G05,s1,SPIRE2,treated,U2OS,,train
6746,U2OS-02_2_G05_s1_21,U2OS-02,2,G05,s1,SPIRE2,treated,U2OS,,train
6747,U2OS-02_2_G05_s1_23,U2OS-02,2,G05,s1,SPIRE2,treated,U2OS,,train
6748,U2OS-02_2_G05_s1_24,U2OS-02,2,G05,s1,SPIRE2,treated,U2OS,,train
6749,U2OS-02_2_G05_s1_25,U2OS-02,2,G05,s1,SPIRE2,treated,U2OS,,train
6750,U2OS-02_2_G05_s1_26,U2OS-02,2,G05,s1,SPIRE2,treated,U2OS,,train
6751,U2OS-02_2_G05_s1_27,U2OS-02,2,G05,s1,SPIRE2,treated,U2OS,,train
6752,U2OS-02_2_G05_s1_35,U2OS-02,2,G05,s1,SPIRE2,treated,U2OS,,train
6753,U2OS-02_2_G05_s1_36,U2OS-02,2,G05,s1,SPIRE2,treated,U2OS,,train
6754,U2OS-02_2_G05_s1_37,U2OS-02,2,G05,s1,SPIRE2,treated,U2OS,,train
6755,U2OS-02_2_G05_s1_38,U2OS-02,2,G05,s1,SPIRE2,treated,U2OS,,train
6756,U2OS-02_2_G05_s1_39,U2OS-02,2,G05,s1,SPIRE2,treated,U2OS,,train
6757,U2OS-02_2_G05_s1_40,U2OS-02,2,G05,s1,SPIRE2,treated,U2OS,,train
6758,U2OS-02_2_G05_s1_42,U2OS-02,2,G05,s1,SPIRE2,treated,U2OS,,train
6759,U2OS-02_2_G05_s1_45,U2OS-02,2,G05,s1,SPIRE2,treated,U2OS,,train
6760,U2OS-02_2_G05_s1_46,U2OS-02,2,G05,s1,SPIRE2,treated,U2OS,,train
6761,U2OS-02_2_G05_s1_47,U2OS-02,2,G05,s1,SPIRE2,treated,U2OS,,train
6762,U2OS-02_2_G05_s1_48,U2OS-02,2,G05,s1,SPIRE2,treated,U2OS,,train
6763,U2OS-02_2_G05_s1_49,U2OS-02,2,G05,s1,SPIRE2,treated,U2OS,,train
6764,U2OS-02_2_G05_s1_50,U2OS-02,2,G05,s1,SPIRE2,treated,U2OS,,train
6765,U2OS-02_2_G05_s1_51,U2OS-02,2,G05,s1,SPIRE2,treated,U2OS,,train
6766,U2OS-02_2_G05_s1_52,U2OS-02,2,G05,s1,SPIRE2,treated,U2OS,,train
6767,U2OS-02_2_G05_s1_53,U2OS-02,2,G05,s1,SPIRE2,treated,U2OS,,train
6768,U2OS-02_2_G05_s1_56,U2OS-02,2,G05,s1,SPIRE2,treated,U2OS,,train
6769,U2OS-02_2_G05_s1_60,U2OS-02,2,G05,s1,SPIRE2,treated,U2OS,,train
6770,U2OS-02_2_G05_s1_62,U2OS-02,2,G05,s1,SPIRE2,treated,U2OS,,train
6771,U2OS-02_2_G05_s1_63,U2OS-02,2,G05,s1,SPIRE2,treated,U2OS,,train
6772,U2OS-02_2_G05_s1_64,U2OS-02,2,G05,s1,SPIRE2,treated,U2OS,,train
6773,U2OS-02_2_G05_s1_66,U2OS-02,2,G05,s1,SPIRE2,treated,U2OS,,train
6774,U2OS-02_2_G05_s1_67,U2OS-02,2,G05,s1,SPIRE2,treated,U2OS,,train
6775,U2OS-02_2_G05_s1_69,U2OS-02,2,G05,s1,SPIRE2,treated,U2OS,,train
6776,U2OS-02_2_G05_s1_70,U2OS-02,2,G05,s1,SPIRE2,treated,U2OS,,train
6777,U2OS-02_2_G05_s1_71,U2OS-02,2,G05,s1,SPIRE2,treated,U2OS,,train
6778,U2OS-02_2_G10_s1_17,U2OS-02,2,G10,s1,COL21A1,treated,U2OS,,train
6779,U2OS-02_2_G10_s1_19,U2OS-02,2,G10,s1,COL21A1,treated,U2OS,,train
6780,U2OS-02_2_G10_s1_20,U2OS-02,2,G10,s1,COL21A1,treated,U2OS,,train
6781,U2OS-02_2_G10_s1_22,U2OS-02,2,G10,s1,COL21A1,treated,U2OS,,train
6782,U2OS-02_2_G10_s1_24,U2OS-02,2,G10,s1,COL21A1,treated,U2OS,,train
6783,U2OS-02_2_G10_s1_25,U2OS-02,2,G10,s1,COL21A1,treated,U2OS,,train
6784,U2OS-02_2_G10_s1_26,U2OS-02,2,G10,s1,COL21A1,treated,U2OS,,train
6785,U2OS-02_2_G10_s1_29,U2OS-02,2,G10,s1,COL21A1,treated,U2OS,,train
6786,U2OS-02_2_G10_s1_30,U2OS-02,2,G10,s1,COL21A1,treated,U2OS,,train
6787,U2OS-02_2_G10_s1_31,U2OS-02,2,G10,s1,COL21A1,treated,U2OS,,train
6788,U2OS-02_2_G10_s1_32,U2OS-02,2,G10,s1,COL21A1,treated,U2OS,,train
6789,U2OS-02_2_G10_s1_33,U2OS-02,2,G10,s1,COL21A1,treated,U2OS,,train
6790,U2OS-02_2_G10_s1_35,U2OS-02,2,G10,s1,COL21A1,treated,U2OS,,train
6791,U2OS-02_2_G10_s1_36,U2OS-02,2,G10,s1,COL21A1,treated,U2OS,,train
6792,U2OS-02_2_G10_s1_40,U2OS-02,2,G10,s1,COL21A1,treated,U2OS,,train
6793,U2OS-02_2_G10_s1_41,U2OS-02,2,G10,s1,COL21A1,treated,U2OS,,train
6794,U2OS-02_2_G10_s1_42,U2OS-02,2,G10,s1,COL21A1,treated,U2OS,,train
6795,U2OS-02_2_G10_s1_43,U2OS-02,2,G10,s1,COL21A1,treated,U2OS,,train
6796,U2OS-02_2_G10_s1_44,U2OS-02,2,G10,s1,COL21A1,treated,U2OS,,train
6797,U2OS-02_2_G10_s1_46,U2OS-02,2,G10,s1,COL21A1,treated,U2OS,,train
6798,U2OS-02_2_G10_s1_47,U2OS-02,2,G10,s1,COL21A1,treated,U2OS,,train
6799,U2OS-02_2_G10_s1_50,U2OS-02,2,G10,s1,COL21A1,treated,U2OS,,train
6800,U2OS-02_2_G10_s1_51,U2OS-02,2,G10,s1,COL21A1,treated,U2OS,,train
6801,U2OS-02_2_G10_s1_52,U2OS-02,2,G10,s1,COL21A1,treated,U2OS,,train
6802,U2OS-02_2_G10_s1_53,U2OS-02,2,G10,s1,COL21A1,treated,U2OS,,train
6803,U2OS-02_2_G10_s1_54,U2OS-02,2,G10,s1,COL21A1,treated,U2OS,,train
6804,U2OS-02_2_G10_s1_55,U2OS-02,2,G10,s1,COL21A1,treated,U2OS,,train
6805,U2OS-02_2_G10_s1_57,U2OS-02,2,G10,s1,COL21A1,treated,U2OS,,train
6806,U2OS-02_2_G10_s1_58,U2OS-02,2,G10,s1,COL21A1,treated,U2OS,,train
6807,U2OS-02_2_G10_s1_59,U2OS-02,2,G10,s1,COL21A1,treated,U2OS,,train
6808,U2OS-02_2_G10_s1_62,U2OS-02,2,G10,s1,COL21A1,treated,U2OS,,train
6809,U2OS-02_2_G10_s1_63,U2OS-02,2,G10,s1,COL21A1,treated,U2OS,,train
6810,U2OS-02_2_G10_s1_66,U2OS-02,2,G10,s1,COL21A1,treated,U2OS,,train
6811,U2OS-02_2_G10_s1_67,U2OS-02,2,G10,s1,COL21A1,treated,U2OS,,train
6812,U2OS-02_2_G10_s1_68,U2OS-02,2,G10,s1,COL21A1,treated,U2OS,,train
6813,U2OS-02_2_G10_s1_70,U2OS-02,2,G10,s1,COL21A1,treated,U2OS,,train
6814,U2OS-02_2_G10_s1_71,U2OS-02,2,G10,s1,COL21A1,treated,U2OS,,train
6815,U2OS-02_2_G10_s1_73,U2OS-02,2,G10,s1,COL21A1,treated,U2OS,,train
6816,U2OS-02_2_G10_s1_74,U2OS-02,2,G10,s1,COL21A1,treated,U2OS,,train
6817,U2OS-02_2_G10_s1_75,U2OS-02,2,G10,s1,COL21A1,treated,U2OS,,train
6818,U2OS-02_2_H16_s1_13,U2OS-02,2,H16,s1,SLC37A3,treated,U2OS,,train
6819,U2OS-02_2_H16_s1_14,U2OS-02,2,H16,s1,SLC37A3,treated,U2OS,,train
6820,U2OS-02_2_H16_s1_15,U2OS-02,2,H16,s1,SLC37A3,treated,U2OS,,train
6821,U2OS-02_2_H16_s1_17,U2OS-02,2,H16,s1,SLC37A3,treated,U2OS,,train
6822,U2OS-02_2_H16_s1_21,U2OS-02,2,H16,s1,SLC37A3,treated,U2OS,,train
6823,U2OS-02_2_H16_s1_22,U2OS-02,2,H16,s1,SLC37A3,treated,U2OS,,train
6824,U2OS-02_2_H16_s1_23,U2OS-02,2,H16,s1,SLC37A3,treated,U2OS,,train
6825,U2OS-02_2_H16_s1_28,U2OS-02,2,H16,s1,SLC37A3,treated,U2OS,,train
6826,U2OS-02_2_H16_s1_29,U2OS-02,2,H16,s1,SLC37A3,treated,U2OS,,train
6827,U2OS-02_2_H16_s1_30,U2OS-02,2,H16,s1,SLC37A3,treated,U2OS,,train
6828,U2OS-02_2_H16_s1_31,U2OS-02,2,H16,s1,SLC37A3,treated,U2OS,,train
6829,U2OS-02_2_H16_s1_33,U2OS-02,2,H16,s1,SLC37A3,treated,U2OS,,train
6830,U2OS-02_2_H16_s1_34,U2OS-02,2,H16,s1,SLC37A3,treated,U2OS,,train
6831,U2OS-02_2_H16_s1_35,U2OS-02,2,H16,s1,SLC37A3,treated,U2OS,,train
6832,U2OS-02_2_H16_s1_41,U2OS-02,2,H16,s1,SLC37A3,treated,U2OS,,train
6833,U2OS-02_2_H16_s1_42,U2OS-02,2,H16,s1,SLC37A3,treated,U2OS,,train
6834,U2OS-02_2_H16_s1_43,U2OS-02,2,H16,s1,SLC37A3,treated,U2OS,,train
6835,U2OS-02_2_H16_s1_46,U2OS-02,2,H16,s1,SLC37A3,treated,U2OS,,train
6836,U2OS-02_2_H16_s1_48,U2OS-02,2,H16,s1,SLC37A3,treated,U2OS,,train
6837,U2OS-02_2_H16_s1_49,U2OS-02,2,H16,s1,SLC37A3,treated,U2OS,,train
6838,U2OS-02_2_H16_s1_51,U2OS-02,2,H16,s1,SLC37A3,treated,U2OS,,train
6839,U2OS-02_2_H16_s1_53,U2OS-02,2,H16,s1,SLC37A3,treated,U2OS,,train
6840,U2OS-02_2_H16_s1_54,U2OS-02,2,H16,s1,SLC37A3,treated,U2OS,,train
6841,U2OS-02_2_H16_s1_55,U2OS-02,2,H16,s1,SLC37A3,treated,U2OS,,train
6842,U2OS-02_2_H16_s1_56,U2OS-02,2,H16,s1,SLC37A3,treated,U2OS,,train
6843,U2OS-02_2_H16_s1_57,U2OS-02,2,H16,s1,SLC37A3,treated,U2OS,,train
6844,U2OS-02_2_H16_s1_60,U2OS-02,2,H16,s1,SLC37A3,treated,U2OS,,train
6845,U2OS-02_2_H16_s1_61,U2OS-02,2,H16,s1,SLC37A3,treated,U2OS,,train
6846,U2OS-02_2_H16_s1_63,U2OS-02,2,H16,s1,SLC37A3,treated,U2OS,,train
6847,U2OS-02_2_H16_s1_64,U2OS-02,2,H16,s1,SLC37A3,treated,U2OS,,train
6848,U2OS-02_2_H16_s1_67,U2OS-02,2,H16,s1,SLC37A3,treated,U2OS,,train
6849,U2OS-02_2_H16_s1_69,U2OS-02,2,H16,s1,SLC37A3,treated,U2OS,,train
6850,U2OS-02_2_H16_s1_71,U2OS-02,2,H16,s1,SLC37A3,treated,U2OS,,train
6851,U2OS-02_2_H16_s1_72,U2OS-02,2,H16,s1,SLC37A3,treated,U2OS,,train
6852,U2OS-02_2_H16_s1_73,U2OS-02,2,H16,s1,SLC37A3,treated,U2OS,,train
6853,U2OS-02_2_H16_s1_75,U2OS-02,2,H16,s1,SLC37A3,treated,U2OS,,train
6854,U2OS-02_2_H16_s1_77,U2OS-02,2,H16,s1,SLC37A3,treated,U2OS,,train
6855,U2OS-02_2_H16_s1_80,U2OS-02,2,H16,s1,SLC37A3,treated,U2OS,,train
6856,U2OS-02_2_H16_s1_81,U2OS-02,2,H16,s1,SLC37A3,treated,U2OS,,train
6857,U2OS-02_2_H16_s1_82,U2OS-02,2,H16,s1,SLC37A3,treated,U2OS,,train
6858,U2OS-02_2_H17_s1_15,U2OS-02,2,H17,s1,NAA50,treated,U2OS,,train
6859,U2OS-02_2_H17_s1_17,U2OS-02,2,H17,s1,NAA50,treated,U2OS,,train
6860,U2OS-02_2_H17_s1_18,U2OS-02,2,H17,s1,NAA50,treated,U2OS,,train
6861,U2OS-02_2_H17_s1_20,U2OS-02,2,H17,s1,NAA50,treated,U2OS,,train
6862,U2OS-02_2_H17_s1_23,U2OS-02,2,H17,s1,NAA50,treated,U2OS,,train
6863,U2OS-02_2_H17_s1_24,U2OS-02,2,H17,s1,NAA50,treated,U2OS,,train
6864,U2OS-02_2_H17_s1_26,U2OS-02,2,H17,s1,NAA50,treated,U2OS,,train
6865,U2OS-02_2_H17_s1_27,U2OS-02,2,H17,s1,NAA50,treated,U2OS,,train
6866,U2OS-02_2_H17_s1_28,U2OS-02,2,H17,s1,NAA50,treated,U2OS,,train
6867,U2OS-02_2_H17_s1_29,U2OS-02,2,H17,s1,NAA50,treated,U2OS,,train
6868,U2OS-02_2_H17_s1_31,U2OS-02,2,H17,s1,NAA50,treated,U2OS,,train
6869,U2OS-02_2_H17_s1_33,U2OS-02,2,H17,s1,NAA50,treated,U2OS,,train
6870,U2OS-02_2_H17_s1_35,U2OS-02,2,H17,s1,NAA50,treated,U2OS,,train
6871,U2OS-02_2_H17_s1_36,U2OS-02,2,H17,s1,NAA50,treated,U2OS,,train
6872,U2OS-02_2_H17_s1_42,U2OS-02,2,H17,s1,NAA50,treated,U2OS,,train
6873,U2OS-02_2_H17_s1_43,U2OS-02,2,H17,s1,NAA50,treated,U2OS,,train
6874,U2OS-02_2_H17_s1_44,U2OS-02,2,H17,s1,NAA50,treated,U2OS,,train
6875,U2OS-02_2_H17_s1_45,U2OS-02,2,H17,s1,NAA50,treated,U2OS,,train
6876,U2OS-02_2_H17_s1_46,U2OS-02,2,H17,s1,NAA50,treated,U2OS,,train
6877,U2OS-02_2_H17_s1_47,U2OS-02,2,H17,s1,NAA50,treated,U2OS,,train
6878,U2OS-02_2_H17_s1_48,U2OS-02,2,H17,s1,NAA50,treated,U2OS,,train
6879,U2OS-02_2_H17_s1_50,U2OS-02,2,H17,s1,NAA50,treated,U2OS,,train
6880,U2OS-02_2_H17_s1_52,U2OS-02,2,H17,s1,NAA50,treated,U2OS,,train
6881,U2OS-02_2_H17_s1_54,U2OS-02,2,H17,s1,NAA50,treated,U2OS,,train
6882,U2OS-02_2_H17_s1_55,U2OS-02,2,H17,s1,NAA50,treated,U2OS,,train
6883,U2OS-02_2_H17_s1_56,U2OS-02,2,H17,s1,NAA50,treated,U2OS,,train
6884,U2OS-02_2_H17_s1_58,U2OS-02,2,H17,s1,NAA50,treated,U2OS,,train
6885,U2OS-02_2_H17_s1_59,U2OS-02,2,H17,s1,NAA50,treated,U2OS,,train
6886,U2OS-02_2_H17_s1_60,U2OS-02,2,H17,s1,NAA50,treated,U2OS,,train
6887,U2OS-02_2_H17_s1_62,U2OS-02,2,H17,s1,NAA50,treated,U2OS,,train
6888,U2OS-02_2_H17_s1_64,U2OS-02,2,H17,s1,NAA50,treated,U2OS,,train
6889,U2OS-02_2_H17_s1_65,U2OS-02,2,H17,s1,NAA50,treated,U2OS,,train
6890,U2OS-02_2_H17_s1_67,U2OS-02,2,H17,s1,NAA50,treated,U2OS,,train
6891,U2OS-02_2_H17_s1_68,U2OS-02,2,H17,s1,NAA50,treated,U2OS,,train
6892,U2OS-02_2_H17_s1_70,U2OS-02,2,H17,s1,NAA50,treated,U2OS,,train
6893,U2OS-02_2_H17_s1_73,U2OS-02,2,H17,s1,NAA50,treated,U2OS,,train
6894,U2OS-02_2_H17_s1_74,U2OS-02,2,H17,s1,NAA50,treated,U2OS,,train
6895,U2OS-02_2_H17_s1_77,U2OS-02,2,H17,s1,NAA50,treated,U2OS,,train
6896,U2OS-02_2_H17_s1_79,U2OS-02,2,H17,s1,NAA50,treated,U2OS,,train
6897,U2OS-02_2_H17_s1_80,U2OS-02,2,H17,s1,NAA50,treated,U2OS,,train
6898,U2OS-02_2_I11_s1_13,U2OS-02,2,I11,s1,ACSS1,treated,U2OS,,train
6899,U2OS-02_2_I11_s1_16,U2OS-02,2,I11,s1,ACSS1,treated,U2OS,,train
6900,U2OS-02_2_I11_s1_17,U2OS-02,2,I11,s1,ACSS1,treated,U2OS,,train
6901,U2OS-02_2_I11_s1_20,U2OS-02,2,I11,s1,ACSS1,treated,U2OS,,train
6902,U2OS-02_2_I11_s1_22,U2OS-02,2,I11,s1,ACSS1,treated,U2OS,,train
6903,U2OS-02_2_I11_s1_24,U2OS-02,2,I11,s1,ACSS1,treated,U2OS,,train
6904,U2OS-02_2_I11_s1_25,U2OS-02,2,I11,s1,ACSS1,treated,U2OS,,train
6905,U2OS-02_2_I11_s1_26,U2OS-02,2,I11,s1,ACSS1,treated,U2OS,,train
6906,U2OS-02_2_I11_s1_28,U2OS-02,2,I11,s1,ACSS1,treated,U2OS,,train
6907,U2OS-02_2_I11_s1_29,U2OS-02,2,I11,s1,ACSS1,treated,U2OS,,train
6908,U2OS-02_2_I11_s1_32,U2OS-02,2,I11,s1,ACSS1,treated,U2OS,,train
6909,U2OS-02_2_I11_s1_33,U2OS-02,2,I11,s1,ACSS1,treated,U2OS,,train
6910,U2OS-02_2_I11_s1_34,U2OS-02,2,I11,s1,ACSS1,treated,U2OS,,train
6911,U2OS-02_2_I11_s1_35,U2OS-02,2,I11,s1,ACSS1,treated,U2OS,,train
6912,U2OS-02_2_I11_s1_40,U2OS-02,2,I11,s1,ACSS1,treated,U2OS,,train
6913,U2OS-02_2_I11_s1_41,U2OS-02,2,I11,s1,ACSS1,treated,U2OS,,train
6914,U2OS-02_2_I11_s1_42,U2OS-02,2,I11,s1,ACSS1,treated,U2OS,,train
6915,U2OS-02_2_I11_s1_44,U2OS-02,2,I11,s1,ACSS1,treated,U2OS,,train
6916,U2OS-02_2_I11_s1_46,U2OS-02,2,I11,s1,ACSS1,treated,U2OS,,train
6917,U2OS-02_2_I11_s1_47,U2OS-02,2,I11,s1,ACSS1,treated,U2OS,,train
6918,U2OS-02_2_I11_s1_50,U2OS-02,2,I11,s1,ACSS1,treated,U2OS,,train
6919,U2OS-02_2_I11_s1_53,U2OS-02,2,I11,s1,ACSS1,treated,U2OS,,train
6920,U2OS-02_2_I11_s1_54,U2OS-02,2,I11,s1,ACSS1,treated,U2OS,,train
6921,U2OS-02_2_I11_s1_55,U2OS-02,2,I11,s1,ACSS1,treated,U2OS,,train
6922,U2OS-02_2_I11_s1_57,U2OS-02,2,I11,s1,ACSS1,treated,U2OS,,train
6923,U2OS-02_2_I11_s1_59,U2OS-02,2,I11,s1,ACSS1,treated,U2OS,,train
6924,U2OS-02_2_I11_s1_60,U2OS-02,2,I11,s1,ACSS1,treated,U2OS,,train
6925,U2OS-02_2_I11_s1_63,U2OS-02,2,I11,s1,ACSS1,treated,U2OS,,train
6926,U2OS-02_2_I11_s1_64,U2OS-02,2,I11,s1,ACSS1,treated,U2OS,,train
6927,U2OS-02_2_I11_s1_65,U2OS-02,2,I11,s1,ACSS1,treated,U2OS,,train
6928,U2OS-02_2_I11_s1_67,U2OS-02,2,I11,s1,ACSS1,treated,U2OS,,train
6929,U2OS-02_2_I11_s1_69,U2OS-02,2,I11,s1,ACSS1,treated,U2OS,,train
6930,U2OS-02_2_I11_s1_71,U2OS-02,2,I11,s1,ACSS1,treated,U2OS,,train
6931,U2OS-02_2_I11_s1_75,U2OS-02,2,I11,s1,ACSS1,treated,U2OS,,train
6932,U2OS-02_2_I11_s1_76,U2OS-02,2,I11,s1,ACSS1,treated,U2OS,,train
6933,U2OS-02_2_I11_s1_78,U2OS-02,2,I11,s1,ACSS1,treated,U2OS,,train
6934,U2OS-02_2_I11_s1_79,U2OS-02,2,I11,s1,ACSS1,treated,U2OS,,train
6935,U2OS-02_2_I11_s1_81,U2OS-02,2,I11,s1,ACSS1,treated,U2OS,,train
6936,U2OS-02_2_I11_s1_83,U2OS-02,2,I11,s1,ACSS1,treated,U2OS,,train
6937,U2OS-02_2_I11_s1_84,U2OS-02,2,I11,s1,ACSS1,treated,U2OS,,train
6938,U2OS-02_2_J06_s1_15,U2OS-02,2,J06,s1,BICC1,treated,U2OS,,train
6939,U2OS-02_2_J06_s1_16,U2OS-02,2,J06,s1,BICC1,treated,U2OS,,train
6940,U2OS-02_2_J06_s1_19,U2OS-02,2,J06,s1,BICC1,treated,U2OS,,train
6941,U2OS-02_2_J06_s1_23,U2OS-02,2,J06,s1,BICC1,treated,U2OS,,train
6942,U2OS-02_2_J06_s1_26,U2OS-02,2,J06,s1,BICC1,treated,U2OS,,train
6943,U2OS-02_2_J06_s1_27,U2OS-02,2,J06,s1,BICC1,treated,U2OS,,train
6944,U2OS-02_2_J06_s1_28,U2OS-02,2,J06,s1,BICC1,treated,U2OS,,train
6945,U2OS-02_2_J06_s1_29,U2OS-02,2,J06,s1,BICC1,treated,U2OS,,train
6946,U2OS-02_2_J06_s1_30,U2OS-02,2,J06,s1,BICC1,treated,U2OS,,train
6947,U2OS-02_2_J06_s1_31,U2OS-02,2,J06,s1,BICC1,treated,U2OS,,train
6948,U2OS-02_2_J06_s1_32,U2OS-02,2,J06,s1,BICC1,treated,U2OS,,train
6949,U2OS-02_2_J06_s1_33,U2OS-02,2,J06,s1,BICC1,treated,U2OS,,train
6950,U2OS-02_2_J06_s1_36,U2OS-02,2,J06,s1,BICC1,treated,U2OS,,train
6951,U2OS-02_2_J06_s1_37,U2OS-02,2,J06,s1,BICC1,treated,U2OS,,train
6952,U2OS-02_2_J06_s1_41,U2OS-02,2,J06,s1,BICC1,treated,U2OS,,train
6953,U2OS-02_2_J06_s1_46,U2OS-02,2,J06,s1,BICC1,treated,U2OS,,train
6954,U2OS-02_2_J06_s1_47,U2OS-02,2,J06,s1,BICC1,treated,U2OS,,train
6955,U2OS-02_2_J06_s1_48,U2OS-02,2,J06,s1,BICC1,treated,U2OS,,train
6956,U2OS-02_2_J06_s1_49,U2OS-02,2,J06,s1,BICC1,treated,U2OS,,train
6957,U2OS-02_2_J06_s1_50,U2OS-02,2,J06,s1,BICC1,treated,U2OS,,train
6958,U2OS-02_2_J06_s1_53,U2OS-02,2,J06,s1,BICC1,treated,U2OS,,train
6959,U2OS-02_2_J06_s1_55,U2OS-02,2,J06,s1,BICC1,treated,U2OS,,train
6960,U2OS-02_2_J06_s1_56,U2OS-02,2,J06,s1,BICC1,treated,U2OS,,train
6961,U2OS-02_2_J06_s1_57,U2OS-02,2,J06,s1,BICC1,treated,U2OS,,train
6962,U2OS-02_2_J06_s1_58,U2OS-02,2,J06,s1,BICC1,treated,U2OS,,train
6963,U2OS-02_2_J06_s1_59,U2OS-02,2,J06,s1,BICC1,treated,U2OS,,train
6964,U2OS-02_2_J06_s1_61,U2OS-02,2,J06,s1,BICC1,treated,U2OS,,train
6965,U2OS-02_2_J06_s1_62,U2OS-02,2,J06,s1,BICC1,treated,U2OS,,train
6966,U2OS-02_2_J06_s1_63,U2OS-02,2,J06,s1,BICC1,treated,U2OS,,train
6967,U2OS-02_2_J06_s1_64,U2OS-02,2,J06,s1,BICC1,treated,U2OS,,train
6968,U2OS-02_2_J06_s1_67,U2OS-02,2,J06,s1,BICC1,treated,U2OS,,train
6969,U2OS-02_2_J06_s1_69,U2OS-02,2,J06,s1,BICC1,treated,U2OS,,train
6970,U2OS-02_2_J06_s1_71,U2OS-02,2,J06,s1,BICC1,treated,U2OS,,train
6971,U2OS-02_2_J06_s1_72,U2OS-02,2,J06,s1,BICC1,treated,U2OS,,train
6972,U2OS-02_2_J06_s1_74,U2OS-02,2,J06,s1,BICC1,treated,U2OS,,train
6973,U2OS-02_2_J06_s1_76,U2OS-02,2,J06,s1,BICC1,treated,U2OS,,train
6974,U2OS-02_2_J06_s1_77,U2OS-02,2,J06,s1,BICC1,treated,U2OS,,train
6975,U2OS-02_2_J06_s1_79,U2OS-02,2,J06,s1,BICC1,treated,U2OS,,train
6976,U2OS-02_2_J06_s1_80,U2OS-02,2,J06,s1,BICC1,treated,U2OS,,train
6977,U2OS-02_2_J06_s1_81,U2OS-02,2,J06,s1,BICC1,treated,U2OS,,train
6978,U2OS-02_2_J23_s1_9,U2OS-02,2,J23,s1,NETO2,treated,U2OS,,train
6979,U2OS-02_2_J23_s1_10,U2OS-02,2,J23,s1,NETO2,treated,U2OS,,train
6980,U2OS-02_2_J23_s1_11,U2OS-02,2,J23,s1,NETO2,treated,U2OS,,train
6981,U2OS-02_2_J23_s1_13,U2OS-02,2,J23,s1,NETO2,treated,U2OS,,train
6982,U2OS-02_2_J23_s1_16,U2OS-02,2,J23,s1,NETO2,treated,U2OS,,train
6983,U2OS-02_2_J23_s1_17,U2OS-02,2,J23,s1,NETO2,treated,U2OS,,train
6984,U2OS-02_2_J23_s1_18,U2OS-02,2,J23,s1,NETO2,treated,U2OS,,train
6985,U2OS-02_2_J23_s1_19,U2OS-02,2,J23,s1,NETO2,treated,U2OS,,train
6986,U2OS-02_2_J23_s1_20,U2OS-02,2,J23,s1,NETO2,treated,U2OS,,train
6987,U2OS-02_2_J23_s1_21,U2OS-02,2,J23,s1,NETO2,treated,U2OS,,train
6988,U2OS-02_2_J23_s1_23,U2OS-02,2,J23,s1,NETO2,treated,U2OS,,train
6989,U2OS-02_2_J23_s1_24,U2OS-02,2,J23,s1,NETO2,treated,U2OS,,train
6990,U2OS-02_2_J23_s1_25,U2OS-02,2,J23,s1,NETO2,treated,U2OS,,train
6991,U2OS-02_2_J23_s1_26,U2OS-02,2,J23,s1,NETO2,treated,U2OS,,train
6992,U2OS-02_2_J23_s1_30,U2OS-02,2,J23,s1,NETO2,treated,U2OS,,train
6993,U2OS-02_2_J23_s1_33,U2OS-02,2,J23,s1,NETO2,treated,U2OS,,train
6994,U2OS-02_2_J23_s1_34,U2OS-02,2,J23,s1,NETO2,treated,U2OS,,train
6995,U2OS-02_2_J23_s1_35,U2OS-02,2,J23,s1,NETO2,treated,U2OS,,train
6996,U2OS-02_2_J23_s1_37,U2OS-02,2,J23,s1,NETO2,treated,U2OS,,train
6997,U2OS-02_2_J23_s1_38,U2OS-02,2,J23,s1,NETO2,treated,U2OS,,train
6998,U2OS-02_2_J23_s1_39,U2OS-02,2,J23,s1,NETO2,treated,U2OS,,train
6999,U2OS-02_2_J23_s1_42,U2OS-02,2,J23,s1,NETO2,treated,U2OS,,train
7000,U2OS-02_2_J23_s1_43,U2OS-02,2,J23,s1,NETO2,treated,U2OS,,train
7001,U2OS-02_2_J23_s1_45,U2OS-02,2,J23,s1,NETO2,treated,U2OS,,train
7002,U2OS-02_2_J23_s1_46,U2OS-02,2,J23,s1,NETO2,treated,U2OS,,train
7003,U2OS-02_2_J23_s1_47,U2OS-02,2,J23,s1,NETO2,treated,U2OS,,train
7004,U2OS-02_2_J23_s1_48,U2OS-02,2,J23,s1,NETO2,treated,U2OS,,train
7005,U2OS-02_2_J23_s1_49,U2OS-02,2,J23,s1,NETO2,treated,U2OS,,train
7006,U2OS-02_2_J23_s1_50,U2OS-02,2,J23,s1,NETO2,treated,U2OS,,train
7007,U2OS-02_2_J23_s1_52,U2OS-02,2,J23,s1,NETO2,treated,U2OS,,train
7008,U2OS-02_2_J23_s1_55,U2OS-02,2,J23,s1,NETO2,treated,U2OS,,train
7009,U2OS-02_2_J23_s1_56,U2OS-02,2,J23,s1,NETO2,treated,U2OS,,train
7010,U2OS-02_2_J23_s1_58,U2OS-02,2,J23,s1,NETO2,treated,U2OS,,train
7011,U2OS-02_2_J23_s1_59,U2OS-02,2,J23,s1,NETO2,treated,U2OS,,train
7012,U2OS-02_2_J23_s1_60,U2OS-02,2,J23,s1,NETO2,treated,U2OS,,train
7013,U2OS-02_2_J23_s1_62,U2OS-02,2,J23,s1,NETO2,treated,U2OS,,train
7014,U2OS-02_2_J23_s1_65,U2OS-02,2,J23,s1,NETO2,treated,U2OS,,train
7015,U2OS-02_2_J23_s2_13,U2OS-02,2,J23,s2,NETO2,treated,U2OS,,train
7016,U2OS-02_2_J23_s2_15,U2OS-02,2,J23,s2,NETO2,treated,U2OS,,train
7017,U2OS-02_2_J23_s2_17,U2OS-02,2,J23,s2,NETO2,treated,U2OS,,train
7018,U2OS-02_2_K08_s1_11,U2OS-02,2,K08,s1,ZKSCAN3,treated,U2OS,,train
7019,U2OS-02_2_K08_s1_13,U2OS-02,2,K08,s1,ZKSCAN3,treated,U2OS,,train
7020,U2OS-02_2_K08_s1_18,U2OS-02,2,K08,s1,ZKSCAN3,treated,U2OS,,train
7021,U2OS-02_2_K08_s1_20,U2OS-02,2,K08,s1,ZKSCAN3,treated,U2OS,,train
7022,U2OS-02_2_K08_s1_22,U2OS-02,2,K08,s1,ZKSCAN3,treated,U2OS,,train
7023,U2OS-02_2_K08_s1_24,U2OS-02,2,K08,s1,ZKSCAN3,treated,U2OS,,train
7024,U2OS-02_2_K08_s1_25,U2OS-02,2,K08,s1,ZKSCAN3,treated,U2OS,,train
7025,U2OS-02_2_K08_s1_26,U2OS-02,2,K08,s1,ZKSCAN3,treated,U2OS,,train
7026,U2OS-02_2_K08_s1_27,U2OS-02,2,K08,s1,ZKSCAN3,treated,U2OS,,train
7027,U2OS-02_2_K08_s1_28,U2OS-02,2,K08,s1,ZKSCAN3,treated,U2OS,,train
7028,U2OS-02_2_K08_s1_29,U2OS-02,2,K08,s1,ZKSCAN3,treated,U2OS,,train
7029,U2OS-02_2_K08_s1_30,U2OS-02,2,K08,s1,ZKSCAN3,treated,U2OS,,train
7030,U2OS-02_2_K08_s1_31,U2OS-02,2,K08,s1,ZKSCAN3,treated,U2OS,,train
7031,U2OS-02_2_K08_s1_34,U2OS-02,2,K08,s1,ZKSCAN3,treated,U2OS,,train
7032,U2OS-02_2_K08_s1_40,U2OS-02,2,K08,s1,ZKSCAN3,treated,U2OS,,train
7033,U2OS-02_2_K08_s1_41,U2OS-02,2,K08,s1,ZKSCAN3,treated,U2OS,,train
7034,U2OS-02_2_K08_s1_42,U2OS-02,2,K08,s1,ZKSCAN3,treated,U2OS,,train
7035,U2OS-02_2_K08_s1_43,U2OS-02,2,K08,s1,ZKSCAN3,treated,U2OS,,train
7036,U2OS-02_2_K08_s1_44,U2OS-02,2,K08,s1,ZKSCAN3,treated,U2OS,,train
7037,U2OS-02_2_K08_s1_45,U2OS-02,2,K08,s1,ZKSCAN3,treated,U2OS,,train
7038,U2OS-02_2_K08_s1_46,U2OS-02,2,K08,s1,ZKSCAN3,treated,U2OS,,train
7039,U2OS-02_2_K08_s1_48,U2OS-02,2,K08,s1,ZKSCAN3,treated,U2OS,,train
7040,U2OS-02_2_K08_s1_49,U2OS-02,2,K08,s1,ZKSCAN3,treated,U2OS,,train
7041,U2OS-02_2_K08_s1_50,U2OS-02,2,K08,s1,ZKSCAN3,treated,U2OS,,train
7042,U2OS-02_2_K08_s1_51,U2OS-02,2,K08,s1,ZKSCAN3,treated,U2OS,,train
7043,U2OS-02_2_K08_s1_53,U2OS-02,2,K08,s1,ZKSCAN3,treated,U2OS,,train
7044,U2OS-02_2_K08_s1_54,U2OS-02,2,K08,s1,ZKSCAN3,treated,U2OS,,train
7045,U2OS-02_2_K08_s1_55,U2OS-02,2,K08,s1,ZKSCAN3,treated,U2OS,,train
7046,U2OS-02_2_K08_s1_57,U2OS-02,2,K08,s1,ZKSCAN3,treated,U2OS,,train
7047,U2OS-02_2_K08_s1_58,U2OS-02,2,K08,s1,ZKSCAN3,treated,U2OS,,train
7048,U2OS-02_2_K08_s1_60,U2OS-02,2,K08,s1,ZKSCAN3,treated,U2OS,,train
7049,U2OS-02_2_K08_s1_61,U2OS-02,2,K08,s1,ZKSCAN3,treated,U2OS,,train
7050,U2OS-02_2_K08_s1_64,U2OS-02,2,K08,s1,ZKSCAN3,treated,U2OS,,train
7051,U2OS-02_2_K08_s1_65,U2OS-02,2,K08,s1,ZKSCAN3,treated,U2OS,,train
7052,U2OS-02_2_K08_s1_66,U2OS-02,2,K08,s1,ZKSCAN3,treated,U2OS,,train
7053,U2OS-02_2_K08_s1_68,U2OS-02,2,K08,s1,ZKSCAN3,treated,U2OS,,train
7054,U2OS-02_2_K08_s1_69,U2OS-02,2,K08,s1,ZKSCAN3,treated,U2OS,,train
7055,U2OS-02_2_K08_s1_71,U2OS-02,2,K08,s1,ZKSCAN3,treated,U2OS,,train
7056,U2OS-02_2_K08_s1_72,U2OS-02,2,K08,s1,ZKSCAN3,treated,U2OS,,train
7057,U2OS-02_2_K08_s1_73,U2OS-02,2,K08,s1,ZKSCAN3,treated,U2OS,,train
7058,U2OS-02_2_K22_s1_17,U2OS-02,2,K22,s1,MEGF10,treated,U2OS,,train
7059,U2OS-02_2_K22_s1_18,U2OS-02,2,K22,s1,MEGF10,treated,U2OS,,train
7060,U2OS-02_2_K22_s1_19,U2OS-02,2,K22,s1,MEGF10,treated,U2OS,,train
7061,U2OS-02_2_K22_s1_21,U2OS-02,2,K22,s1,MEGF10,treated,U2OS,,train
7062,U2OS-02_2_K22_s1_23,U2OS-02,2,K22,s1,MEGF10,treated,U2OS,,train
7063,U2OS-02_2_K22_s1_25,U2OS-02,2,K22,s1,MEGF10,treated,U2OS,,train
7064,U2OS-02_2_K22_s1_27,U2OS-02,2,K22,s1,MEGF10,treated,U2OS,,train
7065,U2OS-02_2_K22_s1_28,U2OS-02,2,K22,s1,MEGF10,treated,U2OS,,train
7066,U2OS-02_2_K22_s1_29,U2OS-02,2,K22,s1,MEGF10,treated,U2OS,,train
7067,U2OS-02_2_K22_s1_30,U2OS-02,2,K22,s1,MEGF10,treated,U2OS,,train
7068,U2OS-02_2_K22_s1_31,U2OS-02,2,K22,s1,MEGF10,treated,U2OS,,train
7069,U2OS-02_2_K22_s1_32,U2OS-02,2,K22,s1,MEGF10,treated,U2OS,,train
7070,U2OS-02_2_K22_s1_33,U2OS-02,2,K22,s1,MEGF10,treated,U2OS,,train
7071,U2OS-02_2_K22_s1_34,U2OS-02,2,K22,s1,MEGF10,treated,U2OS,,train
7072,U2OS-02_2_K22_s1_40,U2OS-02,2,K22,s1,MEGF10,treated,U2OS,,train
7073,U2OS-02_2_K22_s1_41,U2OS-02,2,K22,s1,MEGF10,treated,U2OS,,train
7074,U2OS-02_2_K22_s1_45,U2OS-02,2,K22,s1,MEGF10,treated,U2OS,,train
7075,U2OS-02_2_K22_s1_47,U2OS-02,2,K22,s1,MEGF10,treated,U2OS,,train
7076,U2OS-02_2_K22_s1_48,U2OS-02,2,K22,s1,MEGF10,treated,U2OS,,train
7077,U2OS-02_2_K22_s1_51,U2OS-02,2,K22,s1,MEGF10,treated,U2OS,,train
7078,U2OS-02_2_K22_s1_52,U2OS-02,2,K22,s1,MEGF10,treated,U2OS,,train
7079,U2OS-02_2_K22_s1_54,U2OS-02,2,K22,s1,MEGF10,treated,U2OS,,train
7080,U2OS-02_2_K22_s1_57,U2OS-02,2,K22,s1,MEGF10,treated,U2OS,,train
7081,U2OS-02_2_K22_s1_58,U2OS-02,2,K22,s1,MEGF10,treated,U2OS,,train
7082,U2OS-02_2_K22_s1_60,U2OS-02,2,K22,s1,MEGF10,treated,U2OS,,train
7083,U2OS-02_2_K22_s1_61,U2OS-02,2,K22,s1,MEGF10,treated,U2OS,,train
7084,U2OS-02_2_K22_s1_62,U2OS-02,2,K22,s1,MEGF10,treated,U2OS,,train
7085,U2OS-02_2_K22_s1_63,U2OS-02,2,K22,s1,MEGF10,treated,U2OS,,train
7086,U2OS-02_2_K22_s1_64,U2OS-02,2,K22,s1,MEGF10,treated,U2OS,,train
7087,U2OS-02_2_K22_s1_66,U2OS-02,2,K22,s1,MEGF10,treated,U2OS,,train
7088,U2OS-02_2_K22_s1_68,U2OS-02,2,K22,s1,MEGF10,treated,U2OS,,train
7089,U2OS-02_2_K22_s1_69,U2OS-02,2,K22,s1,MEGF10,treated,U2OS,,train
7090,U2OS-02_2_K22_s1_73,U2OS-02,2,K22,s1,MEGF10,treated,U2OS,,train
7091,U2OS-02_2_K22_s1_74,U2OS-02,2,K22,s1,MEGF10,treated,U2OS,,train
7092,U2OS-02_2_K22_s1_75,U2OS-02,2,K22,s1,MEGF10,treated,U2OS,,train
7093,U2OS-02_2_K22_s1_77,U2OS-02,2,K22,s1,MEGF10,treated,U2OS,,train
7094,U2OS-02_2_K22_s1_78,U2OS-02,2,K22,s1,MEGF10,treated,U2OS,,train
7095,U2OS-02_2_K22_s1_80,U2OS-02,2,K22,s1,MEGF10,treated,U2OS,,train
7096,U2OS-02_2_K22_s1_81,U2OS-02,2,K22,s1,MEGF10,treated,U2OS,,train
7097,U2OS-02_2_K22_s1_83,U2OS-02,2,K22,s1,MEGF10,treated,U2OS,,train
7098,U2OS-02_2_L03_s1_14,U2OS-02,2,L03,s1,NT5C1A,treated,U2OS,,train
7099,U2OS-02_2_L03_s1_16,U2OS-02,2,L03,s1,NT5C1A,treated,U2OS,,train
7100,U2OS-02_2_L03_s1_18,U2OS-02,2,L03,s1,NT5C1A,treated,U2OS,,train
7101,U2OS-02_2_L03_s1_20,U2OS-02,2,L03,s1,NT5C1A,treated,U2OS,,train
7102,U2OS-02_2_L03_s1_22,U2OS-02,2,L03,s1,NT5C1A,treated,U2OS,,train
7103,U2OS-02_2_L03_s1_23,U2OS-02,2,L03,s1,NT5C1A,treated,U2OS,,train
7104,U2OS-02_2_L03_s1_25,U2OS-02,2,L03,s1,NT5C1A,treated,U2OS,,train
7105,U2OS-02_2_L03_s1_26,U2OS-02,2,L03,s1,NT5C1A,treated,U2OS,,train
7106,U2OS-02_2_L03_s1_27,U2OS-02,2,L03,s1,NT5C1A,treated,U2OS,,train
7107,U2OS-02_2_L03_s1_28,U2OS-02,2,L03,s1,NT5C1A,treated,U2OS,,train
7108,U2OS-02_2_L03_s1_29,U2OS-02,2,L03,s1,NT5C1A,treated,U2OS,,train
7109,U2OS-02_2_L03_s1_30,U2OS-02,2,L03,s1,NT5C1A,treated,U2OS,,train
7110,U2OS-02_2_L03_s1_33,U2OS-02,2,L03,s1,NT5C1A,treated,U2OS,,train
7111,U2OS-02_2_L03_s1_34,U2OS-02,2,L03,s1,NT5C1A,treated,U2OS,,train
7112,U2OS-02_2_L03_s1_39,U2OS-02,2,L03,s1,NT5C1A,treated,U2OS,,train
7113,U2OS-02_2_L03_s1_40,U2OS-02,2,L03,s1,NT5C1A,treated,U2OS,,train
7114,U2OS-02_2_L03_s1_41,U2OS-02,2,L03,s1,NT5C1A,treated,U2OS,,train
7115,U2OS-02_2_L03_s1_42,U2OS-02,2,L03,s1,NT5C1A,treated,U2OS,,train
7116,U2OS-02_2_L03_s1_43,U2OS-02,2,L03,s1,NT5C1A,treated,U2OS,,train
7117,U2OS-02_2_L03_s1_44,U2OS-02,2,L03,s1,NT5C1A,treated,U2OS,,train
7118,U2OS-02_2_L03_s1_45,U2OS-02,2,L03,s1,NT5C1A,treated,U2OS,,train
7119,U2OS-02_2_L03_s1_47,U2OS-02,2,L03,s1,NT5C1A,treated,U2OS,,train
7120,U2OS-02_2_L03_s1_48,U2OS-02,2,L03,s1,NT5C1A,treated,U2OS,,train
7121,U2OS-02_2_L03_s1_49,U2OS-02,2,L03,s1,NT5C1A,treated,U2OS,,train
7122,U2OS-02_2_L03_s1_50,U2OS-02,2,L03,s1,NT5C1A,treated,U2OS,,train
7123,U2OS-02_2_L03_s1_52,U2OS-02,2,L03,s1,NT5C1A,treated,U2OS,,train
7124,U2OS-02_2_L03_s1_53,U2OS-02,2,L03,s1,NT5C1A,treated,U2OS,,train
7125,U2OS-02_2_L03_s1_54,U2OS-02,2,L03,s1,NT5C1A,treated,U2OS,,train
7126,U2OS-02_2_L03_s1_56,U2OS-02,2,L03,s1,NT5C1A,treated,U2OS,,train
7127,U2OS-02_2_L03_s1_57,U2OS-02,2,L03,s1,NT5C1A,treated,U2OS,,train
7128,U2OS-02_2_L03_s1_59,U2OS-02,2,L03,s1,NT5C1A,treated,U2OS,,train
7129,U2OS-02_2_L03_s1_60,U2OS-02,2,L03,s1,NT5C1A,treated,U2OS,,train
7130,U2OS-02_2_L03_s1_63,U2OS-02,2,L03,s1,NT5C1A,treated,U2OS,,train
7131,U2OS-02_2_L03_s1_65,U2OS-02,2,L03,s1,NT5C1A,treated,U2OS,,train
7132,U2OS-02_2_L03_s1_66,U2OS-02,2,L03,s1,NT5C1A,treated,U2OS,,train
7133,U2OS-02_2_L03_s1_68,U2OS-02,2,L03,s1,NT5C1A,treated,U2OS,,train
7134,U2OS-02_2_L03_s1_69,U2OS-02,2,L03,s1,NT5C1A,treated,U2OS,,train
7135,U2OS-02_2_L03_s1_74,U2OS-02,2,L03,s1,NT5C1A,treated,U2OS,,train
7136,U2OS-02_2_L03_s1_75,U2OS-02,2,L03,s1,NT5C1A,treated,U2OS,,train
7137,U2OS-02_2_L03_s1_76,U2OS-02,2,L03,s1,NT5C1A,treated,U2OS,,train
7138,U2OS-02_2_L12_s1_3,U2OS-02,2,L12,s1,EPPK1,treated,U2OS,,train
7139,U2OS-02_2_L12_s1_10,U2OS-02,2,L12,s1,EPPK1,treated,U2OS,,train
7140,U2OS-02_2_L12_s1_11,U2OS-02,2,L12,s1,EPPK1,treated,U2OS,,train
7141,U2OS-02_2_L12_s1_14,U2OS-02,2,L12,s1,EPPK1,treated,U2OS,,train
7142,U2OS-02_2_L12_s1_19,U2OS-02,2,L12,s1,EPPK1,treated,U2OS,,train
7143,U2OS-02_2_L12_s1_21,U2OS-02,2,L12,s1,EPPK1,treated,U2OS,,train
7144,U2OS-02_2_L12_s1_22,U2OS-02,2,L12,s1,EPPK1,treated,U2OS,,train
7145,U2OS-02_2_L12_s1_23,U2OS-02,2,L12,s1,EPPK1,treated,U2OS,,train
7146,U2OS-02_2_L12_s1_24,U2OS-02,2,L12,s1,EPPK1,treated,U2OS,,train
7147,U2OS-02_2_L12_s1_25,U2OS-02,2,L12,s1,EPPK1,treated,U2OS,,train
7148,U2OS-02_2_L12_s1_26,U2OS-02,2,L12,s1,EPPK1,treated,U2OS,,train
7149,U2OS-02_2_L12_s1_27,U2OS-02,2,L12,s1,EPPK1,treated,U2OS,,train
7150,U2OS-02_2_L12_s1_28,U2OS-02,2,L12,s1,EPPK1,treated,U2OS,,train
7151,U2OS-02_2_L12_s1_29,U2OS-02,2,L12,s1,EPPK1,treated,U2OS,,train
7152,U2OS-02_2_L12_s1_34,U2OS-02,2,L12,s1,EPPK1,treated,U2OS,,train
7153,U2OS-02_2_L12_s1_36,U2OS-02,2,L12,s1,EPPK1,treated,U2OS,,train
7154,U2OS-02_2_L12_s1_38,U2OS-02,2,L12,s1,EPPK1,treated,U2OS,,train
7155,U2OS-02_2_L12_s1_39,U2OS-02,2,L12,s1,EPPK1,treated,U2OS,,train
7156,U2OS-02_2_L12_s1_40,U2OS-02,2,L12,s1,EPPK1,treated,U2OS,,train
7157,U2OS-02_2_L12_s1_41,U2OS-02,2,L12,s1,EPPK1,treated,U2OS,,train
7158,U2OS-02_2_L12_s1_42,U2OS-02,2,L12,s1,EPPK1,treated,U2OS,,train
7159,U2OS-02_2_L12_s1_44,U2OS-02,2,L12,s1,EPPK1,treated,U2OS,,train
7160,U2OS-02_2_L12_s1_45,U2OS-02,2,L12,s1,EPPK1,treated,U2OS,,train
7161,U2OS-02_2_L12_s1_46,U2OS-02,2,L12,s1,EPPK1,treated,U2OS,,train
7162,U2OS-02_2_L12_s1_48,U2OS-02,2,L12,s1,EPPK1,treated,U2OS,,train
7163,U2OS-02_2_L12_s1_50,U2OS-02,2,L12,s1,EPPK1,treated,U2OS,,train
7164,U2OS-02_2_L12_s1_52,U2OS-02,2,L12,s1,EPPK1,treated,U2OS,,train
7165,U2OS-02_2_L12_s1_53,U2OS-02,2,L12,s1,EPPK1,treated,U2OS,,train
7166,U2OS-02_2_L12_s1_55,U2OS-02,2,L12,s1,EPPK1,treated,U2OS,,train
7167,U2OS-02_2_L12_s1_57,U2OS-02,2,L12,s1,EPPK1,treated,U2OS,,train
7168,U2OS-02_2_L12_s1_59,U2OS-02,2,L12,s1,EPPK1,treated,U2OS,,train
7169,U2OS-02_2_L12_s1_60,U2OS-02,2,L12,s1,EPPK1,treated,U2OS,,train
7170,U2OS-02_2_L12_s1_65,U2OS-02,2,L12,s1,EPPK1,treated,U2OS,,train
7171,U2OS-02_2_L12_s1_66,U2OS-02,2,L12,s1,EPPK1,treated,U2OS,,train
7172,U2OS-02_2_L12_s1_67,U2OS-02,2,L12,s1,EPPK1,treated,U2OS,,train
7173,U2OS-02_2_L12_s1_69,U2OS-02,2,L12,s1,EPPK1,treated,U2OS,,train
7174,U2OS-02_2_L12_s1_71,U2OS-02,2,L12,s1,EPPK1,treated,U2OS,,train
7175,U2OS-02_2_L12_s1_73,U2OS-02,2,L12,s1,EPPK1,treated,U2OS,,train
7176,U2OS-02_2_L12_s1_74,U2OS-02,2,L12,s1,EPPK1,treated,U2OS,,train
7177,U2OS-02_2_L12_s1_77,U2OS-02,2,L12,s1,EPPK1,treated,U2OS,,train
7178,U2OS-02_2_L22_s1_15,U2OS-02,2,L22,s1,NAA40,treated,U2OS,,train
7179,U2OS-02_2_L22_s1_16,U2OS-02,2,L22,s1,NAA40,treated,U2OS,,train
7180,U2OS-02_2_L22_s1_17,U2OS-02,2,L22,s1,NAA40,treated,U2OS,,train
7181,U2OS-02_2_L22_s1_20,U2OS-02,2,L22,s1,NAA40,treated,U2OS,,train
7182,U2OS-02_2_L22_s1_23,U2OS-02,2,L22,s1,NAA40,treated,U2OS,,train
7183,U2OS-02_2_L22_s1_24,U2OS-02,2,L22,s1,NAA40,treated,U2OS,,train
7184,U2OS-02_2_L22_s1_25,U2OS-02,2,L22,s1,NAA40,treated,U2OS,,train
7185,U2OS-02_2_L22_s1_26,U2OS-02,2,L22,s1,NAA40,treated,U2OS,,train
7186,U2OS-02_2_L22_s1_27,U2OS-02,2,L22,s1,NAA40,treated,U2OS,,train
7187,U2OS-02_2_L22_s1_29,U2OS-02,2,L22,s1,NAA40,treated,U2OS,,train
7188,U2OS-02_2_L22_s1_30,U2OS-02,2,L22,s1,NAA40,treated,U2OS,,train
7189,U2OS-02_2_L22_s1_32,U2OS-02,2,L22,s1,NAA40,treated,U2OS,,train
7190,U2OS-02_2_L22_s1_34,U2OS-02,2,L22,s1,NAA40,treated,U2OS,,train
7191,U2OS-02_2_L22_s1_35,U2OS-02,2,L22,s1,NAA40,treated,U2OS,,train
7192,U2OS-02_2_L22_s1_40,U2OS-02,2,L22,s1,NAA40,treated,U2OS,,train
7193,U2OS-02_2_L22_s1_41,U2OS-02,2,L22,s1,NAA40,treated,U2OS,,train
7194,U2OS-02_2_L22_s1_42,U2OS-02,2,L22,s1,NAA40,treated,U2OS,,train
7195,U2OS-02_2_L22_s1_43,U2OS-02,2,L22,s1,NAA40,treated,U2OS,,train
7196,U2OS-02_2_L22_s1_44,U2OS-02,2,L22,s1,NAA40,treated,U2OS,,train
7197,U2OS-02_2_L22_s1_45,U2OS-02,2,L22,s1,NAA40,treated,U2OS,,train
7198,U2OS-02_2_L22_s1_47,U2OS-02,2,L22,s1,NAA40,treated,U2OS,,train
7199,U2OS-02_2_L22_s1_49,U2OS-02,2,L22,s1,NAA40,treated,U2OS,,train
7200,U2OS-02_2_L22_s1_50,U2OS-02,2,L22,s1,NAA40,treated,U2OS,,train
7201,U2OS-02_2_L22_s1_51,U2OS-02,2,L22,s1,NAA40,treated,U2OS,,train
7202,U2OS-02_2_L22_s1_53,U2OS-02,2,L22,s1,NAA40,treated,U2OS,,train
7203,U2OS-02_2_L22_s1_54,U2OS-02,2,L22,s1,NAA40,treated,U2OS,,train
7204,U2OS-02_2_L22_s1_56,U2OS-02,2,L22,s1,NAA40,treated,U2OS,,train
7205,U2OS-02_2_L22_s1_57,U2OS-02,2,L22,s1,NAA40,treated,U2OS,,train
7206,U2OS-02_2_L22_s1_58,U2OS-02,2,L22,s1,NAA40,treated,U2OS,,train
7207,U2OS-02_2_L22_s1_59,U2OS-02,2,L22,s1,NAA40,treated,U2OS,,train
7208,U2OS-02_2_L22_s1_62,U2OS-02,2,L22,s1,NAA40,treated,U2OS,,train
7209,U2OS-02_2_L22_s1_64,U2OS-02,2,L22,s1,NAA40,treated,U2OS,,train
7210,U2OS-02_2_L22_s1_66,U2OS-02,2,L22,s1,NAA40,treated,U2OS,,train
7211,U2OS-02_2_L22_s1_69,U2OS-02,2,L22,s1,NAA40,treated,U2OS,,train
7212,U2OS-02_2_L22_s1_70,U2OS-02,2,L22,s1,NAA40,treated,U2OS,,train
7213,U2OS-02_2_L22_s1_72,U2OS-02,2,L22,s1,NAA40,treated,U2OS,,train
7214,U2OS-02_2_L22_s1_74,U2OS-02,2,L22,s1,NAA40,treated,U2OS,,train
7215,U2OS-02_2_L22_s1_76,U2OS-02,2,L22,s1,NAA40,treated,U2OS,,train
7216,U2OS-02_2_L22_s1_77,U2OS-02,2,L22,s1,NAA40,treated,U2OS,,train
7217,U2OS-02_2_L22_s1_78,U2OS-02,2,L22,s1,NAA40,treated,U2OS,,train
7218,U2OS-02_2_M05_s1_13,U2OS-02,2,M05,s1,RASSF5,treated,U2OS,,train
7219,U2OS-02_2_M05_s1_15,U2OS-02,2,M05,s1,RASSF5,treated,U2OS,,train
7220,U2OS-02_2_M05_s1_17,U2OS-02,2,M05,s1,RASSF5,treated,U2OS,,train
7221,U2OS-02_2_M05_s1_19,U2OS-02,2,M05,s1,RASSF5,treated,U2OS,,train
7222,U2OS-02_2_M05_s1_21,U2OS-02,2,M05,s1,RASSF5,treated,U2OS,,train
7223,U2OS-02_2_M05_s1_24,U2OS-02,2,M05,s1,RASSF5,treated,U2OS,,train
7224,U2OS-02_2_M05_s1_25,U2OS-02,2,M05,s1,RASSF5,treated,U2OS,,train
7225,U2OS-02_2_M05_s1_26,U2OS-02,2,M05,s1,RASSF5,treated,U2OS,,train
7226,U2OS-02_2_M05_s1_27,U2OS-02,2,M05,s1,RASSF5,treated,U2OS,,train
7227,U2OS-02_2_M05_s1_28,U2OS-02,2,M05,s1,RASSF5,treated,U2OS,,train
7228,U2OS-02_2_M05_s1_30,U2OS-02,2,M05,s1,RASSF5,treated,U2OS,,train
7229,U2OS-02_2_M05_s1_31,U2OS-02,2,M05,s1,RASSF5,treated,U2OS,,train
7230,U2OS-02_2_M05_s1_32,U2OS-02,2,M05,s1,RASSF5,treated,U2OS,,train
7231,U2OS-02_2_M05_s1_33,U2OS-02,2,M05,s1,RASSF5,treated,U2OS,,train
7232,U2OS-02_2_M05_s1_39,U2OS-02,2,M05,s1,RASSF5,treated,U2OS,,train
7233,U2OS-02_2_M05_s1_40,U2OS-02,2,M05,s1,RASSF5,treated,U2OS,,train
7234,U2OS-02_2_M05_s1_41,U2OS-02,2,M05,s1,RASSF5,treated,U2OS,,train
7235,U2OS-02_2_M05_s1_43,U2OS-02,2,M05,s1,RASSF5,treated,U2OS,,train
7236,U2OS-02_2_M05_s1_44,U2OS-02,2,M05,s1,RASSF5,treated,U2OS,,train
7237,U2OS-02_2_M05_s1_45,U2OS-02,2,M05,s1,RASSF5,treated,U2OS,,train
7238,U2OS-02_2_M05_s1_47,U2OS-02,2,M05,s1,RASSF5,treated,U2OS,,train
7239,U2OS-02_2_M05_s1_49,U2OS-02,2,M05,s1,RASSF5,treated,U2OS,,train
7240,U2OS-02_2_M05_s1_51,U2OS-02,2,M05,s1,RASSF5,treated,U2OS,,train
7241,U2OS-02_2_M05_s1_52,U2OS-02,2,M05,s1,RASSF5,treated,U2OS,,train
7242,U2OS-02_2_M05_s1_53,U2OS-02,2,M05,s1,RASSF5,treated,U2OS,,train
7243,U2OS-02_2_M05_s1_54,U2OS-02,2,M05,s1,RASSF5,treated,U2OS,,train
7244,U2OS-02_2_M05_s1_55,U2OS-02,2,M05,s1,RASSF5,treated,U2OS,,train
7245,U2OS-02_2_M05_s1_57,U2OS-02,2,M05,s1,RASSF5,treated,U2OS,,train
7246,U2OS-02_2_M05_s1_58,U2OS-02,2,M05,s1,RASSF5,treated,U2OS,,train
7247,U2OS-02_2_M05_s1_59,U2OS-02,2,M05,s1,RASSF5,treated,U2OS,,train
7248,U2OS-02_2_M05_s1_62,U2OS-02,2,M05,s1,RASSF5,treated,U2OS,,train
7249,U2OS-02_2_M05_s2_9,U2OS-02,2,M05,s2,RASSF5,treated,U2OS,,train
7250,U2OS-02_2_M05_s2_12,U2OS-02,2,M05,s2,RASSF5,treated,U2OS,,train
7251,U2OS-02_2_M05_s2_14,U2OS-02,2,M05,s2,RASSF5,treated,U2OS,,train
7252,U2OS-02_2_M05_s2_15,U2OS-02,2,M05,s2,RASSF5,treated,U2OS,,train
7253,U2OS-02_2_M05_s2_17,U2OS-02,2,M05,s2,RASSF5,treated,U2OS,,train
7254,U2OS-02_2_M05_s2_18,U2OS-02,2,M05,s2,RASSF5,treated,U2OS,,train
7255,U2OS-02_2_M05_s2_21,U2OS-02,2,M05,s2,RASSF5,treated,U2OS,,train
7256,U2OS-02_2_M05_s2_22,U2OS-02,2,M05,s2,RASSF5,treated,U2OS,,train
7257,U2OS-02_2_M05_s2_24,U2OS-02,2,M05,s2,RASSF5,treated,U2OS,,train
7258,U2OS-02_2_N17_s1_18,U2OS-02,2,N17,s1,KREMEN1,treated,U2OS,,train
7259,U2OS-02_2_N17_s1_23,U2OS-02,2,N17,s1,KREMEN1,treated,U2OS,,train
7260,U2OS-02_2_N17_s1_24,U2OS-02,2,N17,s1,KREMEN1,treated,U2OS,,train
7261,U2OS-02_2_N17_s1_26,U2OS-02,2,N17,s1,KREMEN1,treated,U2OS,,train
7262,U2OS-02_2_N17_s1_29,U2OS-02,2,N17,s1,KREMEN1,treated,U2OS,,train
7263,U2OS-02_2_N17_s1_30,U2OS-02,2,N17,s1,KREMEN1,treated,U2OS,,train
7264,U2OS-02_2_N17_s1_31,U2OS-02,2,N17,s1,KREMEN1,treated,U2OS,,train
7265,U2OS-02_2_N17_s1_32,U2OS-02,2,N17,s1,KREMEN1,treated,U2OS,,train
7266,U2OS-02_2_N17_s1_33,U2OS-02,2,N17,s1,KREMEN1,treated,U2OS,,train
7267,U2OS-02_2_N17_s1_34,U2OS-02,2,N17,s1,KREMEN1,treated,U2OS,,train
7268,U2OS-02_2_N17_s1_36,U2OS-02,2,N17,s1,KREMEN1,treated,U2OS,,train
7269,U2OS-02_2_N17_s1_38,U2OS-02,2,N17,s1,KREMEN1,treated,U2OS,,train
7270,U2OS-02_2_N17_s1_39,U2OS-02,2,N17,s1,KREMEN1,treated,U2OS,,train
7271,U2OS-02_2_N17_s1_40,U2OS-02,2,N17,s1,KREMEN1,treated,U2OS,,train
7272,U2OS-02_2_N17_s1_45,U2OS-02,2,N17,s1,KREMEN1,treated,U2OS,,train
7273,U2OS-02_2_N17_s1_47,U2OS-02,2,N17,s1,KREMEN1,treated,U2OS,,train
7274,U2OS-02_2_N17_s1_51,U2OS-02,2,N17,s1,KREMEN1,treated,U2OS,,train
7275,U2OS-02_2_N17_s1_52,U2OS-02,2,N17,s1,KREMEN1,treated,U2OS,,train
7276,U2OS-02_2_N17_s1_53,U2OS-02,2,N17,s1,KREMEN1,treated,U2OS,,train
7277,U2OS-02_2_N17_s1_54,U2OS-02,2,N17,s1,KREMEN1,treated,U2OS,,train
7278,U2OS-02_2_N17_s1_55,U2OS-02,2,N17,s1,KREMEN1,treated,U2OS,,train
7279,U2OS-02_2_N17_s1_58,U2OS-02,2,N17,s1,KREMEN1,treated,U2OS,,train
7280,U2OS-02_2_N17_s1_61,U2OS-02,2,N17,s1,KREMEN1,treated,U2OS,,train
7281,U2OS-02_2_N17_s1_62,U2OS-02,2,N17,s1,KREMEN1,treated,U2OS,,train
7282,U2OS-02_2_N17_s1_63,U2OS-02,2,N17,s1,KREMEN1,treated,U2OS,,train
7283,U2OS-02_2_N17_s1_64,U2OS-02,2,N17,s1,KREMEN1,treated,U2OS,,train
7284,U2OS-02_2_N17_s1_65,U2OS-02,2,N17,s1,KREMEN1,treated,U2OS,,train
7285,U2OS-02_2_N17_s1_66,U2OS-02,2,N17,s1,KREMEN1,treated,U2OS,,train
7286,U2OS-02_2_N17_s1_67,U2OS-02,2,N17,s1,KREMEN1,treated,U2OS,,train
7287,U2OS-02_2_N17_s1_69,U2OS-02,2,N17,s1,KREMEN1,treated,U2OS,,train
7288,U2OS-02_2_N17_s1_74,U2OS-02,2,N17,s1,KREMEN1,treated,U2OS,,train
7289,U2OS-02_2_N17_s1_75,U2OS-02,2,N17,s1,KREMEN1,treated,U2OS,,train
7290,U2OS-02_2_N17_s1_78,U2OS-02,2,N17,s1,KREMEN1,treated,U2OS,,train
7291,U2OS-02_2_N17_s1_79,U2OS-02,2,N17,s1,KREMEN1,treated,U2OS,,train
7292,U2OS-02_2_N17_s1_80,U2OS-02,2,N17,s1,KREMEN1,treated,U2OS,,train
7293,U2OS-02_2_N17_s1_84,U2OS-02,2,N17,s1,KREMEN1,treated,U2OS,,train
7294,U2OS-02_2_N17_s1_85,U2OS-02,2,N17,s1,KREMEN1,treated,U2OS,,train
7295,U2OS-02_2_N17_s1_88,U2OS-02,2,N17,s1,KREMEN1,treated,U2OS,,train
7296,U2OS-02_2_N17_s1_89,U2OS-02,2,N17,s1,KREMEN1,treated,U2OS,,train
7297,U2OS-02_2_N17_s1_90,U2OS-02,2,N17,s1,KREMEN1,treated,U2OS,,train
7298,U2OS-02_3_B02_s1_21,U2OS-02,3,B02,s1,UNTREATED,negative_control,U2OS,,train
7299,U2OS-02_3_B02_s1_22,U2OS-02,3,B02,s1,UNTREATED,negative_control,U2OS,,train
7300,U2OS-02_3_B02_s1_23,U2OS-02,3,B02,s1,UNTREATED,negative_control,U2OS,,train
7301,U2OS-02_3_B02_s1_25,U2OS-02,3,B02,s1,UNTREATED,negative_control,U2OS,,train
7302,U2OS-02_3_B02_s1_28,U2OS-02,3,B02,s1,UNTREATED,negative_control,U2OS,,train
7303,U2OS-02_3_B02_s1_29,U2OS-02,3,B02,s1,UNTREATED,negative_control,U2OS,,train
7304,U2OS-02_3_B02_s1_31,U2OS-02,3,B02,s1,UNTREATED,negative_control,U2OS,,train
7305,U2OS-02_3_B02_s1_32,U2OS-02,3,B02,s1,UNTREATED,negative_control,U2OS,,train
7306,U2OS-02_3_B02_s1_33,U2OS-02,3,B02,s1,UNTREATED,negative_control,U2OS,,train
7307,U2OS-02_3_B02_s1_34,U2OS-02,3,B02,s1,UNTREATED,negative_control,U2OS,,train
7308,U2OS-02_3_B02_s1_35,U2OS-02,3,B02,s1,UNTREATED,negative_control,U2OS,,train
7309,U2OS-02_3_B02_s1_37,U2OS-02,3,B02,s1,UNTREATED,negative_control,U2OS,,train
7310,U2OS-02_3_B02_s1_38,U2OS-02,3,B02,s1,UNTREATED,negative_control,U2OS,,train
7311,U2OS-02_3_B02_s1_39,U2OS-02,3,B02,s1,UNTREATED,negative_control,U2OS,,train
7312,U2OS-02_3_B02_s1_44,U2OS-02,3,B02,s1,UNTREATED,negative_control,U2OS,,train
7313,U2OS-02_3_B02_s1_46,U2OS-02,3,B02,s1,UNTREATED,negative_control,U2OS,,train
7314,U2OS-02_3_B02_s1_47,U2OS-02,3,B02,s1,UNTREATED,negative_control,U2OS,,train
7315,U2OS-02_3_B02_s1_48,U2OS-02,3,B02,s1,UNTREATED,negative_control,U2OS,,train
7316,U2OS-02_3_B02_s1_49,U2OS-02,3,B02,s1,UNTREATED,negative_control,U2OS,,train
7317,U2OS-02_3_B02_s1_50,U2OS-02,3,B02,s1,UNTREATED,negative_control,U2OS,,train
7318,U2OS-02_3_B02_s1_51,U2OS-02,3,B02,s1,UNTREATED,negative_control,U2OS,,train
7319,U2OS-02_3_B02_s1_55,U2OS-02,3,B02,s1,UNTREATED,negative_control,U2OS,,train
7320,U2OS-02_3_B02_s1_56,U2OS-02,3,B02,s1,UNTREATED,negative_control,U2OS,,train
7321,U2OS-02_3_B02_s1_57,U2OS-02,3,B02,s1,UNTREATED,negative_control,U2OS,,train
7322,U2OS-02_3_B02_s1_59,U2OS-02,3,B02,s1,UNTREATED,negative_control,U2OS,,train
7323,U2OS-02_3_B02_s1_60,U2OS-02,3,B02,s1,UNTREATED,negative_control,U2OS,,train
7324,U2OS-02_3_B02_s1_61,U2OS-02,3,B02,s1,UNTREATED,negative_control,U2OS,,train
7325,U2OS-02_3_B02_s1_62,U2OS-02,3,B02,s1,UNTREATED,negative_control,U2OS,,train
7326,U2OS-02_3_B02_s1_63,U2OS-02,3,B02,s1,UNTREATED,negative_control,U2OS,,train
7327,U2OS-02_3_B02_s1_64,U2OS-02,3,B02,s1,UNTREATED,negative_control,U2OS,,train
7328,U2OS-02_3_B02_s1_67,U2OS-02,3,B02,s1,UNTREATED,negative_control,U2OS,,train
7329,U2OS-02_3_B02_s1_68,U2OS-02,3,B02,s1,UNTREATED,negative_control,U2OS,,train
7330,U2OS-02_3_B02_s1_70,U2OS-02,3,B02,s1,UNTREATED,negative_control,U2OS,,train
7331,U2OS-02_3_B02_s1_71,U2OS-02,3,B02,s1,UNTREATED,negative_control,U2OS,,train
7332,U2OS-02_3_B02_s1_72,U2OS-02,3,B02,s1,UNTREATED,negative_control,U2OS,,train
7333,U2OS-02_3_B02_s1_74,U2OS-02,3,B02,s1,UNTREATED,negative_control,U2OS,,train
7334,U2OS-02_3_B02_s1_76,U2OS-02,3,B02,s1,UNTREATED,negative_control,U2OS,,train
7335,U2OS-02_3_B02_s1_78,U2OS-02,3,B02,s1,UNTREATED,negative_control,U2OS,,train
7336,U2OS-02_3_B02_s1_79,U2OS-02,3,B02,s1,UNTREATED,negative_control,U2OS,,train
7337,U2OS-02_3_B02_s1_80,U2OS-02,3,B02,s1,UNTREATED,negative_control,U2OS,,train
7338,U2OS-02_3_C04_s1_15,U2OS-02,3,C04,s1,TSPAN32,treated,U2OS,,train
7339,U2OS-02_3_C04_s1_17,U2OS-02,3,C04,s1,TSPAN32,treated,U2OS,,train
7340,U2OS-02_3_C04_s1_18,U2OS-02,3,C04,s1,TSPAN32,treated,U2OS,,train
7341,U2OS-02_3_C04_s1_21,U2OS-02,3,C04,s1,TSPAN32,treated,U2OS,,train
7342,U2OS-02_3_C04_s1_23,U2OS-02,3,C04,s1,TSPAN32,treated,U2OS,,train
7343,U2OS-02_3_C04_s1_24,U2OS-02,3,C04,s1,TSPAN32,treated,U2OS,,train
7344,U2OS-02_3_C04_s1_25,U2OS-02,3,C04,s1,TSPAN32,treated,U2OS,,train
7345,U2OS-02_3_C04_s1_26,U2OS-02,3,C04,s1,TSPAN32,treated,U2OS,,train
7346,U2OS-02_3_C04_s1_28,U2OS-02,3,C04,s1,TSPAN32,treated,U2OS,,train
7347,U2OS-02_3_C04_s1_29,U2OS-02,3,C04,s1,TSPAN32,treated,U2OS,,train
7348,U2OS-02_3_C04_s1_31,U2OS-02,3,C04,s1,TSPAN32,treated,U2OS,,train
7349,U2OS-02_3_C04_s1_32,U2OS-02,3,C04,s1,TSPAN32,treated,U2OS,,train
7350,U2OS-02_3_C04_s1_33,U2OS-02,3,C04,s1,TSPAN32,treated,U2OS,,train
7351,U2OS-02_3_C04_s1_34,U2OS-02,3,C04,s1,TSPAN32,treated,U2OS,,train
7352,U2OS-02_3_C04_s1_41,U2OS-02,3,C04,s1,TSPAN32,treated,U2OS,,train
7353,U2OS-02_3_C04_s1_43,U2OS-02,3,C04,s1,TSPAN32,treated,U2OS,,train
7354,U2OS-02_3_C04_s1_45,U2OS-02,3,C04,s1,TSPAN32,treated,U2OS,,train
7355,U2OS-02_3_C04_s1_47,U2OS-02,3,C04,s1,TSPAN32,treated,U2OS,,train
7356,U2OS-02_3_C04_s1_48,U2OS-02,3,C04,s1,TSPAN32,treated,U2OS,,train
7357,U2OS-02_3_C04_s1_49,U2OS-02,3,C04,s1,TSPAN32,treated,U2OS,,train
7358,U2OS-02_3_C04_s1_51,U2OS-02,3,C04,s1,TSPAN32,treated,U2OS,,train
7359,U2OS-02_3_C04_s1_53,U2OS-02,3,C04,s1,TSPAN32,treated,U2OS,,train
7360,U2OS-02_3_C04_s1_54,U2OS-02,3,C04,s1,TSPAN32,treated,U2OS,,train
7361,U2OS-02_3_C04_s1_55,U2OS-02,3,C04,s1,TSPAN32,treated,U2OS,,train
7362,U2OS-02_3_C04_s1_57,U2OS-02,3,C04,s1,TSPAN32,treated,U2OS,,train
7363,U2OS-02_3_C04_s1_58,U2OS-02,3,C04,s1,TSPAN32,treated,U2OS,,train
7364,U2OS-02_3_C04_s1_59,U2OS-02,3,C04,s1,TSPAN32,treated,U2OS,,train
7365,U2OS-02_3_C04_s1_61,U2OS-02,3,C04,s1,TSPAN32,treated,U2OS,,train
7366,U2OS-02_3_C04_s1_62,U2OS-02,3,C04,s1,TSPAN32,treated,U2OS,,train
7367,U2OS-02_3_C04_s1_63,U2OS-02,3,C04,s1,TSPAN32,treated,U2OS,,train
7368,U2OS-02_3_C04_s1_65,U2OS-02,3,C04,s1,TSPAN32,treated,U2OS,,train
7369,U2OS-02_3_C04_s1_68,U2OS-02,3,C04,s1,TSPAN32,treated,U2OS,,train
7370,U2OS-02_3_C04_s1_70,U2OS-02,3,C04,s1,TSPAN32,treated,U2OS,,train
7371,U2OS-02_3_C04_s1_71,U2OS-02,3,C04,s1,TSPAN32,treated,U2OS,,train
7372,U2OS-02_3_C04_s1_72,U2OS-02,3,C04,s1,TSPAN32,treated,U2OS,,train
7373,U2OS-02_3_C04_s1_74,U2OS-02,3,C04,s1,TSPAN32,treated,U2OS,,train
7374,U2OS-02_3_C04_s1_75,U2OS-02,3,C04,s1,TSPAN32,treated,U2OS,,train
7375,U2OS-02_3_C04_s1_79,U2OS-02,3,C04,s1,TSPAN32,treated,U2OS,,train
7376,U2OS-02_3_C04_s1_80,U2OS-02,3,C04,s1,TSPAN32,treated,U2OS,,train
7377,U2OS-02_3_C04_s1_81,U2OS-02,3,C04,s1,TSPAN32,treated,U2OS,,train
7378,U2OS-02_3_C12_s1_14,U2OS-02,3,C12,s1,USP6NL,treated,U2OS,,train
7379,U2OS-02_3_C12_s1_15,U2OS-02,3,C12,s1,USP6NL,treated,U2OS,,train
7380,U2OS-02_3_C12_s1_16,U2OS-02,3,C12,s1,USP6NL,treated,U2OS,,train
7381,U2OS-02_3_C12_s1_20,U2OS-02,3,C12,s1,USP6NL,treated,U2OS,,train
7382,U2OS-02_3_C12_s1_23,U2OS-02,3,C12,s1,USP6NL,treated,U2OS,,train
7383,U2OS-02_3_C12_s1_24,U2OS-02,3,C12,s1,USP6NL,treated,U2OS,,train
7384,U2OS-02_3_C12_s1_25,U2OS-02,3,C12,s1,USP6NL,treated,U2OS,,train
7385,U2OS-02_3_C12_s1_26,U2OS-02,3,C12,s1,USP6NL,treated,U2OS,,train
7386,U2OS-02_3_C12_s1_27,U2OS-02,3,C12,s1,USP6NL,treated,U2OS,,train
7387,U2OS-02_3_C12_s1_28,U2OS-02,3,C12,s1,USP6NL,treated,U2OS,,train
7388,U2OS-02_3_C12_s1_29,U2OS-02,3,C12,s1,USP6NL,treated,U2OS,,train
7389,U2OS-02_3_C12_s1_30,U2OS-02,3,C12,s1,USP6NL,treated,U2OS,,train
7390,U2OS-02_3_C12_s1_31,U2OS-02,3,C12,s1,USP6NL,treated,U2OS,,train
7391,U2OS-02_3_C12_s1_32,U2OS-02,3,C12,s1,USP6NL,treated,U2OS,,train
7392,U2OS-02_3_C12_s1_39,U2OS-02,3,C12,s1,USP6NL,treated,U2OS,,train
7393,U2OS-02_3_C12_s1_41,U2OS-02,3,C12,s1,USP6NL,treated,U2OS,,train
7394,U2OS-02_3_C12_s1_42,U2OS-02,3,C12,s1,USP6NL,treated,U2OS,,train
7395,U2OS-02_3_C12_s1_43,U2OS-02,3,C12,s1,USP6NL,treated,U2OS,,train
7396,U2OS-02_3_C12_s1_45,U2OS-02,3,C12,s1,USP6NL,treated,U2OS,,train
7397,U2OS-02_3_C12_s1_46,U2OS-02,3,C12,s1,USP6NL,treated,U2OS,,train
7398,U2OS-02_3_C12_s1_47,U2OS-02,3,C12,s1,USP6NL,treated,U2OS,,train
7399,U2OS-02_3_C12_s1_49,U2OS-02,3,C12,s1,USP6NL,treated,U2OS,,train
7400,U2OS-02_3_C12_s1_50,U2OS-02,3,C12,s1,USP6NL,treated,U2OS,,train
7401,U2OS-02_3_C12_s1_53,U2OS-02,3,C12,s1,USP6NL,treated,U2OS,,train
7402,U2OS-02_3_C12_s1_54,U2OS-02,3,C12,s1,USP6NL,treated,U2OS,,train
7403,U2OS-02_3_C12_s1_55,U2OS-02,3,C12,s1,USP6NL,treated,U2OS,,train
7404,U2OS-02_3_C12_s1_56,U2OS-02,3,C12,s1,USP6NL,treated,U2OS,,train
7405,U2OS-02_3_C12_s1_58,U2OS-02,3,C12,s1,USP6NL,treated,U2OS,,train
7406,U2OS-02_3_C12_s1_60,U2OS-02,3,C12,s1,USP6NL,treated,U2OS,,train
7407,U2OS-02_3_C12_s1_62,U2OS-02,3,C12,s1,USP6NL,treated,U2OS,,train
7408,U2OS-02_3_C12_s1_64,U2OS-02,3,C12,s1,USP6NL,treated,U2OS,,train
7409,U2OS-02_3_C12_s1_65,U2OS-02,3,C12,s1,USP6NL,treated,U2OS,,train
7410,U2OS-02_3_C12_s1_69,U2OS-02,3,C12,s1,USP6NL,treated,U2OS,,train
7411,U2OS-02_3_C12_s1_70,U2OS-02,3,C12,s1,USP6NL,treated,U2OS,,train
7412,U2OS-02_3_C12_s1_73,U2OS-02,3,C12,s1,USP6NL,treated,U2OS,,train
7413,U2OS-02_3_C12_s1_75,U2OS-02,3,C12,s1,USP6NL,treated,U2OS,,train
7414,U2OS-02_3_C12_s1_76,U2OS-02,3,C12,s1,USP6NL,treated,U2OS,,train
7415,U2OS-02_3_C12_s1_78,U2OS-02,3,C12,s1,USP6NL,treated,U2OS,,train
7416,U2OS-02_3_C12_s1_79,U2OS-02,3,C12,s1,USP6NL,treated,U2OS,,train
7417,U2OS-02_3_C12_s1_80,U2OS-02,3,C12,s1,USP6NL,treated,U2OS,,train
7418,U2OS-02_3_D04_s1_19,U2OS-02,3,D04,s1,STAG1,treated,U2OS,,train
7419,U2OS-02_3_D04_s1_21,U2OS-02,3,D04,s1,STAG1,treated,U2OS,,train
7420,U2OS-02_3_D04_s1_23,U2OS-02,3,D04,s1,STAG1,treated,U2OS,,train
7421,U2OS-02_3_D04_s1_28,U2OS-02,3,D04,s1,STAG1,treated,U2OS,,train
7422,U2OS-02_3_D04_s1_31,U2OS-02,3,D04,s1,STAG1,treated,U2OS,,train
7423,U2OS-02_3_D04_s1_32,U2OS-02,3,D04,s1,STAG1,treated,U2OS,,train
7424,U2OS-02_3_D04_s1_34,U2OS-02,3,D04,s1,STAG1,treated,U2OS,,train
7425,U2OS-02_3_D04_s1_35,U2OS-02,3,D04,s1,STAG1,treated,U2OS,,train
7426,U2OS-02_3_D04_s1_36,U2OS-02,3,D04,s1,STAG1,treated,U2OS,,train
7427,U2OS-02_3_D04_s1_37,U2OS-02,3,D04,s1,STAG1,treated,U2OS,,train
7428,U2OS-02_3_D04_s1_39,U2OS-02,3,D04,s1,STAG1,treated,U2OS,,train
7429,U2OS-02_3_D04_s1_41,U2OS-02,3,D04,s1,STAG1,treated,U2OS,,train
7430,U2OS-02_3_D04_s1_42,U2OS-02,3,D04,s1,STAG1,treated,U2OS,,train
7431,U2OS-02_3_D04_s1_44,U2OS-02,3,D04,s1,STAG1,treated,U2OS,,train
7432,U2OS-02_3_D04_s1_49,U2OS-02,3,D04,s1,STAG1,treated,U2OS,,train
7433,U2OS-02_3_D04_s1_50,U2OS-02,3,D04,s1,STAG1,treated,U2OS,,train
7434,U2OS-02_3_D04_s1_51,U2OS-02,3,D04,s1,STAG1,treated,U2OS,,train
7435,U2OS-02_3_D04_s1_52,U2OS-02,3,D04,s1,STAG1,treated,U2OS,,train
7436,U2OS-02_3_D04_s1_53,U2OS-02,3,D04,s1,STAG1,treated,U2OS,,train
7437,U2OS-02_3_D04_s1_54,U2OS-02,3,D04,s1,STAG1,treated,U2OS,,train
7438,U2OS-02_3_D04_s1_55,U2OS-02,3,D04,s1,STAG1,treated,U2OS,,train
7439,U2OS-02_3_D04_s1_61,U2OS-02,3,D04,s1,STAG1,treated,U2OS,,train
7440,U2OS-02_3_D04_s1_62,U2OS-02,3,D04,s1,STAG1,treated,U2OS,,train
7441,U2OS-02_3_D04_s1_63,U2OS-02,3,D04,s1,STAG1,treated,U2OS,,train
7442,U2OS-02_3_D04_s1_64,U2OS-02,3,D04,s1,STAG1,treated,U2OS,,train
7443,U2OS-02_3_D04_s1_65,U2OS-02,3,D04,s1,STAG1,treated,U2OS,,train
7444,U2OS-02_3_D04_s1_66,U2OS-02,3,D04,s1,STAG1,treated,U2OS,,train
7445,U2OS-02_3_D04_s1_67,U2OS-02,3,D04,s1,STAG1,treated,U2OS,,train
7446,U2OS-02_3_D04_s1_68,U2OS-02,3,D04,s1,STAG1,treated,U2OS,,train
7447,U2OS-02_3_D04_s1_71,U2OS-02,3,D04,s1,STAG1,treated,U2OS,,train
7448,U2OS-02_3_D04_s1_74,U2OS-02,3,D04,s1,STAG1,treated,U2OS,,train
7449,U2OS-02_3_D04_s1_76,U2OS-02,3,D04,s1,STAG1,treated,U2OS,,train
7450,U2OS-02_3_D04_s1_79,U2OS-02,3,D04,s1,STAG1,treated,U2OS,,train
7451,U2OS-02_3_D04_s1_80,U2OS-02,3,D04,s1,STAG1,treated,U2OS,,train
7452,U2OS-02_3_D04_s1_82,U2OS-02,3,D04,s1,STAG1,treated,U2OS,,train
7453,U2OS-02_3_D04_s1_85,U2OS-02,3,D04,s1,STAG1,treated,U2OS,,train
7454,U2OS-02_3_D04_s1_87,U2OS-02,3,D04,s1,STAG1,treated,U2OS,,train
7455,U2OS-02_3_D04_s1_90,U2OS-02,3,D04,s1,STAG1,treated,U2OS,,train
7456,U2OS-02_3_D04_s1_93,U2OS-02,3,D04,s1,STAG1,treated,U2OS,,train
7457,U2OS-02_3_D04_s1_94,U2OS-02,3,D04,s1,STAG1,treated,U2OS,,train
7458,U2OS-02_3_D07_s1_7,U2OS-02,3,D07,s1,IST1,treated,U2OS,,train
7459,U2OS-02_3_D07_s1_9,U2OS-02,3,D07,s1,IST1,treated,U2OS,,train
7460,U2OS-02_3_D07_s1_10,U2OS-02,3,D07,s1,IST1,treated,U2OS,,train
7461,U2OS-02_3_D07_s1_12,U2OS-02,3,D07,s1,IST1,treated,U2OS,,train
7462,U2OS-02_3_D07_s1_14,U2OS-02,3,D07,s1,IST1,treated,U2OS,,train
7463,U2OS-02_3_D07_s1_15,U2OS-02,3,D07,s1,IST1,treated,U2OS,,train
7464,U2OS-02_3_D07_s1_17,U2OS-02,3,D07,s1,IST1,treated,U2OS,,train
7465,U2OS-02_3_D07_s1_18,U2OS-02,3,D07,s1,IST1,treated,U2OS,,train
7466,U2OS-02_3_D07_s1_19,U2OS-02,3,D07,s1,IST1,treated,U2OS,,train
7467,U2OS-02_3_D07_s1_21,U2OS-02,3,D07,s1,IST1,treated,U2OS,,train
7468,U2OS-02_3_D07_s1_22,U2OS-02,3,D07,s1,IST1,treated,U2OS,,train
7469,U2OS-02_3_D07_s1_23,U2OS-02,3,D07,s1,IST1,treated,U2OS,,train
7470,U2OS-02_3_D07_s1_24,U2OS-02,3,D07,s1,IST1,treated,U2OS,,train
7471,U2OS-02_3_D07_s1_25,U2OS-02,3,D07,s1,IST1,treated,U2OS,,train
7472,U2OS-02_3_D07_s1_29,U2OS-02,3,D07,s1,IST1,treated,U2OS,,train
7473,U2OS-02_3_D07_s1_30,U2OS-02,3,D07,s1,IST1,treated,U2OS,,train
7474,U2OS-02_3_D07_s1_31,U2OS-02,3,D07,s1,IST1,treated,U2OS,,train
7475,U2OS-02_3_D07_s1_33,U2OS-02,3,D07,s1,IST1,treated,U2OS,,train
7476,U2OS-02_3_D07_s1_35,U2OS-02,3,D07,s1,IST1,treated,U2OS,,train
7477,U2OS-02_3_D07_s1_36,U2OS-02,3,D07,s1,IST1,treated,U2OS,,train
7478,U2OS-02_3_D07_s1_37,U2OS-02,3,D07,s1,IST1,treated,U2OS,,train
7479,U2OS-02_3_D07_s1_39,U2OS-02,3,D07,s1,IST1,treated,U2OS,,train
7480,U2OS-02_3_D07_s1_40,U2OS-02,3,D07,s1,IST1,treated,U2OS,,train
7481,U2OS-02_3_D07_s1_41,U2OS-02,3,D07,s1,IST1,treated,U2OS,,train
7482,U2OS-02_3_D07_s1_42,U2OS-02,3,D07,s1,IST1,treated,U2OS,,train
7483,U2OS-02_3_D07_s1_44,U2OS-02,3,D07,s1,IST1,treated,U2OS,,train
7484,U2OS-02_3_D07_s1_45,U2OS-02,3,D07,s1,IST1,treated,U2OS,,train
7485,U2OS-02_3_D07_s2_5,U2OS-02,3,D07,s2,IST1,treated,U2OS,,train
7486,U2OS-02_3_D07_s2_7,U2OS-02,3,D07,s2,IST1,treated,U2OS,,train
7487,U2OS-02_3_D07_s2_8,U2OS-02,3,D07,s2,IST1,treated,U2OS,,train
7488,U2OS-02_3_D07_s2_12,U2OS-02,3,D07,s2,IST1,treated,U2OS,,train
7489,U2OS-02_3_D07_s2_13,U2OS-02,3,D07,s2,IST1,treated,U2OS,,train
7490,U2OS-02_3_D07_s2_15,U2OS-02,3,D07,s2,IST1,treated,U2OS,,train
7491,U2OS-02_3_D07_s2_16,U2OS-02,3,D07,s2,IST1,treated,U2OS,,train
7492,U2OS-02_3_D07_s2_17,U2OS-02,3,D07,s2,IST1,treated,U2OS,,train
7493,U2OS-02_3_D07_s2_19,U2OS-02,3,D07,s2,IST1,treated,U2OS,,train
7494,U2OS-02_3_D07_s2_21,U2OS-02,3,D07,s2,IST1,treated,U2OS,,train
7495,U2OS-02_3_D07_s2_24,U2OS-02,3,D07,s2,IST1,treated,U2OS,,train
7496,U2OS-02_3_D07_s2_26,U2OS-02,3,D07,s2,IST1,treated,U2OS,,train
7497,U2OS-02_3_D07_s2_28,U2OS-02,3,D07,s2,IST1,treated,U2OS,,train
7498,U2OS-02_3_D11_s1_9,U2OS-02,3,D11,s1,CDC42EP2,treated,U2OS,,train
7499,U2OS-02_3_D11_s1_14,U2OS-02,3,D11,s1,CDC42EP2,treated,U2OS,,train
7500,U2OS-02_3_D11_s1_16,U2OS-02,3,D11,s1,CDC42EP2,treated,U2OS,,train
7501,U2OS-02_3_D11_s1_18,U2OS-02,3,D11,s1,CDC42EP2,treated,U2OS,,train
7502,U2OS-02_3_D11_s1_20,U2OS-02,3,D11,s1,CDC42EP2,treated,U2OS,,train
7503,U2OS-02_3_D11_s1_21,U2OS-02,3,D11,s1,CDC42EP2,treated,U2OS,,train
7504,U2OS-02_3_D11_s1_22,U2OS-02,3,D11,s1,CDC42EP2,treated,U2OS,,train
7505,U2OS-02_3_D11_s1_23,U2OS-02,3,D11,s1,CDC42EP2,treated,U2OS,,train
7506,U2OS-02_3_D11_s1_24,U2OS-02,3,D11,s1,CDC42EP2,treated,U2OS,,train
7507,U2OS-02_3_D11_s1_25,U2OS-02,3,D11,s1,CDC42EP2,treated,U2OS,,train
7508,U2OS-02_3_D11_s1_27,U2OS-02,3,D11,s1,CDC42EP2,treated,U2OS,,train
7509,U2OS-02_3_D11_s1_28,U2OS-02,3,D11,s1,CDC42EP2,treated,U2OS,,train
7510,U2OS-02_3_D11_s1_30,U2OS-02,3,D11,s1,CDC42EP2,treated,U2OS,,train
7511,U2OS-02_3_D11_s1_32,U2OS-02,3,D11,s1,CDC42EP2,treated,U2OS,,train
7512,U2OS-02_3_D11_s1_37,U2OS-02,3,D11,s1,CDC42EP2,treated,U2OS,,train
7513,U2OS-02_3_D11_s1_38,U2OS-02,3,D11,s1,CDC42EP2,treated,U2OS,,train
7514,U2OS-02_3_D11_s1_39,U2OS-02,3,D11,s1,CDC42EP2,treated,U2OS,,train
7515,U2OS-02_3_D11_s1_42,U2OS-02,3,D11,s1,CDC42EP2,treated,U2OS,,train
7516,U2OS-02_3_D11_s1_43,U2OS-02,3,D11,s1,CDC42EP2,treated,U2OS,,train
7517,U2OS-02_3_D11_s1_44,U2OS-02,3,D11,s1,CDC42EP2,treated,U2OS,,train
7518,U2OS-02_3_D11_s1_45,U2OS-02,3,D11,s1,CDC42EP2,treated,U2OS,,train
7519,U2OS-02_3_D11_s1_47,U2OS-02,3,D11,s1,CDC42EP2,treated,U2OS,,train
7520,U2OS-02_3_D11_s1_49,U2OS-02,3,D11,s1,CDC42EP2,treated,U2OS,,train
7521,U2OS-02_3_D11_s1_50,U2OS-02,3,D11,s1,CDC42EP2,treated,U2OS,,train
7522,U2OS-02_3_D11_s1_51,U2OS-02,3,D11,s1,CDC42EP2,treated,U2OS,,train
7523,U2OS-02_3_D11_s1_52,U2OS-02,3,D11,s1,CDC42EP2,treated,U2OS,,train
7524,U2OS-02_3_D11_s1_53,U2OS-02,3,D11,s1,CDC42EP2,treated,U2OS,,train
7525,U2OS-02_3_D11_s1_54,U2OS-02,3,D11,s1,CDC42EP2,treated,U2OS,,train
7526,U2OS-02_3_D11_s1_56,U2OS-02,3,D11,s1,CDC42EP2,treated,U2OS,,train
7527,U2OS-02_3_D11_s1_57,U2OS-02,3,D11,s1,CDC42EP2,treated,U2OS,,train
7528,U2OS-02_3_D11_s1_59,U2OS-02,3,D11,s1,CDC42EP2,treated,U2OS,,train
7529,U2OS-02_3_D11_s1_60,U2OS-02,3,D11,s1,CDC42EP2,treated,U2OS,,train
7530,U2OS-02_3_D11_s1_63,U2OS-02,3,D11,s1,CDC42EP2,treated,U2OS,,train
7531,U2OS-02_3_D11_s1_64,U2OS-02,3,D11,s1,CDC42EP2,treated,U2OS,,train
7532,U2OS-02_3_D11_s1_65,U2OS-02,3,D11,s1,CDC42EP2,treated,U2OS,,train
7533,U2OS-02_3_D11_s1_68,U2OS-02,3,D11,s1,CDC42EP2,treated,U2OS,,train
7534,U2OS-02_3_D11_s1_69,U2OS-02,3,D11,s1,CDC42EP2,treated,U2OS,,train
7535,U2OS-02_3_D11_s1_74,U2OS-02,3,D11,s1,CDC42EP2,treated,U2OS,,train
7536,U2OS-02_3_D11_s1_75,U2OS-02,3,D11,s1,CDC42EP2,treated,U2OS,,train
7537,U2OS-02_3_D11_s1_76,U2OS-02,3,D11,s1,CDC42EP2,treated,U2OS,,train
7538,U2OS-02_3_E13_s1_13,U2OS-02,3,E13,s1,FAM13A,treated,U2OS,,train
7539,U2OS-02_3_E13_s1_18,U2OS-02,3,E13,s1,FAM13A,treated,U2OS,,train
7540,U2OS-02_3_E13_s1_19,U2OS-02,3,E13,s1,FAM13A,treated,U2OS,,train
7541,U2OS-02_3_E13_s1_21,U2OS-02,3,E13,s1,FAM13A,treated,U2OS,,train
7542,U2OS-02_3_E13_s1_24,U2OS-02,3,E13,s1,FAM13A,treated,U2OS,,train
7543,U2OS-02_3_E13_s1_25,U2OS-02,3,E13,s1,FAM13A,treated,U2OS,,train
7544,U2OS-02_3_E13_s1_26,U2OS-02,3,E13,s1,FAM13A,treated,U2OS,,train
7545,U2OS-02_3_E13_s1_27,U2OS-02,3,E13,s1,FAM13A,treated,U2OS,,train
7546,U2OS-02_3_E13_s1_28,U2OS-02,3,E13,s1,FAM13A,treated,U2OS,,train
7547,U2OS-02_3_E13_s1_29,U2OS-02,3,E13,s1,FAM13A,treated,U2OS,,train
7548,U2OS-02_3_E13_s1_30,U2OS-02,3,E13,s1,FAM13A,treated,U2OS,,train
7549,U2OS-02_3_E13_s1_32,U2OS-02,3,E13,s1,FAM13A,treated,U2OS,,train
7550,U2OS-02_3_E13_s1_34,U2OS-02,3,E13,s1,FAM13A,treated,U2OS,,train
7551,U2OS-02_3_E13_s1_35,U2OS-02,3,E13,s1,FAM13A,treated,U2OS,,train
7552,U2OS-02_3_E13_s1_40,U2OS-02,3,E13,s1,FAM13A,treated,U2OS,,train
7553,U2OS-02_3_E13_s1_41,U2OS-02,3,E13,s1,FAM13A,treated,U2OS,,train
7554,U2OS-02_3_E13_s1_42,U2OS-02,3,E13,s1,FAM13A,treated,U2OS,,train
7555,U2OS-02_3_E13_s1_44,U2OS-02,3,E13,s1,FAM13A,treated,U2OS,,train
7556,U2OS-02_3_E13_s1_45,U2OS-02,3,E13,s1,FAM13A,treated,U2OS,,train
7557,U2OS-02_3_E13_s1_46,U2OS-02,3,E13,s1,FAM13A,treated,U2OS,,train
7558,U2OS-02_3_E13_s1_47,U2OS-02,3,E13,s1,FAM13A,treated,U2OS,,train
7559,U2OS-02_3_E13_s1_49,U2OS-02,3,E13,s1,FAM13A,treated,U2OS,,train
7560,U2OS-02_3_E13_s1_53,U2OS-02,3,E13,s1,FAM13A,treated,U2OS,,train
7561,U2OS-02_3_E13_s1_54,U2OS-02,3,E13,s1,FAM13A,treated,U2OS,,train
7562,U2OS-02_3_E13_s1_55,U2OS-02,3,E13,s1,FAM13A,treated,U2OS,,train
7563,U2OS-02_3_E13_s1_56,U2OS-02,3,E13,s1,FAM13A,treated,U2OS,,train
7564,U2OS-02_3_E13_s1_57,U2OS-02,3,E13,s1,FAM13A,treated,U2OS,,train
7565,U2OS-02_3_E13_s1_58,U2OS-02,3,E13,s1,FAM13A,treated,U2OS,,train
7566,U2OS-02_3_E13_s1_60,U2OS-02,3,E13,s1,FAM13A,treated,U2OS,,train
7567,U2OS-02_3_E13_s1_62,U2OS-02,3,E13,s1,FAM13A,treated,U2OS,,train
7568,U2OS-02_3_E13_s1_64,U2OS-02,3,E13,s1,FAM13A,treated,U2OS,,train
7569,U2OS-02_3_E13_s1_66,U2OS-02,3,E13,s1,FAM13A,treated,U2OS,,train
7570,U2OS-02_3_E13_s1_68,U2OS-02,3,E13,s1,FAM13A,treated,U2OS,,train
7571,U2OS-02_3_E13_s1_69,U2OS-02,3,E13,s1,FAM13A,treated,U2OS,,train
7572,U2OS-02_3_E13_s1_70,U2OS-02,3,E13,s1,FAM13A,treated,U2OS,,train
7573,U2OS-02_3_E13_s1_72,U2OS-02,3,E13,s1,FAM13A,treated,U2OS,,train
7574,U2OS-02_3_E13_s1_73,U2OS-02,3,E13,s1,FAM13A,treated,U2OS,,train
7575,U2OS-02_3_E13_s1_75,U2OS-02,3,E13,s1,FAM13A,treated,U2OS,,train
7576,U2OS-02_3_E13_s1_77,U2OS-02,3,E13,s1,FAM13A,treated,U2OS,,train
7577,U2OS-02_3_E13_s1_78,U2OS-02,3,E13,s1,FAM13A,treated,U2OS,,train
7578,U2OS-02_3_H08_s1_21,U2OS-02,3,H08,s1,REC8,treated,U2OS,,train
7579,U2OS-02_3_H08_s1_23,U2OS-02,3,H08,s1,REC8,treated,U2OS,,train
7580,U2OS-02_3_H08_s1_24,U2OS-02,3,H08,s1,REC8,treated,U2OS,,train
7581,U2OS-02_3_H08_s1_27,U2OS-02,3,H08,s1,REC8,treated,U2OS,,train
7582,U2OS-02_3_H08_s1_30,U2OS-02,3,H08,s1,REC8,treated,U2OS,,train
7583,U2OS-02_3_H08_s1_31,U2OS-02,3,H08,s1,REC8,treated,U2OS,,train
7584,U2OS-02_3_H08_s1_32,U2OS-02,3,H08,s1,REC8,treated,U2OS,,train
7585,U2OS-02_3_H08_s1_33,U2OS-02,3,H08,s1,REC8,treated,U2OS,,train
7586,U2OS-02_3_H08_s1_35,U2OS-02,3,H08,s1,REC8,treated,U2OS,,train
7587,U2OS-02_3_H08_s1_36,U2OS-02,3,H08,s1,REC8,treated,U2OS,,train
7588,U2OS-02_3_H08_s1_38,U2OS-02,3,H08,s1,REC8,treated,U2OS,,train
7589,U2OS-02_3_H08_s1_39,U2OS-02,3,H08,s1,REC8,treated,U2OS,,train
7590,U2OS-02_3_H08_s1_41,U2OS-02,3,H08,s1,REC8,treated,U2OS,,train
7591,U2OS-02_3_H08_s1_43,U2OS-02,3,H08,s1,REC8,treated,U2OS,,train
7592,U2OS-02_3_H08_s1_49,U2OS-02,3,H08,s1,REC8,treated,U2OS,,train
7593,U2OS-02_3_H08_s1_50,U2OS-02,3,H08,s1,REC8,treated,U2OS,,train
7594,U2OS-02_3_H08_s1_51,U2OS-02,3,H08,s1,REC8,treated,U2OS,,train
7595,U2OS-02_3_H08_s1_52,U2OS-02,3,H08,s1,REC8,treated,U2OS,,train
7596,U2OS-02_3_H08_s1_53,U2OS-02,3,H08,s1,REC8,treated,U2OS,,train
7597,U2OS-02_3_H08_s1_54,U2OS-02,3,H08,s1,REC8,treated,U2OS,,train
7598,U2OS-02_3_H08_s1_55,U2OS-02,3,H08,s1,REC8,treated,U2OS,,train
7599,U2OS-02_3_H08_s1_58,U2OS-02,3,H08,s1,REC8,treated,U2OS,,train
7600,U2OS-02_3_H08_s1_59,U2OS-02,3,H08,s1,REC8,treated,U2OS,,train
7601,U2OS-02_3_H08_s1_61,U2OS-02,3,H08,s1,REC8,treated,U2OS,,train
7602,U2OS-02_3_H08_s1_63,U2OS-02,3,H08,s1,REC8,treated,U2OS,,train
7603,U2OS-02_3_H08_s1_64,U2OS-02,3,H08,s1,REC8,treated,U2OS,,train
7604,U2OS-02_3_H08_s1_65,U2OS-02,3,H08,s1,REC8,treated,U2OS,,train
7605,U2OS-02_3_H08_s1_66,U2OS-02,3,H08,s1,REC8,treated,U2OS,,train
7606,U2OS-02_3_H08_s1_67,U2OS-02,3,H08,s1,REC8,treated,U2OS,,train
7607,U2OS-02_3_H08_s1_68,U2OS-02,3,H08,s1,REC8,treated,U2OS,,train
7608,U2OS-02_3_H08_s1_72,U2OS-02,3,H08,s1,REC8,treated,U2OS,,train
7609,U2OS-02_3_H08_s1_73,U2OS-02,3,H08,s1,REC8,treated,U2OS,,train
7610,U2OS-02_3_H08_s1_75,U2OS-02,3,H08,s1,REC8,treated,U2OS,,train
7611,U2OS-02_3_H08_s1_76,U2OS-02,3,H08,s1,REC8,treated,U2OS,,train
7612,U2OS-02_3_H08_s1_77,U2OS-02,3,H08,s1,REC8,treated,U2OS,,train
7613,U2OS-02_3_H08_s1_79,U2OS-02,3,H08,s1,REC8,treated,U2OS,,train
7614,U2OS-02_3_H08_s1_80,U2OS-02,3,H08,s1,REC8,treated,U2OS,,train
7615,U2OS-02_3_H08_s1_82,U2OS-02,3,H08,s1,REC8,treated,U2OS,,train
7616,U2OS-02_3_H08_s1_83,U2OS-02,3,H08,s1,REC8,treated,U2OS,,train
7617,U2OS-02_3_H08_s1_84,U2OS-02,3,H08,s1,REC8,treated,U2OS,,train
7618,U2OS-02_3_H10_s1_10,U2OS-02,3,H10,s1,CHAF1A,treated,U2OS,,train
7619,U2OS-02_3_H10_s1_11,U2OS-02,3,H10,s1,CHAF1A,treated,U2OS,,train
7620,U2OS-02_3_H10_s1_13,U2OS-02,3,H10,s1,CHAF1A,treated,U2OS,,train
7621,U2OS-02_3_H10_s1_16,U2OS-02,3,H10,s1,CHAF1A,treated,U2OS,,train
7622,U2OS-02_3_H10_s1_18,U2OS-02,3,H10,s1,CHAF1A,treated,U2OS,,train
7623,U2OS-02_3_H10_s1_19,U2OS-02,3,H10,s1,CHAF1A,treated,U2OS,,train
7624,U2OS-02_3_H10_s1_20,U2OS-02,3,H10,s1,CHAF1A,treated,U2OS,,train
7625,U2OS-02_3_H10_s1_21,U2OS-02,3,H10,s1,CHAF1A,treated,U2OS,,train
7626,U2OS-02_3_H10_s1_23,U2OS-02,3,H10,s1,CHAF1A,treated,U2OS,,train
7627,U2OS-02_3_H10_s1_25,U2OS-02,3,H10,s1,CHAF1A,treated,U2OS,,train
7628,U2OS-02_3_H10_s1_26,U2OS-02,3,H10,s1,CHAF1A,treated,U2OS,,train
7629,U2OS-02_3_H10_s1_27,U2OS-02,3,H10,s1,CHAF1A,treated,U2OS,,train
7630,U2OS-02_3_H10_s1_28,U2OS-02,3,H10,s1,CHAF1A,treated,U2OS,,train
7631,U2OS-02_3_H10_s1_29,U2OS-02,3,H10,s1,CHAF1A,treated,U2OS,,train
7632,U2OS-02_3_H10_s1_34,U2OS-02,3,H10,s1,CHAF1A,treated,U2OS,,train
7633,U2OS-02_3_H10_s1_35,U2OS-02,3,H10,s1,CHAF1A,treated,U2OS,,train
7634,U2OS-02_3_H10_s1_37,U2OS-02,3,H10,s1,CHAF1A,treated,U2OS,,train
7635,U2OS-02_3_H10_s1_38,U2OS-02,3,H10,s1,CHAF1A,treated,U2OS,,train
7636,U2OS-02_3_H10_s1_39,U2OS-02,3,H10,s1,CHAF1A,treated,U2OS,,train
7637,U2OS-02_3_H10_s1_40,U2OS-02,3,H10,s1,CHAF1A,treated,U2OS,,train
7638,U2OS-02_3_H10_s1_41,U2OS-02,3,H10,s1,CHAF1A,treated,U2OS,,train
7639,U2OS-02_3_H10_s1_43,U2OS-02,3,H10,s1,CHAF1A,treated,U2OS,,train
7640,U2OS-02_3_H10_s1_45,U2OS-02,3,H10,s1,CHAF1A,treated,U2OS,,train
7641,U2OS-02_3_H10_s2_2,U2OS-02,3,H10,s2,CHAF1A,treated,U2OS,,train
7642,U2OS-02_3_H10_s2_4,U2OS-02,3,H10,s2,CHAF1A,treated,U2OS,,train
7643,U2OS-02_3_H10_s2_5,U2OS-02,3,H10,s2,CHAF1A,treated,U2OS,,train
7644,U2OS-02_3_H10_s2_6,U2OS-02,3,H10,s2,CHAF1A,treated,U2OS,,train
7645,U2OS-02_3_H10_s2_8,U2OS-02,3,H10,s2,CHAF1A,treated,U2OS,,train
7646,U2OS-02_3_H10_s2_10,U2OS-02,3,H10,s2,CHAF1A,treated,U2OS,,train
7647,U2OS-02_3_H10_s2_11,U2OS-02,3,H10,s2,CHAF1A,treated,U2OS,,train
7648,U2OS-02_3_H10_s2_14,U2OS-02,3,H10,s2,CHAF1A,treated,U2OS,,train
7649,U2OS-02_3_H10_s2_15,U2OS-02,3,H10,s2,CHAF1A,treated,U2OS,,train
7650,U2OS-02_3_H10_s2_17,U2OS-02,3,H10,s2,CHAF1A,treated,U2OS,,train
7651,U2OS-02_3_H10_s2_18,U2OS-02,3,H10,s2,CHAF1A,treated,U2OS,,train
7652,U2OS-02_3_H10_s2_19,U2OS-02,3,H10,s2,CHAF1A,treated,U2OS,,train
7653,U2OS-02_3_H10_s2_21,U2OS-02,3,H10,s2,CHAF1A,treated,U2OS,,train
7654,U2OS-02_3_H10_s2_22,U2OS-02,3,H10,s2,CHAF1A,treated,U2OS,,train
7655,U2OS-02_3_H10_s2_24,U2OS-02,3,H10,s2,CHAF1A,treated,U2OS,,train
7656,U2OS-02_3_H10_s2_25,U2OS-02,3,H10,s2,CHAF1A,treated,U2OS,,train
7657,U2OS-02_3_H10_s2_26,U2OS-02,3,H10,s2,CHAF1A,treated,U2OS,,train
7658,U2OS-02_3_I18_s1_7,U2OS-02,3,I18,s1,CLEC10A,treated,U2OS,,train
7659,U2OS-02_3_I18_s1_10,U2OS-02,3,I18,s1,CLEC10A,treated,U2OS,,train
7660,U2OS-02_3_I18_s1_16,U2OS-02,3,I18,s1,CLEC10A,treated,U2OS,,train
7661,U2OS-02_3_I18_s1_18,U2OS-02,3,I18,s1,CLEC10A,treated,U2OS,,train
7662,U2OS-02_3_I18_s1_20,U2OS-02,3,I18,s1,CLEC10A,treated,U2OS,,train
7663,U2OS-02_3_I18_s1_21,U2OS-02,3,I18,s1,CLEC10A,treated,U2OS,,train
7664,U2OS-02_3_I18_s1_22,U2OS-02,3,I18,s1,CLEC10A,treated,U2OS,,train
7665,U2OS-02_3_I18_s1_24,U2OS-02,3,I18,s1,CLEC10A,treated,U2OS,,train
7666,U2OS-02_3_I18_s1_25,U2OS-02,3,I18,s1,CLEC10A,treated,U2OS,,train
7667,U2OS-02_3_I18_s1_27,U2OS-02,3,I18,s1,CLEC10A,treated,U2OS,,train
7668,U2OS-02_3_I18_s1_28,U2OS-02,3,I18,s1,CLEC10A,treated,U2OS,,train
7669,U2OS-02_3_I18_s1_29,U2OS-02,3,I18,s1,CLEC10A,treated,U2OS,,train
7670,U2OS-02_3_I18_s1_30,U2OS-02,3,I18,s1,CLEC10A,treated,U2OS,,train
7671,U2OS-02_3_I18_s1_31,U2OS-02,3,I18,s1,CLEC10A,treated,U2OS,,train
7672,U2OS-02_3_I18_s1_35,U2OS-02,3,I18,s1,CLEC10A,treated,U2OS,,train
7673,U2OS-02_3_I18_s1_36,U2OS-02,3,I18,s1,CLEC10A,treated,U2OS,,train
7674,U2OS-02_3_I18_s1_37,U2OS-02,3,I18,s1,CLEC10A,treated,U2OS,,train
7675,U2OS-02_3_I18_s1_39,U2OS-02,3,I18,s1,CLEC10A,treated,U2OS,,train
7676,U2OS-02_3_I18_s1_40,U2OS-02,3,I18,s1,CLEC10A,treated,U2OS,,train
7677,U2OS-02_3_I18_s1_41,U2OS-02,3,I18,s1,CLEC10A,treated,U2OS,,train
7678,U2OS-02_3_I18_s1_42,U2OS-02,3,I18,s1,CLEC10A,treated,U2OS,,train
7679,U2OS-02_3_I18_s1_44,U2OS-02,3,I18,s1,CLEC10A,treated,U2OS,,train
7680,U2OS-02_3_I18_s1_45,U2OS-02,3,I18,s1,CLEC10A,treated,U2OS,,train
7681,U2OS-02_3_I18_s1_46,U2OS-02,3,I18,s1,CLEC10A,treated,U2OS,,train
7682,U2OS-02_3_I18_s1_47,U2OS-02,3,I18,s1,CLEC10A,treated,U2OS,,train
7683,U2OS-02_3_I18_s1_48,U2OS-02,3,I18,s1,CLEC10A,treated,U2OS,,train
7684,U2OS-02_3_I18_s1_51,U2OS-02,3,I18,s1,CLEC10A,treated,U2OS,,train
7685,U2OS-02_3_I18_s1_52,U2OS-02,3,I18,s1,CLEC10A,treated,U2OS,,train
7686,U2OS-02_3_I18_s1_53,U2OS-02,3,I18,s1,CLEC10A,treated,U2OS,,train
7687,U2OS-02_3_I18_s1_54,U2OS-02,3,I18,s1,CLEC10A,treated,U2OS,,train
7688,U2OS-02_3_I18_s1_56,U2OS-02,3,I18,s1,CLEC10A,treated,U2OS,,train
7689,U2OS-02_3_I18_s1_57,U2OS-02,3,I18,s1,CLEC10A,treated,U2OS,,train
7690,U2OS-02_3_I18_s1_59,U2OS-02,3,I18,s1,CLEC10A,treated,U2OS,,train
7691,U2OS-02_3_I18_s1_61,U2OS-02,3,I18,s1,CLEC10A,treated,U2OS,,train
7692,U2OS-02_3_I18_s1_62,U2OS-02,3,I18,s1,CLEC10A,treated,U2OS,,train
7693,U2OS-02_3_I18_s1_65,U2OS-02,3,I18,s1,CLEC10A,treated,U2OS,,train
7694,U2OS-02_3_I18_s1_66,U2OS-02,3,I18,s1,CLEC10A,treated,U2OS,,train
7695,U2OS-02_3_I18_s1_69,U2OS-02,3,I18,s1,CLEC10A,treated,U2OS,,train
7696,U2OS-02_3_I18_s1_70,U2OS-02,3,I18,s1,CLEC10A,treated,U2OS,,train
7697,U2OS-02_3_I18_s1_71,U2OS-02,3,I18,s1,CLEC10A,treated,U2OS,,train
7698,U2OS-02_3_I21_s1_7,U2OS-02,3,I21,s1,SPATA2,treated,U2OS,,train
7699,U2OS-02_3_I21_s1_8,U2OS-02,3,I21,s1,SPATA2,treated,U2OS,,train
7700,U2OS-02_3_I21_s1_9,U2OS-02,3,I21,s1,SPATA2,treated,U2OS,,train
7701,U2OS-02_3_I21_s1_11,U2OS-02,3,I21,s1,SPATA2,treated,U2OS,,train
7702,U2OS-02_3_I21_s1_14,U2OS-02,3,I21,s1,SPATA2,treated,U2OS,,train
7703,U2OS-02_3_I21_s1_18,U2OS-02,3,I21,s1,SPATA2,treated,U2OS,,train
7704,U2OS-02_3_I21_s1_19,U2OS-02,3,I21,s1,SPATA2,treated,U2OS,,train
7705,U2OS-02_3_I21_s1_20,U2OS-02,3,I21,s1,SPATA2,treated,U2OS,,train
7706,U2OS-02_3_I21_s1_21,U2OS-02,3,I21,s1,SPATA2,treated,U2OS,,train
7707,U2OS-02_3_I21_s1_22,U2OS-02,3,I21,s1,SPATA2,treated,U2OS,,train
7708,U2OS-02_3_I21_s1_23,U2OS-02,3,I21,s1,SPATA2,treated,U2OS,,train
7709,U2OS-02_3_I21_s1_24,U2OS-02,3,I21,s1,SPATA2,treated,U2OS,,train
7710,U2OS-02_3_I21_s1_25,U2OS-02,3,I21,s1,SPATA2,treated,U2OS,,train
7711,U2OS-02_3_I21_s1_26,U2OS-02,3,I21,s1,SPATA2,treated,U2OS,,train
7712,U2OS-02_3_I21_s1_32,U2OS-02,3,I21,s1,SPATA2,treated,U2OS,,train
7713,U2OS-02_3_I21_s1_33,U2OS-02,3,I21,s1,SPATA2,treated,U2OS,,train
7714,U2OS-02_3_I21_s1_36,U2OS-02,3,I21,s1,SPATA2,treated,U2OS,,train
7715,U2OS-02_3_I21_s1_37,U2OS-02,3,I21,s1,SPATA2,treated,U2OS,,train
7716,U2OS-02_3_I21_s1_39,U2OS-02,3,I21,s1,SPATA2,treated,U2OS,,train
7717,U2OS-02_3_I21_s1_40,U2OS-02,3,I21,s1,SPATA2,treated,U2OS,,train
7718,U2OS-02_3_I21_s1_41,U2OS-02,3,I21,s1,SPATA2,treated,U2OS,,train
7719,U2OS-02_3_I21_s1_44,U2OS-02,3,I21,s1,SPATA2,treated,U2OS,,train
7720,U2OS-02_3_I21_s1_45,U2OS-02,3,I21,s1,SPATA2,treated,U2OS,,train
7721,U2OS-02_3_I21_s1_46,U2OS-02,3,I21,s1,SPATA2,treated,U2OS,,train
7722,U2OS-02_3_I21_s1_47,U2OS-02,3,I21,s1,SPATA2,treated,U2OS,,train
7723,U2OS-02_3_I21_s1_49,U2OS-02,3,I21,s1,SPATA2,treated,U2OS,,train
7724,U2OS-02_3_I21_s1_51,U2OS-02,3,I21,s1,SPATA2,treated,U2OS,,train
7725,U2OS-02_3_I21_s1_52,U2OS-02,3,I21,s1,SPATA2,treated,U2OS,,train
7726,U2OS-02_3_I21_s1_57,U2OS-02,3,I21,s1,SPATA2,treated,U2OS,,train
7727,U2OS-02_3_I21_s2_9,U2OS-02,3,I21,s2,SPATA2,treated,U2OS,,train
7728,U2OS-02_3_I21_s2_11,U2OS-02,3,I21,s2,SPATA2,treated,U2OS,,train
7729,U2OS-02_3_I21_s2_13,U2OS-02,3,I21,s2,SPATA2,treated,U2OS,,train
7730,U2OS-02_3_I21_s2_16,U2OS-02,3,I21,s2,SPATA2,treated,U2OS,,train
7731,U2OS-02_3_I21_s2_17,U2OS-02,3,I21,s2,SPATA2,treated,U2OS,,train
7732,U2OS-02_3_I21_s2_20,U2OS-02,3,I21,s2,SPATA2,treated,U2OS,,train
7733,U2OS-02_3_I21_s2_22,U2OS-02,3,I21,s2,SPATA2,treated,U2OS,,train
7734,U2OS-02_3_I21_s2_23,U2OS-02,3,I21,s2,SPATA2,treated,U2OS,,train
7735,U2OS-02_3_I21_s2_25,U2OS-02,3,I21,s2,SPATA2,treated,U2OS,,train
7736,U2OS-02_3_I21_s2_26,U2OS-02,3,I21,s2,SPATA2,treated,U2OS,,train
7737,U2OS-02_3_I21_s2_29,U2OS-02,3,I21,s2,SPATA2,treated,U2OS,,train
7738,U2OS-02_3_I22_s1_13,U2OS-02,3,I22,s1,ITM2A,treated,U2OS,,train
7739,U2OS-02_3_I22_s1_14,U2OS-02,3,I22,s1,ITM2A,treated,U2OS,,train
7740,U2OS-02_3_I22_s1_16,U2OS-02,3,I22,s1,ITM2A,treated,U2OS,,train
7741,U2OS-02_3_I22_s1_18,U2OS-02,3,I22,s1,ITM2A,treated,U2OS,,train
7742,U2OS-02_3_I22_s1_21,U2OS-02,3,I22,s1,ITM2A,treated,U2OS,,train
7743,U2OS-02_3_I22_s1_22,U2OS-02,3,I22,s1,ITM2A,treated,U2OS,,train
7744,U2OS-02_3_I22_s1_24,U2OS-02,3,I22,s1,ITM2A,treated,U2OS,,train
7745,U2OS-02_3_I22_s1_25,U2OS-02,3,I22,s1,ITM2A,treated,U2OS,,train
7746,U2OS-02_3_I22_s1_26,U2OS-02,3,I22,s1,ITM2A,treated,U2OS,,train
7747,U2OS-02_3_I22_s1_27,U2OS-02,3,I22,s1,ITM2A,treated,U2OS,,train
7748,U2OS-02_3_I22_s1_28,U2OS-02,3,I22,s1,ITM2A,treated,U2OS,,train
7749,U2OS-02_3_I22_s1_29,U2OS-02,3,I22,s1,ITM2A,treated,U2OS,,train
7750,U2OS-02_3_I22_s1_30,U2OS-02,3,I22,s1,ITM2A,treated,U2OS,,train
7751,U2OS-02_3_I22_s1_31,U2OS-02,3,I22,s1,ITM2A,treated,U2OS,,train
7752,U2OS-02_3_I22_s1_38,U2OS-02,3,I22,s1,ITM2A,treated,U2OS,,train
7753,U2OS-02_3_I22_s1_39,U2OS-02,3,I22,s1,ITM2A,treated,U2OS,,train
7754,U2OS-02_3_I22_s1_40,U2OS-02,3,I22,s1,ITM2A,treated,U2OS,,train
7755,U2OS-02_3_I22_s1_41,U2OS-02,3,I22,s1,ITM2A,treated,U2OS,,train
7756,U2OS-02_3_I22_s1_42,U2OS-02,3,I22,s1,ITM2A,treated,U2OS,,train
7757,U2OS-02_3_I22_s1_43,U2OS-02,3,I22,s1,ITM2A,treated,U2OS,,train
7758,U2OS-02_3_I22_s1_44,U2OS-02,3,I22,s1,ITM2A,treated,U2OS,,train
7759,U2OS-02_3_I22_s1_47,U2OS-02,3,I22,s1,ITM2A,treated,U2OS,,train
7760,U2OS-02_3_I22_s1_48,U2OS-02,3,I22,s1,ITM2A,treated,U2OS,,train
7761,U2OS-02_3_I22_s1_49,U2OS-02,3,I22,s1,ITM2A,treated,U2OS,,train
7762,U2OS-02_3_I22_s1_50,U2OS-02,3,I22,s1,ITM2A,treated,U2OS,,train
7763,U2OS-02_3_I22_s1_52,U2OS-02,3,I22,s1,ITM2A,treated,U2OS,,train
7764,U2OS-02_3_I22_s1_53,U2OS-02,3,I22,s1,ITM2A,treated,U2OS,,train
7765,U2OS-02_3_I22_s1_54,U2OS-02,3,I22,s1,ITM2A,treated,U2OS,,train
7766,U2OS-02_3_I22_s1_55,U2OS-02,3,I22,s1,ITM2A,treated,U2OS,,train
7767,U2OS-02_3_I22_s1_56,U2OS-02,3,I22,s1,ITM2A,treated,U2OS,,train
7768,U2OS-02_3_I22_s1_59,U2OS-02,3,I22,s1,ITM2A,treated,U2OS,,train
7769,U2OS-02_3_I22_s1_60,U2OS-02,3,I22,s1,ITM2A,treated,U2OS,,train
7770,U2OS-02_3_I22_s1_63,U2OS-02,3,I22,s1,ITM2A,treated,U2OS,,train
7771,U2OS-02_3_I22_s1_64,U2OS-02,3,I22,s1,ITM2A,treated,U2OS,,train
7772,U2OS-02_3_I22_s1_65,U2OS-02,3,I22,s1,ITM2A,treated,U2OS,,train
7773,U2OS-02_3_I22_s1_67,U2OS-02,3,I22,s1,ITM2A,treated,U2OS,,train
7774,U2OS-02_3_I22_s1_69,U2OS-02,3,I22,s1,ITM2A,treated,U2OS,,train
7775,U2OS-02_3_I22_s1_72,U2OS-02,3,I22,s1,ITM2A,treated,U2OS,,train
7776,U2OS-02_3_I22_s1_73,U2OS-02,3,I22,s1,ITM2A,treated,U2OS,,train
7777,U2OS-02_3_I22_s1_75,U2OS-02,3,I22,s1,ITM2A,treated,U2OS,,train
7778,U2OS-02_3_J06_s1_18,U2OS-02,3,J06,s1,RBM12,treated,U2OS,,train
7779,U2OS-02_3_J06_s1_19,U2OS-02,3,J06,s1,RBM12,treated,U2OS,,train
7780,U2OS-02_3_J06_s1_20,U2OS-02,3,J06,s1,RBM12,treated,U2OS,,train
7781,U2OS-02_3_J06_s1_24,U2OS-02,3,J06,s1,RBM12,treated,U2OS,,train
7782,U2OS-02_3_J06_s1_26,U2OS-02,3,J06,s1,RBM12,treated,U2OS,,train
7783,U2OS-02_3_J06_s1_27,U2OS-02,3,J06,s1,RBM12,treated,U2OS,,train
7784,U2OS-02_3_J06_s1_28,U2OS-02,3,J06,s1,RBM12,treated,U2OS,,train
7785,U2OS-02_3_J06_s1_29,U2OS-02,3,J06,s1,RBM12,treated,U2OS,,train
7786,U2OS-02_3_J06_s1_30,U2OS-02,3,J06,s1,RBM12,treated,U2OS,,train
7787,U2OS-02_3_J06_s1_32,U2OS-02,3,J06,s1,RBM12,treated,U2OS,,train
7788,U2OS-02_3_J06_s1_33,U2OS-02,3,J06,s1,RBM12,treated,U2OS,,train
7789,U2OS-02_3_J06_s1_34,U2OS-02,3,J06,s1,RBM12,treated,U2OS,,train
7790,U2OS-02_3_J06_s1_36,U2OS-02,3,J06,s1,RBM12,treated,U2OS,,train
7791,U2OS-02_3_J06_s1_38,U2OS-02,3,J06,s1,RBM12,treated,U2OS,,train
7792,U2OS-02_3_J06_s1_42,U2OS-02,3,J06,s1,RBM12,treated,U2OS,,train
7793,U2OS-02_3_J06_s1_43,U2OS-02,3,J06,s1,RBM12,treated,U2OS,,train
7794,U2OS-02_3_J06_s1_44,U2OS-02,3,J06,s1,RBM12,treated,U2OS,,train
7795,U2OS-02_3_J06_s1_45,U2OS-02,3,J06,s1,RBM12,treated,U2OS,,train
7796,U2OS-02_3_J06_s1_48,U2OS-02,3,J06,s1,RBM12,treated,U2OS,,train
7797,U2OS-02_3_J06_s1_50,U2OS-02,3,J06,s1,RBM12,treated,U2OS,,train
7798,U2OS-02_3_J06_s1_51,U2OS-02,3,J06,s1,RBM12,treated,U2OS,,train
7799,U2OS-02_3_J06_s1_53,U2OS-02,3,J06,s1,RBM12,treated,U2OS,,train
7800,U2OS-02_3_J06_s1_55,U2OS-02,3,J06,s1,RBM12,treated,U2OS,,train
7801,U2OS-02_3_J06_s1_57,U2OS-02,3,J06,s1,RBM12,treated,U2OS,,train
7802,U2OS-02_3_J06_s1_58,U2OS-02,3,J06,s1,RBM12,treated,U2OS,,train
7803,U2OS-02_3_J06_s1_59,U2OS-02,3,J06,s1,RBM12,treated,U2OS,,train
7804,U2OS-02_3_J06_s1_61,U2OS-02,3,J06,s1,RBM12,treated,U2OS,,train
7805,U2OS-02_3_J06_s1_64,U2OS-02,3,J06,s1,RBM12,treated,U2OS,,train
7806,U2OS-02_3_J06_s1_65,U2OS-02,3,J06,s1,RBM12,treated,U2OS,,train
7807,U2OS-02_3_J06_s1_66,U2OS-02,3,J06,s1,RBM12,treated,U2OS,,train
7808,U2OS-02_3_J06_s1_69,U2OS-02,3,J06,s1,RBM12,treated,U2OS,,train
7809,U2OS-02_3_J06_s1_71,U2OS-02,3,J06,s1,RBM12,treated,U2OS,,train
7810,U2OS-02_3_J06_s1_73,U2OS-02,3,J06,s1,RBM12,treated,U2OS,,train
7811,U2OS-02_3_J06_s1_75,U2OS-02,3,J06,s1,RBM12,treated,U2OS,,train
7812,U2OS-02_3_J06_s1_76,U2OS-02,3,J06,s1,RBM12,treated,U2OS,,train
7813,U2OS-02_3_J06_s1_79,U2OS-02,3,J06,s1,RBM12,treated,U2OS,,train
7814,U2OS-02_3_J06_s1_80,U2OS-02,3,J06,s1,RBM12,treated,U2OS,,train
7815,U2OS-02_3_J06_s1_82,U2OS-02,3,J06,s1,RBM12,treated,U2OS,,train
7816,U2OS-02_3_J06_s1_83,U2OS-02,3,J06,s1,RBM12,treated,U2OS,,train
7817,U2OS-02_3_J06_s1_84,U2OS-02,3,J06,s1,RBM12,treated,U2OS,,train
7818,U2OS-02_3_J16_s1_15,U2OS-02,3,J16,s1,EI24,treated,U2OS,,train
7819,U2OS-02_3_J16_s1_16,U2OS-02,3,J16,s1,EI24,treated,U2OS,,train
7820,U2OS-02_3_J16_s1_17,U2OS-02,3,J16,s1,EI24,treated,U2OS,,train
7821,U2OS-02_3_J16_s1_19,U2OS-02,3,J16,s1,EI24,treated,U2OS,,train
7822,U2OS-02_3_J16_s1_21,U2OS-02,3,J16,s1,EI24,treated,U2OS,,train
7823,U2OS-02_3_J16_s1_23,U2OS-02,3,J16,s1,EI24,treated,U2OS,,train
7824,U2OS-02_3_J16_s1_24,U2OS-02,3,J16,s1,EI24,treated,U2OS,,train
7825,U2OS-02_3_J16_s1_26,U2OS-02,3,J16,s1,EI24,treated,U2OS,,train
7826,U2OS-02_3_J16_s1_27,U2OS-02,3,J16,s1,EI24,treated,U2OS,,train
7827,U2OS-02_3_J16_s1_28,U2OS-02,3,J16,s1,EI24,treated,U2OS,,train
7828,U2OS-02_3_J16_s1_31,U2OS-02,3,J16,s1,EI24,treated,U2OS,,train
7829,U2OS-02_3_J16_s1_32,U2OS-02,3,J16,s1,EI24,treated,U2OS,,train
7830,U2OS-02_3_J16_s1_33,U2OS-02,3,J16,s1,EI24,treated,U2OS,,train
7831,U2OS-02_3_J16_s1_34,U2OS-02,3,J16,s1,EI24,treated,U2OS,,train
7832,U2OS-02_3_J16_s1_40,U2OS-02,3,J16,s1,EI24,treated,U2OS,,train
7833,U2OS-02_3_J16_s1_41,U2OS-02,3,J16,s1,EI24,treated,U2OS,,train
7834,U2OS-02_3_J16_s1_42,U2OS-02,3,J16,s1,EI24,treated,U2OS,,train
7835,U2OS-02_3_J16_s1_44,U2OS-02,3,J16,s1,EI24,treated,U2OS,,train
7836,U2OS-02_3_J16_s1_45,U2OS-02,3,J16,s1,EI24,treated,U2OS,,train
7837,U2OS-02_3_J16_s1_47,U2OS-02,3,J16,s1,EI24,treated,U2OS,,train
7838,U2OS-02_3_J16_s1_48,U2OS-02,3,J16,s1,EI24,treated,U2OS,,train
7839,U2OS-02_3_J16_s1_50,U2OS-02,3,J16,s1,EI24,treated,U2OS,,train
7840,U2OS-02_3_J16_s1_51,U2OS-02,3,J16,s1,EI24,treated,U2OS,,train
7841,U2OS-02_3_J16_s1_52,U2OS-02,3,J16,s1,EI24,treated,U2OS,,train
7842,U2OS-02_3_J16_s1_54,U2OS-02,3,J16,s1,EI24,treated,U2OS,,train
7843,U2OS-02_3_J16_s1_55,U2OS-02,3,J16,s1,EI24,treated,U2OS,,train
7844,U2OS-02_3_J16_s1_56,U2OS-02,3,J16,s1,EI24,treated,U2OS,,train
7845,U2OS-02_3_J16_s1_58,U2OS-02,3,J16,s1,EI24,treated,U2OS,,train
7846,U2OS-02_3_J16_s1_60,U2OS-02,3,J16,s1,EI24,treated,U2OS,,train
7847,U2OS-02_3_J16_s1_62,U2OS-02,3,J16,s1,EI24,treated,U2OS,,train
7848,U2OS-02_3_J16_s1_64,U2OS-02,3,J16,s1,EI24,treated,U2OS,,train
7849,U2OS-02_3_J16_s1_66,U2OS-02,3,J16,s1,EI24,treated,U2OS,,train
7850,U2OS-02_3_J16_s1_68,U2OS-02,3,J16,s1,EI24,treated,U2OS,,train
7851,U2OS-02_3_J16_s1_69,U2OS-02,3,J16,s1,EI24,treated,U2OS,,train
7852,U2OS-02_3_J16_s1_70,U2OS-02,3,J16,s1,EI24,treated,U2OS,,train
7853,U2OS-02_3_J16_s1_72,U2OS-02,3,J16,s1,EI24,treated,U2OS,,train
7854,U2OS-02_3_J16_s1_75,U2OS-02,3,J16,s1,EI24,treated,U2OS,,train
7855,U2OS-02_3_J16_s1_78,U2OS-02,3,J16,s1,EI24,treated,U2OS,,train
7856,U2OS-02_3_J16_s1_79,U2OS-02,3,J16,s1,EI24,treated,U2OS,,train
7857,U2OS-02_3_J16_s1_80,U2OS-02,3,J16,s1,EI24,treated,U2OS,,train
7858,U2OS-02_3_J23_s1_12,U2OS-02,3,J23,s1,CRISP3,treated,U2OS,,train
7859,U2OS-02_3_J23_s1_14,U2OS-02,3,J23,s1,CRISP3,treated,U2OS,,train
7860,U2OS-02_3_J23_s1_16,U2OS-02,3,J23,s1,CRISP3,treated,U2OS,,train
7861,U2OS-02_3_J23_s1_18,U2OS-02,3,J23,s1,CRISP3,treated,U2OS,,train
7862,U2OS-02_3_J23_s1_21,U2OS-02,3,J23,s1,CRISP3,treated,U2OS,,train
7863,U2OS-02_3_J23_s1_22,U2OS-02,3,J23,s1,CRISP3,treated,U2OS,,train
7864,U2OS-02_3_J23_s1_23,U2OS-02,3,J23,s1,CRISP3,treated,U2OS,,train
7865,U2OS-02_3_J23_s1_25,U2OS-02,3,J23,s1,CRISP3,treated,U2OS,,train
7866,U2OS-02_3_J23_s1_26,U2OS-02,3,J23,s1,CRISP3,treated,U2OS,,train
7867,U2OS-02_3_J23_s1_27,U2OS-02,3,J23,s1,CRISP3,treated,U2OS,,train
7868,U2OS-02_3_J23_s1_28,U2OS-02,3,J23,s1,CRISP3,treated,U2OS,,train
7869,U2OS-02_3_J23_s1_29,U2OS-02,3,J23,s1,CRISP3,treated,U2OS,,train
7870,U2OS-02_3_J23_s1_30,U2OS-02,3,J23,s1,CRISP3,treated,U2OS,,train
7871,U2OS-02_3_J23_s1_31,U2OS-02,3,J23,s1,CRISP3,treated,U2OS,,train
7872,U2OS-02_3_J23_s1_36,U2OS-02,3,J23,s1,CRISP3,treated,U2OS,,train
7873,U2OS-02_3_J23_s1_37,U2OS-02,3,J23,s1,CRISP3,treated,U2OS,,train
7874,U2OS-02_3_J23_s1_38,U2OS-02,3,J23,s1,CRISP3,treated,U2OS,,train
7875,U2OS-02_3_J23_s1_41,U2OS-02,3,J23,s1,CRISP3,treated,U2OS,,train
7876,U2OS-02_3_J23_s1_42,U2OS-02,3,J23,s1,CRISP3,treated,U2OS,,train
7877,U2OS-02_3_J23_s1_43,U2OS-02,3,J23,s1,CRISP3,treated,U2OS,,train
7878,U2OS-02_3_J23_s1_44,U2OS-02,3,J23,s1,CRISP3,treated,U2OS,,train
7879,U2OS-02_3_J23_s1_47,U2OS-02,3,J23,s1,CRISP3,treated,U2OS,,train
7880,U2OS-02_3_J23_s1_48,U2OS-02,3,J23,s1,CRISP3,treated,U2OS,,train
7881,U2OS-02_3_J23_s1_49,U2OS-02,3,J23,s1,CRISP3,treated,U2OS,,train
7882,U2OS-02_3_J23_s1_50,U2OS-02,3,J23,s1,CRISP3,treated,U2OS,,train
7883,U2OS-02_3_J23_s1_51,U2OS-02,3,J23,s1,CRISP3,treated,U2OS,,train
7884,U2OS-02_3_J23_s1_52,U2OS-02,3,J23,s1,CRISP3,treated,U2OS,,train
7885,U2OS-02_3_J23_s1_53,U2OS-02,3,J23,s1,CRISP3,treated,U2OS,,train
7886,U2OS-02_3_J23_s1_54,U2OS-02,3,J23,s1,CRISP3,treated,U2OS,,train
7887,U2OS-02_3_J23_s1_55,U2OS-02,3,J23,s1,CRISP3,treated,U2OS,,train
7888,U2OS-02_3_J23_s1_59,U2OS-02,3,J23,s1,CRISP3,treated,U2OS,,train
7889,U2OS-02_3_J23_s1_62,U2OS-02,3,J23,s1,CRISP3,treated,U2OS,,train
7890,U2OS-02_3_J23_s1_66,U2OS-02,3,J23,s1,CRISP3,treated,U2OS,,train
7891,U2OS-02_3_J23_s1_67,U2OS-02,3,J23,s1,CRISP3,treated,U2OS,,train
7892,U2OS-02_3_J23_s1_68,U2OS-02,3,J23,s1,CRISP3,treated,U2OS,,train
7893,U2OS-02_3_J23_s1_70,U2OS-02,3,J23,s1,CRISP3,treated,U2OS,,train
7894,U2OS-02_3_J23_s1_71,U2OS-02,3,J23,s1,CRISP3,treated,U2OS,,train
7895,U2OS-02_3_J23_s1_74,U2OS-02,3,J23,s1,CRISP3,treated,U2OS,,train
7896,U2OS-02_3_J23_s1_77,U2OS-02,3,J23,s1,CRISP3,treated,U2OS,,train
7897,U2OS-02_3_J23_s1_78,U2OS-02,3,J23,s1,CRISP3,treated,U2OS,,train
7898,U2OS-02_3_K18_s1_5,U2OS-02,3,K18,s1,TTI1,treated,U2OS,,train
7899,U2OS-02_3_K18_s1_7,U2OS-02,3,K18,s1,TTI1,treated,U2OS,,train
7900,U2OS-02_3_K18_s1_8,U2OS-02,3,K18,s1,TTI1,treated,U2OS,,train
7901,U2OS-02_3_K18_s1_11,U2OS-02,3,K18,s1,TTI1,treated,U2OS,,train
7902,U2OS-02_3_K18_s1_15,U2OS-02,3,K18,s1,TTI1,treated,U2OS,,train
7903,U2OS-02_3_K18_s1_16,U2OS-02,3,K18,s1,TTI1,treated,U2OS,,train
7904,U2OS-02_3_K18_s1_17,U2OS-02,3,K18,s1,TTI1,treated,U2OS,,train
7905,U2OS-02_3_K18_s1_18,U2OS-02,3,K18,s1,TTI1,treated,U2OS,,train
7906,U2OS-02_3_K18_s1_20,U2OS-02,3,K18,s1,TTI1,treated,U2OS,,train
7907,U2OS-02_3_K18_s1_21,U2OS-02,3,K18,s1,TTI1,treated,U2OS,,train
7908,U2OS-02_3_K18_s1_22,U2OS-02,3,K18,s1,TTI1,treated,U2OS,,train
7909,U2OS-02_3_K18_s1_23,U2OS-02,3,K18,s1,TTI1,treated,U2OS,,train
7910,U2OS-02_3_K18_s1_25,U2OS-02,3,K18,s1,TTI1,treated,U2OS,,train
7911,U2OS-02_3_K18_s1_27,U2OS-02,3,K18,s1,TTI1,treated,U2OS,,train
7912,U2OS-02_3_K18_s1_32,U2OS-02,3,K18,s1,TTI1,treated,U2OS,,train
7913,U2OS-02_3_K18_s1_33,U2OS-02,3,K18,s1,TTI1,treated,U2OS,,train
7914,U2OS-02_3_K18_s1_34,U2OS-02,3,K18,s1,TTI1,treated,U2OS,,train
7915,U2OS-02_3_K18_s1_36,U2OS-02,3,K18,s1,TTI1,treated,U2OS,,train
7916,U2OS-02_3_K18_s1_37,U2OS-02,3,K18,s1,TTI1,treated,U2OS,,train
7917,U2OS-02_3_K18_s1_38,U2OS-02,3,K18,s1,TTI1,treated,U2OS,,train
7918,U2OS-02_3_K18_s1_39,U2OS-02,3,K18,s1,TTI1,treated,U2OS,,train
7919,U2OS-02_3_K18_s1_41,U2OS-02,3,K18,s1,TTI1,treated,U2OS,,train
7920,U2OS-02_3_K18_s1_43,U2OS-02,3,K18,s1,TTI1,treated,U2OS,,train
7921,U2OS-02_3_K18_s1_44,U2OS-02,3,K18,s1,TTI1,treated,U2OS,,train
7922,U2OS-02_3_K18_s1_45,U2OS-02,3,K18,s1,TTI1,treated,U2OS,,train
7923,U2OS-02_3_K18_s1_46,U2OS-02,3,K18,s1,TTI1,treated,U2OS,,train
7924,U2OS-02_3_K18_s1_47,U2OS-02,3,K18,s1,TTI1,treated,U2OS,,train
7925,U2OS-02_3_K18_s1_50,U2OS-02,3,K18,s1,TTI1,treated,U2OS,,train
7926,U2OS-02_3_K18_s1_51,U2OS-02,3,K18,s1,TTI1,treated,U2OS,,train
7927,U2OS-02_3_K18_s1_52,U2OS-02,3,K18,s1,TTI1,treated,U2OS,,train
7928,U2OS-02_3_K18_s1_57,U2OS-02,3,K18,s1,TTI1,treated,U2OS,,train
7929,U2OS-02_3_K18_s1_58,U2OS-02,3,K18,s1,TTI1,treated,U2OS,,train
7930,U2OS-02_3_K18_s1_60,U2OS-02,3,K18,s1,TTI1,treated,U2OS,,train
7931,U2OS-02_3_K18_s1_61,U2OS-02,3,K18,s1,TTI1,treated,U2OS,,train
7932,U2OS-02_3_K18_s1_62,U2OS-02,3,K18,s1,TTI1,treated,U2OS,,train
7933,U2OS-02_3_K18_s1_65,U2OS-02,3,K18,s1,TTI1,treated,U2OS,,train
7934,U2OS-02_3_K18_s1_67,U2OS-02,3,K18,s1,TTI1,treated,U2OS,,train
7935,U2OS-02_3_K18_s1_69,U2OS-02,3,K18,s1,TTI1,treated,U2OS,,train
7936,U2OS-02_3_K18_s1_70,U2OS-02,3,K18,s1,TTI1,treated,U2OS,,train
7937,U2OS-02_3_K18_s1_71,U2OS-02,3,K18,s1,TTI1,treated,U2OS,,train
7938,U2OS-02_3_L21_s1_13,U2OS-02,3,L21,s1,NSA2,treated,U2OS,,train
7939,U2OS-02_3_L21_s1_15,U2OS-02,3,L21,s1,NSA2,treated,U2OS,,train
7940,U2OS-02_3_L21_s1_16,U2OS-02,3,L21,s1,NSA2,treated,U2OS,,train
7941,U2OS-02_3_L21_s1_18,U2OS-02,3,L21,s1,NSA2,treated,U2OS,,train
7942,U2OS-02_3_L21_s1_21,U2OS-02,3,L21,s1,NSA2,treated,U2OS,,train
7943,U2OS-02_3_L21_s1_22,U2OS-02,3,L21,s1,NSA2,treated,U2OS,,train
7944,U2OS-02_3_L21_s1_23,U2OS-02,3,L21,s1,NSA2,treated,U2OS,,train
7945,U2OS-02_3_L21_s1_24,U2OS-02,3,L21,s1,NSA2,treated,U2OS,,train
7946,U2OS-02_3_L21_s1_25,U2OS-02,3,L21,s1,NSA2,treated,U2OS,,train
7947,U2OS-02_3_L21_s1_27,U2OS-02,3,L21,s1,NSA2,treated,U2OS,,train
7948,U2OS-02_3_L21_s1_28,U2OS-02,3,L21,s1,NSA2,treated,U2OS,,train
7949,U2OS-02_3_L21_s1_29,U2OS-02,3,L21,s1,NSA2,treated,U2OS,,train
7950,U2OS-02_3_L21_s1_30,U2OS-02,3,L21,s1,NSA2,treated,U2OS,,train
7951,U2OS-02_3_L21_s1_31,U2OS-02,3,L21,s1,NSA2,treated,U2OS,,train
7952,U2OS-02_3_L21_s1_35,U2OS-02,3,L21,s1,NSA2,treated,U2OS,,train
7953,U2OS-02_3_L21_s1_36,U2OS-02,3,L21,s1,NSA2,treated,U2OS,,train
7954,U2OS-02_3_L21_s1_37,U2OS-02,3,L21,s1,NSA2,treated,U2OS,,train
7955,U2OS-02_3_L21_s1_38,U2OS-02,3,L21,s1,NSA2,treated,U2OS,,train
7956,U2OS-02_3_L21_s1_39,U2OS-02,3,L21,s1,NSA2,treated,U2OS,,train
7957,U2OS-02_3_L21_s1_41,U2OS-02,3,L21,s1,NSA2,treated,U2OS,,train
7958,U2OS-02_3_L21_s1_42,U2OS-02,3,L21,s1,NSA2,treated,U2OS,,train
7959,U2OS-02_3_L21_s1_44,U2OS-02,3,L21,s1,NSA2,treated,U2OS,,train
7960,U2OS-02_3_L21_s1_45,U2OS-02,3,L21,s1,NSA2,treated,U2OS,,train
7961,U2OS-02_3_L21_s1_46,U2OS-02,3,L21,s1,NSA2,treated,U2OS,,train
7962,U2OS-02_3_L21_s1_47,U2OS-02,3,L21,s1,NSA2,treated,U2OS,,train
7963,U2OS-02_3_L21_s1_50,U2OS-02,3,L21,s1,NSA2,treated,U2OS,,train
7964,U2OS-02_3_L21_s1_51,U2OS-02,3,L21,s1,NSA2,treated,U2OS,,train
7965,U2OS-02_3_L21_s1_52,U2OS-02,3,L21,s1,NSA2,treated,U2OS,,train
7966,U2OS-02_3_L21_s1_54,U2OS-02,3,L21,s1,NSA2,treated,U2OS,,train
7967,U2OS-02_3_L21_s1_55,U2OS-02,3,L21,s1,NSA2,treated,U2OS,,train
7968,U2OS-02_3_L21_s1_58,U2OS-02,3,L21,s1,NSA2,treated,U2OS,,train
7969,U2OS-02_3_L21_s1_59,U2OS-02,3,L21,s1,NSA2,treated,U2OS,,train
7970,U2OS-02_3_L21_s1_61,U2OS-02,3,L21,s1,NSA2,treated,U2OS,,train
7971,U2OS-02_3_L21_s1_62,U2OS-02,3,L21,s1,NSA2,treated,U2OS,,train
7972,U2OS-02_3_L21_s1_63,U2OS-02,3,L21,s1,NSA2,treated,U2OS,,train
7973,U2OS-02_3_L21_s1_66,U2OS-02,3,L21,s1,NSA2,treated,U2OS,,train
7974,U2OS-02_3_L21_s1_67,U2OS-02,3,L21,s1,NSA2,treated,U2OS,,train
7975,U2OS-02_3_L21_s1_70,U2OS-02,3,L21,s1,NSA2,treated,U2OS,,train
7976,U2OS-02_3_L21_s1_71,U2OS-02,3,L21,s1,NSA2,treated,U2OS,,train
7977,U2OS-02_3_L21_s1_72,U2OS-02,3,L21,s1,NSA2,treated,U2OS,,train
7978,U2OS-02_3_M12_s1_9,U2OS-02,3,M12,s1,VGLL4,treated,U2OS,,train
7979,U2OS-02_3_M12_s1_13,U2OS-02,3,M12,s1,VGLL4,treated,U2OS,,train
7980,U2OS-02_3_M12_s1_14,U2OS-02,3,M12,s1,VGLL4,treated,U2OS,,train
7981,U2OS-02_3_M12_s1_16,U2OS-02,3,M12,s1,VGLL4,treated,U2OS,,train
7982,U2OS-02_3_M12_s1_19,U2OS-02,3,M12,s1,VGLL4,treated,U2OS,,train
7983,U2OS-02_3_M12_s1_20,U2OS-02,3,M12,s1,VGLL4,treated,U2OS,,train
7984,U2OS-02_3_M12_s1_21,U2OS-02,3,M12,s1,VGLL4,treated,U2OS,,train
7985,U2OS-02_3_M12_s1_23,U2OS-02,3,M12,s1,VGLL4,treated,U2OS,,train
7986,U2OS-02_3_M12_s1_24,U2OS-02,3,M12,s1,VGLL4,treated,U2OS,,train
7987,U2OS-02_3_M12_s1_25,U2OS-02,3,M12,s1,VGLL4,treated,U2OS,,train
7988,U2OS-02_3_M12_s1_26,U2OS-02,3,M12,s1,VGLL4,treated,U2OS,,train
7989,U2OS-02_3_M12_s1_29,U2OS-02,3,M12,s1,VGLL4,treated,U2OS,,train
7990,U2OS-02_3_M12_s1_30,U2OS-02,3,M12,s1,VGLL4,treated,U2OS,,train
7991,U2OS-02_3_M12_s1_31,U2OS-02,3,M12,s1,VGLL4,treated,U2OS,,train
7992,U2OS-02_3_M12_s1_37,U2OS-02,3,M12,s1,VGLL4,treated,U2OS,,train
7993,U2OS-02_3_M12_s1_39,U2OS-02,3,M12,s1,VGLL4,treated,U2OS,,train
7994,U2OS-02_3_M12_s1_40,U2OS-02,3,M12,s1,VGLL4,treated,U2OS,,train
7995,U2OS-02_3_M12_s1_41,U2OS-02,3,M12,s1,VGLL4,treated,U2OS,,train
7996,U2OS-02_3_M12_s1_44,U2OS-02,3,M12,s1,VGLL4,treated,U2OS,,train
7997,U2OS-02_3_M12_s1_45,U2OS-02,3,M12,s1,VGLL4,treated,U2OS,,train
7998,U2OS-02_3_M12_s1_46,U2OS-02,3,M12,s1,VGLL4,treated,U2OS,,train
7999,U2OS-02_3_M12_s1_49,U2OS-02,3,M12,s1,VGLL4,treated,U2OS,,train
8000,U2OS-02_3_M12_s1_51,U2OS-02,3,M12,s1,VGLL4,treated,U2OS,,train
8001,U2OS-02_3_M12_s1_52,U2OS-02,3,M12,s1,VGLL4,treated,U2OS,,train
8002,U2OS-02_3_M12_s1_53,U2OS-02,3,M12,s1,VGLL4,treated,U2OS,,train
8003,U2OS-02_3_M12_s1_54,U2OS-02,3,M12,s1,VGLL4,treated,U2OS,,train
8004,U2OS-02_3_M12_s1_56,U2OS-02,3,M12,s1,VGLL4,treated,U2OS,,train
8005,U2OS-02_3_M12_s1_57,U2OS-02,3,M12,s1,VGLL4,treated,U2OS,,train
8006,U2OS-02_3_M12_s1_58,U2OS-02,3,M12,s1,VGLL4,treated,U2OS,,train
8007,U2OS-02_3_M12_s1_59,U2OS-02,3,M12,s1,VGLL4,treated,U2OS,,train
8008,U2OS-02_3_M12_s1_61,U2OS-02,3,M12,s1,VGLL4,treated,U2OS,,train
8009,U2OS-02_3_M12_s1_63,U2OS-02,3,M12,s1,VGLL4,treated,U2OS,,train
8010,U2OS-02_3_M12_s1_66,U2OS-02,3,M12,s1,VGLL4,treated,U2OS,,train
8011,U2OS-02_3_M12_s1_68,U2OS-02,3,M12,s1,VGLL4,treated,U2OS,,train
8012,U2OS-02_3_M12_s1_69,U2OS-02,3,M12,s1,VGLL4,treated,U2OS,,train
8013,U2OS-02_3_M12_s1_72,U2OS-02,3,M12,s1,VGLL4,treated,U2OS,,train
8014,U2OS-02_3_M12_s1_73,U2OS-02,3,M12,s1,VGLL4,treated,U2OS,,train
8015,U2OS-02_3_M12_s1_75,U2OS-02,3,M12,s1,VGLL4,treated,U2OS,,train
8016,U2OS-02_3_M12_s1_76,U2OS-02,3,M12,s1,VGLL4,treated,U2OS,,train
8017,U2OS-02_3_M12_s1_79,U2OS-02,3,M12,s1,VGLL4,treated,U2OS,,train
8018,U2OS-02_3_M21_s1_15,U2OS-02,3,M21,s1,RGP1,treated,U2OS,,train
8019,U2OS-02_3_M21_s1_16,U2OS-02,3,M21,s1,RGP1,treated,U2OS,,train
8020,U2OS-02_3_M21_s1_17,U2OS-02,3,M21,s1,RGP1,treated,U2OS,,train
8021,U2OS-02_3_M21_s1_20,U2OS-02,3,M21,s1,RGP1,treated,U2OS,,train
8022,U2OS-02_3_M21_s1_23,U2OS-02,3,M21,s1,RGP1,treated,U2OS,,train
8023,U2OS-02_3_M21_s1_24,U2OS-02,3,M21,s1,RGP1,treated,U2OS,,train
8024,U2OS-02_3_M21_s1_26,U2OS-02,3,M21,s1,RGP1,treated,U2OS,,train
8025,U2OS-02_3_M21_s1_27,U2OS-02,3,M21,s1,RGP1,treated,U2OS,,train
8026,U2OS-02_3_M21_s1_28,U2OS-02,3,M21,s1,RGP1,treated,U2OS,,train
8027,U2OS-02_3_M21_s1_29,U2OS-02,3,M21,s1,RGP1,treated,U2OS,,train
8028,U2OS-02_3_M21_s1_30,U2OS-02,3,M21,s1,RGP1,treated,U2OS,,train
8029,U2OS-02_3_M21_s1_31,U2OS-02,3,M21,s1,RGP1,treated,U2OS,,train
8030,U2OS-02_3_M21_s1_33,U2OS-02,3,M21,s1,RGP1,treated,U2OS,,train
8031,U2OS-02_3_M21_s1_34,U2OS-02,3,M21,s1,RGP1,treated,U2OS,,train
8032,U2OS-02_3_M21_s1_38,U2OS-02,3,M21,s1,RGP1,treated,U2OS,,train
8033,U2OS-02_3_M21_s1_41,U2OS-02,3,M21,s1,RGP1,treated,U2OS,,train
8034,U2OS-02_3_M21_s1_42,U2OS-02,3,M21,s1,RGP1,treated,U2OS,,train
8035,U2OS-02_3_M21_s1_43,U2OS-02,3,M21,s1,RGP1,treated,U2OS,,train
8036,U2OS-02_3_M21_s1_45,U2OS-02,3,M21,s1,RGP1,treated,U2OS,,train
8037,U2OS-02_3_M21_s1_48,U2OS-02,3,M21,s1,RGP1,treated,U2OS,,train
8038,U2OS-02_3_M21_s1_49,U2OS-02,3,M21,s1,RGP1,treated,U2OS,,train
8039,U2OS-02_3_M21_s1_51,U2OS-02,3,M21,s1,RGP1,treated,U2OS,,train
8040,U2OS-02_3_M21_s1_52,U2OS-02,3,M21,s1,RGP1,treated,U2OS,,train
8041,U2OS-02_3_M21_s1_53,U2OS-02,3,M21,s1,RGP1,treated,U2OS,,train
8042,U2OS-02_3_M21_s1_54,U2OS-02,3,M21,s1,RGP1,treated,U2OS,,train
8043,U2OS-02_3_M21_s1_55,U2OS-02,3,M21,s1,RGP1,treated,U2OS,,train
8044,U2OS-02_3_M21_s1_56,U2OS-02,3,M21,s1,RGP1,treated,U2OS,,train
8045,U2OS-02_3_M21_s1_57,U2OS-02,3,M21,s1,RGP1,treated,U2OS,,train
8046,U2OS-02_3_M21_s1_58,U2OS-02,3,M21,s1,RGP1,treated,U2OS,,train
8047,U2OS-02_3_M21_s1_60,U2OS-02,3,M21,s1,RGP1,treated,U2OS,,train
8048,U2OS-02_3_M21_s1_62,U2OS-02,3,M21,s1,RGP1,treated,U2OS,,train
8049,U2OS-02_3_M21_s1_63,U2OS-02,3,M21,s1,RGP1,treated,U2OS,,train
8050,U2OS-02_3_M21_s1_65,U2OS-02,3,M21,s1,RGP1,treated,U2OS,,train
8051,U2OS-02_3_M21_s1_66,U2OS-02,3,M21,s1,RGP1,treated,U2OS,,train
8052,U2OS-02_3_M21_s1_67,U2OS-02,3,M21,s1,RGP1,treated,U2OS,,train
8053,U2OS-02_3_M21_s1_70,U2OS-02,3,M21,s1,RGP1,treated,U2OS,,train
8054,U2OS-02_3_M21_s1_71,U2OS-02,3,M21,s1,RGP1,treated,U2OS,,train
8055,U2OS-02_3_M21_s1_73,U2OS-02,3,M21,s1,RGP1,treated,U2OS,,train
8056,U2OS-02_3_M21_s1_74,U2OS-02,3,M21,s1,RGP1,treated,U2OS,,train
8057,U2OS-02_3_M21_s1_76,U2OS-02,3,M21,s1,RGP1,treated,U2OS,,train
8058,U2OS-02_3_N09_s1_7,U2OS-02,3,N09,s1,TIMM17A,treated,U2OS,,train
8059,U2OS-02_3_N09_s1_10,U2OS-02,3,N09,s1,TIMM17A,treated,U2OS,,train
8060,U2OS-02_3_N09_s1_11,U2OS-02,3,N09,s1,TIMM17A,treated,U2OS,,train
8061,U2OS-02_3_N09_s1_13,U2OS-02,3,N09,s1,TIMM17A,treated,U2OS,,train
8062,U2OS-02_3_N09_s1_16,U2OS-02,3,N09,s1,TIMM17A,treated,U2OS,,train
8063,U2OS-02_3_N09_s1_17,U2OS-02,3,N09,s1,TIMM17A,treated,U2OS,,train
8064,U2OS-02_3_N09_s1_18,U2OS-02,3,N09,s1,TIMM17A,treated,U2OS,,train
8065,U2OS-02_3_N09_s1_19,U2OS-02,3,N09,s1,TIMM17A,treated,U2OS,,train
8066,U2OS-02_3_N09_s1_20,U2OS-02,3,N09,s1,TIMM17A,treated,U2OS,,train
8067,U2OS-02_3_N09_s1_21,U2OS-02,3,N09,s1,TIMM17A,treated,U2OS,,train
8068,U2OS-02_3_N09_s1_23,U2OS-02,3,N09,s1,TIMM17A,treated,U2OS,,train
8069,U2OS-02_3_N09_s1_24,U2OS-02,3,N09,s1,TIMM17A,treated,U2OS,,train
8070,U2OS-02_3_N09_s1_25,U2OS-02,3,N09,s1,TIMM17A,treated,U2OS,,train
8071,U2OS-02_3_N09_s1_26,U2OS-02,3,N09,s1,TIMM17A,treated,U2OS,,train
8072,U2OS-02_3_N09_s1_31,U2OS-02,3,N09,s1,TIMM17A,treated,U2OS,,train
8073,U2OS-02_3_N09_s1_33,U2OS-02,3,N09,s1,TIMM17A,treated,U2OS,,train
8074,U2OS-02_3_N09_s1_34,U2OS-02,3,N09,s1,TIMM17A,treated,U2OS,,train
8075,U2OS-02_3_N09_s1_35,U2OS-02,3,N09,s1,TIMM17A,treated,U2OS,,train
8076,U2OS-02_3_N09_s1_36,U2OS-02,3,N09,s1,TIMM17A,treated,U2OS,,train
8077,U2OS-02_3_N09_s1_37,U2OS-02,3,N09,s1,TIMM17A,treated,U2OS,,train
8078,U2OS-02_3_N09_s1_38,U2OS-02,3,N09,s1,TIMM17A,treated,U2OS,,train
8079,U2OS-02_3_N09_s1_42,U2OS-02,3,N09,s1,TIMM17A,treated,U2OS,,train
8080,U2OS-02_3_N09_s1_43,U2OS-02,3,N09,s1,TIMM17A,treated,U2OS,,train
8081,U2OS-02_3_N09_s1_45,U2OS-02,3,N09,s1,TIMM17A,treated,U2OS,,train
8082,U2OS-02_3_N09_s1_46,U2OS-02,3,N09,s1,TIMM17A,treated,U2OS,,train
8083,U2OS-02_3_N09_s1_47,U2OS-02,3,N09,s1,TIMM17A,treated,U2OS,,train
8084,U2OS-02_3_N09_s1_48,U2OS-02,3,N09,s1,TIMM17A,treated,U2OS,,train
8085,U2OS-02_3_N09_s1_49,U2OS-02,3,N09,s1,TIMM17A,treated,U2OS,,train
8086,U2OS-02_3_N09_s1_50,U2OS-02,3,N09,s1,TIMM17A,treated,U2OS,,train
8087,U2OS-02_3_N09_s1_52,U2OS-02,3,N09,s1,TIMM17A,treated,U2OS,,train
8088,U2OS-02_3_N09_s1_54,U2OS-02,3,N09,s1,TIMM17A,treated,U2OS,,train
8089,U2OS-02_3_N09_s1_57,U2OS-02,3,N09,s1,TIMM17A,treated,U2OS,,train
8090,U2OS-02_3_N09_s1_59,U2OS-02,3,N09,s1,TIMM17A,treated,U2OS,,train
8091,U2OS-02_3_N09_s1_60,U2OS-02,3,N09,s1,TIMM17A,treated,U2OS,,train
8092,U2OS-02_3_N09_s1_61,U2OS-02,3,N09,s1,TIMM17A,treated,U2OS,,train
8093,U2OS-02_3_N09_s1_63,U2OS-02,3,N09,s1,TIMM17A,treated,U2OS,,train
8094,U2OS-02_3_N09_s1_64,U2OS-02,3,N09,s1,TIMM17A,treated,U2OS,,train
8095,U2OS-02_3_N09_s1_67,U2OS-02,3,N09,s1,TIMM17A,treated,U2OS,,train
8096,U2OS-02_3_N09_s1_68,U2OS-02,3,N09,s1,TIMM17A,treated,U2OS,,train
8097,U2OS-02_3_N09_s1_69,U2OS-02,3,N09,s1,TIMM17A,treated,U2OS,,train
8098,U2OS-02_3_O18_s1_24,U2OS-02,3,O18,s1,DOCK4,treated,U2OS,,train
8099,U2OS-02_3_O18_s1_25,U2OS-02,3,O18,s1,DOCK4,treated,U2OS,,train
8100,U2OS-02_3_O18_s1_27,U2OS-02,3,O18,s1,DOCK4,treated,U2OS,,train
8101,U2OS-02_3_O18_s1_29,U2OS-02,3,O18,s1,DOCK4,treated,U2OS,,train
8102,U2OS-02_3_O18_s1_31,U2OS-02,3,O18,s1,DOCK4,treated,U2OS,,train
8103,U2OS-02_3_O18_s1_33,U2OS-02,3,O18,s1,DOCK4,treated,U2OS,,train
8104,U2OS-02_3_O18_s1_34,U2OS-02,3,O18,s1,DOCK4,treated,U2OS,,train
8105,U2OS-02_3_O18_s1_35,U2OS-02,3,O18,s1,DOCK4,treated,U2OS,,train
8106,U2OS-02_3_O18_s1_36,U2OS-02,3,O18,s1,DOCK4,treated,U2OS,,train
8107,U2OS-02_3_O18_s1_37,U2OS-02,3,O18,s1,DOCK4,treated,U2OS,,train
8108,U2OS-02_3_O18_s1_39,U2OS-02,3,O18,s1,DOCK4,treated,U2OS,,train
8109,U2OS-02_3_O18_s1_40,U2OS-02,3,O18,s1,DOCK4,treated,U2OS,,train
8110,U2OS-02_3_O18_s1_42,U2OS-02,3,O18,s1,DOCK4,treated,U2OS,,train
8111,U2OS-02_3_O18_s1_44,U2OS-02,3,O18,s1,DOCK4,treated,U2OS,,train
8112,U2OS-02_3_O18_s1_49,U2OS-02,3,O18,s1,DOCK4,treated,U2OS,,train
8113,U2OS-02_3_O18_s1_50,U2OS-02,3,O18,s1,DOCK4,treated,U2OS,,train
8114,U2OS-02_3_O18_s1_51,U2OS-02,3,O18,s1,DOCK4,treated,U2OS,,train
8115,U2OS-02_3_O18_s1_52,U2OS-02,3,O18,s1,DOCK4,treated,U2OS,,train
8116,U2OS-02_3_O18_s1_53,U2OS-02,3,O18,s1,DOCK4,treated,U2OS,,train
8117,U2OS-02_3_O18_s1_54,U2OS-02,3,O18,s1,DOCK4,treated,U2OS,,train
8118,U2OS-02_3_O18_s1_56,U2OS-02,3,O18,s1,DOCK4,treated,U2OS,,train
8119,U2OS-02_3_O18_s1_61,U2OS-02,3,O18,s1,DOCK4,treated,U2OS,,train
8120,U2OS-02_3_O18_s1_62,U2OS-02,3,O18,s1,DOCK4,treated,U2OS,,train
8121,U2OS-02_3_O18_s1_63,U2OS-02,3,O18,s1,DOCK4,treated,U2OS,,train
8122,U2OS-02_3_O18_s1_64,U2OS-02,3,O18,s1,DOCK4,treated,U2OS,,train
8123,U2OS-02_3_O18_s1_65,U2OS-02,3,O18,s1,DOCK4,treated,U2OS,,train
8124,U2OS-02_3_O18_s1_66,U2OS-02,3,O18,s1,DOCK4,treated,U2OS,,train
8125,U2OS-02_3_O18_s1_67,U2OS-02,3,O18,s1,DOCK4,treated,U2OS,,train
8126,U2OS-02_3_O18_s1_70,U2OS-02,3,O18,s1,DOCK4,treated,U2OS,,train
8127,U2OS-02_3_O18_s1_71,U2OS-02,3,O18,s1,DOCK4,treated,U2OS,,train
8128,U2OS-02_3_O18_s1_73,U2OS-02,3,O18,s1,DOCK4,treated,U2OS,,train
8129,U2OS-02_3_O18_s1_74,U2OS-02,3,O18,s1,DOCK4,treated,U2OS,,train
8130,U2OS-02_3_O18_s1_79,U2OS-02,3,O18,s1,DOCK4,treated,U2OS,,train
8131,U2OS-02_3_O18_s1_80,U2OS-02,3,O18,s1,DOCK4,treated,U2OS,,train
8132,U2OS-02_3_O18_s1_81,U2OS-02,3,O18,s1,DOCK4,treated,U2OS,,train
8133,U2OS-02_3_O18_s1_84,U2OS-02,3,O18,s1,DOCK4,treated,U2OS,,train
8134,U2OS-02_3_O18_s1_85,U2OS-02,3,O18,s1,DOCK4,treated,U2OS,,train
8135,U2OS-02_3_O18_s1_89,U2OS-02,3,O18,s1,DOCK4,treated,U2OS,,train
8136,U2OS-02_3_O18_s1_90,U2OS-02,3,O18,s1,DOCK4,treated,U2OS,,train
8137,U2OS-02_3_O18_s1_91,U2OS-02,3,O18,s1,DOCK4,treated,U2OS,,train
8138,U2OS-03_1_B02_s1_16,U2OS-03,1,B02,s1,UNTREATED,negative_control,U2OS,,train
8139,U2OS-03_1_B02_s1_19,U2OS-03,1,B02,s1,UNTREATED,negative_control,U2OS,,train
8140,U2OS-03_1_B02_s1_20,U2OS-03,1,B02,s1,UNTREATED,negative_control,U2OS,,train
8141,U2OS-03_1_B02_s1_22,U2OS-03,1,B02,s1,UNTREATED,negative_control,U2OS,,train
8142,U2OS-03_1_B02_s1_24,U2OS-03,1,B02,s1,UNTREATED,negative_control,U2OS,,train
8143,U2OS-03_1_B02_s1_25,U2OS-03,1,B02,s1,UNTREATED,negative_control,U2OS,,train
8144,U2OS-03_1_B02_s1_26,U2OS-03,1,B02,s1,UNTREATED,negative_control,U2OS,,train
8145,U2OS-03_1_B02_s1_27,U2OS-03,1,B02,s1,UNTREATED,negative_control,U2OS,,train
8146,U2OS-03_1_B02_s1_28,U2OS-03,1,B02,s1,UNTREATED,negative_control,U2OS,,train
8147,U2OS-03_1_B02_s1_29,U2OS-03,1,B02,s1,UNTREATED,negative_control,U2OS,,train
8148,U2OS-03_1_B02_s1_31,U2OS-03,1,B02,s1,UNTREATED,negative_control,U2OS,,train
8149,U2OS-03_1_B02_s1_32,U2OS-03,1,B02,s1,UNTREATED,negative_control,U2OS,,train
8150,U2OS-03_1_B02_s1_33,U2OS-03,1,B02,s1,UNTREATED,negative_control,U2OS,,train
8151,U2OS-03_1_B02_s1_34,U2OS-03,1,B02,s1,UNTREATED,negative_control,U2OS,,train
8152,U2OS-03_1_B02_s1_39,U2OS-03,1,B02,s1,UNTREATED,negative_control,U2OS,,train
8153,U2OS-03_1_B02_s1_40,U2OS-03,1,B02,s1,UNTREATED,negative_control,U2OS,,train
8154,U2OS-03_1_B02_s1_41,U2OS-03,1,B02,s1,UNTREATED,negative_control,U2OS,,train
8155,U2OS-03_1_B02_s1_42,U2OS-03,1,B02,s1,UNTREATED,negative_control,U2OS,,train
8156,U2OS-03_1_B02_s1_44,U2OS-03,1,B02,s1,UNTREATED,negative_control,U2OS,,train
8157,U2OS-03_1_B02_s1_46,U2OS-03,1,B02,s1,UNTREATED,negative_control,U2OS,,train
8158,U2OS-03_1_B02_s1_47,U2OS-03,1,B02,s1,UNTREATED,negative_control,U2OS,,train
8159,U2OS-03_1_B02_s1_51,U2OS-03,1,B02,s1,UNTREATED,negative_control,U2OS,,train
8160,U2OS-03_1_B02_s1_52,U2OS-03,1,B02,s1,UNTREATED,negative_control,U2OS,,train
8161,U2OS-03_1_B02_s1_53,U2OS-03,1,B02,s1,UNTREATED,negative_control,U2OS,,train
8162,U2OS-03_1_B02_s1_54,U2OS-03,1,B02,s1,UNTREATED,negative_control,U2OS,,train
8163,U2OS-03_1_B02_s1_55,U2OS-03,1,B02,s1,UNTREATED,negative_control,U2OS,,train
8164,U2OS-03_1_B02_s1_56,U2OS-03,1,B02,s1,UNTREATED,negative_control,U2OS,,train
8165,U2OS-03_1_B02_s1_60,U2OS-03,1,B02,s1,UNTREATED,negative_control,U2OS,,train
8166,U2OS-03_1_B02_s1_61,U2OS-03,1,B02,s1,UNTREATED,negative_control,U2OS,,train
8167,U2OS-03_1_B02_s1_62,U2OS-03,1,B02,s1,UNTREATED,negative_control,U2OS,,train
8168,U2OS-03_1_B02_s1_64,U2OS-03,1,B02,s1,UNTREATED,negative_control,U2OS,,train
8169,U2OS-03_1_B02_s1_65,U2OS-03,1,B02,s1,UNTREATED,negative_control,U2OS,,train
8170,U2OS-03_1_B02_s1_68,U2OS-03,1,B02,s1,UNTREATED,negative_control,U2OS,,train
8171,U2OS-03_1_B02_s1_69,U2OS-03,1,B02,s1,UNTREATED,negative_control,U2OS,,train
8172,U2OS-03_1_B02_s1_70,U2OS-03,1,B02,s1,UNTREATED,negative_control,U2OS,,train
8173,U2OS-03_1_B02_s1_72,U2OS-03,1,B02,s1,UNTREATED,negative_control,U2OS,,train
8174,U2OS-03_1_B02_s1_73,U2OS-03,1,B02,s1,UNTREATED,negative_control,U2OS,,train
8175,U2OS-03_1_B02_s1_75,U2OS-03,1,B02,s1,UNTREATED,negative_control,U2OS,,train
8176,U2OS-03_1_B02_s1_79,U2OS-03,1,B02,s1,UNTREATED,negative_control,U2OS,,train
8177,U2OS-03_1_B02_s1_80,U2OS-03,1,B02,s1,UNTREATED,negative_control,U2OS,,train
8178,U2OS-03_1_B10_s1_17,U2OS-03,1,B10,s1,UBE2J1,treated,U2OS,,train
8179,U2OS-03_1_B10_s1_18,U2OS-03,1,B10,s1,UBE2J1,treated,U2OS,,train
8180,U2OS-03_1_B10_s1_20,U2OS-03,1,B10,s1,UBE2J1,treated,U2OS,,train
8181,U2OS-03_1_B10_s1_22,U2OS-03,1,B10,s1,UBE2J1,treated,U2OS,,train
8182,U2OS-03_1_B10_s1_24,U2OS-03,1,B10,s1,UBE2J1,treated,U2OS,,train
8183,U2OS-03_1_B10_s1_25,U2OS-03,1,B10,s1,UBE2J1,treated,U2OS,,train
8184,U2OS-03_1_B10_s1_27,U2OS-03,1,B10,s1,UBE2J1,treated,U2OS,,train
8185,U2OS-03_1_B10_s1_28,U2OS-03,1,B10,s1,UBE2J1,treated,U2OS,,train
8186,U2OS-03_1_B10_s1_29,U2OS-03,1,B10,s1,UBE2J1,treated,U2OS,,train
8187,U2OS-03_1_B10_s1_30,U2OS-03,1,B10,s1,UBE2J1,treated,U2OS,,train
8188,U2OS-03_1_B10_s1_32,U2OS-03,1,B10,s1,UBE2J1,treated,U2OS,,train
8189,U2OS-03_1_B10_s1_34,U2OS-03,1,B10,s1,UBE2J1,treated,U2OS,,train
8190,U2OS-03_1_B10_s1_36,U2OS-03,1,B10,s1,UBE2J1,treated,U2OS,,train
8191,U2OS-03_1_B10_s1_39,U2OS-03,1,B10,s1,UBE2J1,treated,U2OS,,train
8192,U2OS-03_1_B10_s1_46,U2OS-03,1,B10,s1,UBE2J1,treated,U2OS,,train
8193,U2OS-03_1_B10_s1_47,U2OS-03,1,B10,s1,UBE2J1,treated,U2OS,,train
8194,U2OS-03_1_B10_s1_48,U2OS-03,1,B10,s1,UBE2J1,treated,U2OS,,train
8195,U2OS-03_1_B10_s1_51,U2OS-03,1,B10,s1,UBE2J1,treated,U2OS,,train
8196,U2OS-03_1_B10_s1_53,U2OS-03,1,B10,s1,UBE2J1,treated,U2OS,,train
8197,U2OS-03_1_B10_s1_55,U2OS-03,1,B10,s1,UBE2J1,treated,U2OS,,train
8198,U2OS-03_1_B10_s1_56,U2OS-03,1,B10,s1,UBE2J1,treated,U2OS,,train
8199,U2OS-03_1_B10_s1_58,U2OS-03,1,B10,s1,UBE2J1,treated,U2OS,,train
8200,U2OS-03_1_B10_s1_59,U2OS-03,1,B10,s1,UBE2J1,treated,U2OS,,train
8201,U2OS-03_1_B10_s1_60,U2OS-03,1,B10,s1,UBE2J1,treated,U2OS,,train
8202,U2OS-03_1_B10_s1_61,U2OS-03,1,B10,s1,UBE2J1,treated,U2OS,,train
8203,U2OS-03_1_B10_s1_62,U2OS-03,1,B10,s1,UBE2J1,treated,U2OS,,train
8204,U2OS-03_1_B10_s1_63,U2OS-03,1,B10,s1,UBE2J1,treated,U2OS,,train
8205,U2OS-03_1_B10_s1_64,U2OS-03,1,B10,s1,UBE2J1,treated,U2OS,,train
8206,U2OS-03_1_B10_s1_65,U2OS-03,1,B10,s1,UBE2J1,treated,U2OS,,train
8207,U2OS-03_1_B10_s1_67,U2OS-03,1,B10,s1,UBE2J1,treated,U2OS,,train
8208,U2OS-03_1_B10_s1_70,U2OS-03,1,B10,s1,UBE2J1,treated,U2OS,,train
8209,U2OS-03_1_B10_s1_71,U2OS-03,1,B10,s1,UBE2J1,treated,U2OS,,train
8210,U2OS-03_1_B10_s1_73,U2OS-03,1,B10,s1,UBE2J1,treated,U2OS,,train
8211,U2OS-03_1_B10_s1_74,U2OS-03,1,B10,s1,UBE2J1,treated,U2OS,,train
8212,U2OS-03_1_B10_s1_75,U2OS-03,1,B10,s1,UBE2J1,treated,U2OS,,train
8213,U2OS-03_1_B10_s1_78,U2OS-03,1,B10,s1,UBE2J1,treated,U2OS,,train
8214,U2OS-03_1_B10_s1_80,U2OS-03,1,B10,s1,UBE2J1,treated,U2OS,,train
8215,U2OS-03_1_B10_s2_14,U2OS-03,1,B10,s2,UBE2J1,treated,U2OS,,train
8216,U2OS-03_1_B10_s2_18,U2OS-03,1,B10,s2,UBE2J1,treated,U2OS,,train
8217,U2OS-03_1_B10_s2_19,U2OS-03,1,B10,s2,UBE2J1,treated,U2OS,,train
8218,U2OS-03_1_B18_s1_16,U2OS-03,1,B18,s1,GULP1,treated,U2OS,,train
8219,U2OS-03_1_B18_s1_17,U2OS-03,1,B18,s1,GULP1,treated,U2OS,,train
8220,U2OS-03_1_B18_s1_19,U2OS-03,1,B18,s1,GULP1,treated,U2OS,,train
8221,U2OS-03_1_B18_s1_21,U2OS-03,1,B18,s1,GULP1,treated,U2OS,,train
8222,U2OS-03_1_B18_s1_23,U2OS-03,1,B18,s1,GULP1,treated,U2OS,,train
8223,U2OS-03_1_B18_s1_24,U2OS-03,1,B18,s1,GULP1,treated,U2OS,,train
8224,U2OS-03_1_B18_s1_25,U2OS-03,1,B18,s1,GULP1,treated,U2OS,,train
8225,U2OS-03_1_B18_s1_27,U2OS-03,1,B18,s1,GULP1,treated,U2OS,,train
8226,U2OS-03_1_B18_s1_28,U2OS-03,1,B18,s1,GULP1,treated,U2OS,,train
8227,U2OS-03_1_B18_s1_29,U2OS-03,1,B18,s1,GULP1,treated,U2OS,,train
8228,U2OS-03_1_B18_s1_30,U2OS-03,1,B18,s1,GULP1,treated,U2OS,,train
8229,U2OS-03_1_B18_s1_31,U2OS-03,1,B18,s1,GULP1,treated,U2OS,,train
8230,U2OS-03_1_B18_s1_33,U2OS-03,1,B18,s1,GULP1,treated,U2OS,,train
8231,U2OS-03_1_B18_s1_34,U2OS-03,1,B18,s1,GULP1,treated,U2OS,,train
8232,U2OS-03_1_B18_s1_40,U2OS-03,1,B18,s1,GULP1,treated,U2OS,,train
8233,U2OS-03_1_B18_s1_41,U2OS-03,1,B18,s1,GULP1,treated,U2OS,,train
8234,U2OS-03_1_B18_s1_42,U2OS-03,1,B18,s1,GULP1,treated,U2OS,,train
8235,U2OS-03_1_B18_s1_43,U2OS-03,1,B18,s1,GULP1,treated,U2OS,,train
8236,U2OS-03_1_B18_s1_44,U2OS-03,1,B18,s1,GULP1,treated,U2OS,,train
8237,U2OS-03_1_B18_s1_47,U2OS-03,1,B18,s1,GULP1,treated,U2OS,,train
8238,U2OS-03_1_B18_s1_48,U2OS-03,1,B18,s1,GULP1,treated,U2OS,,train
8239,U2OS-03_1_B18_s1_51,U2OS-03,1,B18,s1,GULP1,treated,U2OS,,train
8240,U2OS-03_1_B18_s1_52,U2OS-03,1,B18,s1,GULP1,treated,U2OS,,train
8241,U2OS-03_1_B18_s1_54,U2OS-03,1,B18,s1,GULP1,treated,U2OS,,train
8242,U2OS-03_1_B18_s1_55,U2OS-03,1,B18,s1,GULP1,treated,U2OS,,train
8243,U2OS-03_1_B18_s1_57,U2OS-03,1,B18,s1,GULP1,treated,U2OS,,train
8244,U2OS-03_1_B18_s1_58,U2OS-03,1,B18,s1,GULP1,treated,U2OS,,train
8245,U2OS-03_1_B18_s1_60,U2OS-03,1,B18,s1,GULP1,treated,U2OS,,train
8246,U2OS-03_1_B18_s1_61,U2OS-03,1,B18,s1,GULP1,treated,U2OS,,train
8247,U2OS-03_1_B18_s1_62,U2OS-03,1,B18,s1,GULP1,treated,U2OS,,train
8248,U2OS-03_1_B18_s1_64,U2OS-03,1,B18,s1,GULP1,treated,U2OS,,train
8249,U2OS-03_1_B18_s1_66,U2OS-03,1,B18,s1,GULP1,treated,U2OS,,train
8250,U2OS-03_1_B18_s1_69,U2OS-03,1,B18,s1,GULP1,treated,U2OS,,train
8251,U2OS-03_1_B18_s1_71,U2OS-03,1,B18,s1,GULP1,treated,U2OS,,train
8252,U2OS-03_1_B18_s1_72,U2OS-03,1,B18,s1,GULP1,treated,U2OS,,train
8253,U2OS-03_1_B18_s1_74,U2OS-03,1,B18,s1,GULP1,treated,U2OS,,train
8254,U2OS-03_1_B18_s1_75,U2OS-03,1,B18,s1,GULP1,treated,U2OS,,train
8255,U2OS-03_1_B18_s1_77,U2OS-03,1,B18,s1,GULP1,treated,U2OS,,train
8256,U2OS-03_1_B18_s1_78,U2OS-03,1,B18,s1,GULP1,treated,U2OS,,train
8257,U2OS-03_1_B18_s1_79,U2OS-03,1,B18,s1,GULP1,treated,U2OS,,train
8258,U2OS-03_1_B21_s1_4,U2OS-03,1,B21,s1,SH3KBP1,treated,U2OS,,train
8259,U2OS-03_1_B21_s1_5,U2OS-03,1,B21,s1,SH3KBP1,treated,U2OS,,train
8260,U2OS-03_1_B21_s1_6,U2OS-03,1,B21,s1,SH3KBP1,treated,U2OS,,train
8261,U2OS-03_1_B21_s1_8,U2OS-03,1,B21,s1,SH3KBP1,treated,U2OS,,train
8262,U2OS-03_1_B21_s1_11,U2OS-03,1,B21,s1,SH3KBP1,treated,U2OS,,train
8263,U2OS-03_1_B21_s1_13,U2OS-03,1,B21,s1,SH3KBP1,treated,U2OS,,train
8264,U2OS-03_1_B21_s1_14,U2OS-03,1,B21,s1,SH3KBP1,treated,U2OS,,train
8265,U2OS-03_1_B21_s1_15,U2OS-03,1,B21,s1,SH3KBP1,treated,U2OS,,train
8266,U2OS-03_1_B21_s1_16,U2OS-03,1,B21,s1,SH3KBP1,treated,U2OS,,train
8267,U2OS-03_1_B21_s1_18,U2OS-03,1,B21,s1,SH3KBP1,treated,U2OS,,train
8268,U2OS-03_1_B21_s1_19,U2OS-03,1,B21,s1,SH3KBP1,treated,U2OS,,train
8269,U2OS-03_1_B21_s1_20,U2OS-03,1,B21,s1,SH3KBP1,treated,U2OS,,train
8270,U2OS-03_1_B21_s1_21,U2OS-03,1,B21,s1,SH3KBP1,treated,U2OS,,train
8271,U2OS-03_1_B21_s1_22,U2OS-03,1,B21,s1,SH3KBP1,treated,U2OS,,train
8272,U2OS-03_1_B21_s1_28,U2OS-03,1,B21,s1,SH3KBP1,treated,U2OS,,train
8273,U2OS-03_1_B21_s1_30,U2OS-03,1,B21,s1,SH3KBP1,treated,U2OS,,train
8274,U2OS-03_1_B21_s1_31,U2OS-03,1,B21,s1,SH3KBP1,treated,U2OS,,train
8275,U2OS-03_1_B21_s1_32,U2OS-03,1,B21,s1,SH3KBP1,treated,U2OS,,train
8276,U2OS-03_1_B21_s1_33,U2OS-03,1,B21,s1,SH3KBP1,treated,U2OS,,train
8277,U2OS-03_1_B21_s1_34,U2OS-03,1,B21,s1,SH3KBP1,treated,U2OS,,train
8278,U2OS-03_1_B21_s1_37,U2OS-03,1,B21,s1,SH3KBP1,treated,U2OS,,train
8279,U2OS-03_1_B21_s1_39,U2OS-03,1,B21,s1,SH3KBP1,treated,U2OS,,train
8280,U2OS-03_1_B21_s1_40,U2OS-03,1,B21,s1,SH3KBP1,treated,U2OS,,train
8281,U2OS-03_1_B21_s1_41,U2OS-03,1,B21,s1,SH3KBP1,treated,U2OS,,train
8282,U2OS-03_1_B21_s1_42,U2OS-03,1,B21,s1,SH3KBP1,treated,U2OS,,train
8283,U2OS-03_1_B21_s1_43,U2OS-03,1,B21,s1,SH3KBP1,treated,U2OS,,train
8284,U2OS-03_1_B21_s1_44,U2OS-03,1,B21,s1,SH3KBP1,treated,U2OS,,train
8285,U2OS-03_1_B21_s1_47,U2OS-03,1,B21,s1,SH3KBP1,treated,U2OS,,train
8286,U2OS-03_1_B21_s1_48,U2OS-03,1,B21,s1,SH3KBP1,treated,U2OS,,train
8287,U2OS-03_1_B21_s1_49,U2OS-03,1,B21,s1,SH3KBP1,treated,U2OS,,train
8288,U2OS-03_1_B21_s1_51,U2OS-03,1,B21,s1,SH3KBP1,treated,U2OS,,train
8289,U2OS-03_1_B21_s1_53,U2OS-03,1,B21,s1,SH3KBP1,treated,U2OS,,train
8290,U2OS-03_1_B21_s1_55,U2OS-03,1,B21,s1,SH3KBP1,treated,U2OS,,train
8291,U2OS-03_1_B21_s1_56,U2OS-03,1,B21,s1,SH3KBP1,treated,U2OS,,train
8292,U2OS-03_1_B21_s1_58,U2OS-03,1,B21,s1,SH3KBP1,treated,U2OS,,train
8293,U2OS-03_1_B21_s1_60,U2OS-03,1,B21,s1,SH3KBP1,treated,U2OS,,train
8294,U2OS-03_1_B21_s1_62,U2OS-03,1,B21,s1,SH3KBP1,treated,U2OS,,train
8295,U2OS-03_1_B21_s2_5,U2OS-03,1,B21,s2,SH3KBP1,treated,U2OS,,train
8296,U2OS-03_1_B21_s2_6,U2OS-03,1,B21,s2,SH3KBP1,treated,U2OS,,train
8297,U2OS-03_1_B21_s2_7,U2OS-03,1,B21,s2,SH3KBP1,treated,U2OS,,train
8298,U2OS-03_1_B22_s1_13,U2OS-03,1,B22,s1,NIN,treated,U2OS,,train
8299,U2OS-03_1_B22_s1_14,U2OS-03,1,B22,s1,NIN,treated,U2OS,,train
8300,U2OS-03_1_B22_s1_15,U2OS-03,1,B22,s1,NIN,treated,U2OS,,train
8301,U2OS-03_1_B22_s1_18,U2OS-03,1,B22,s1,NIN,treated,U2OS,,train
8302,U2OS-03_1_B22_s1_20,U2OS-03,1,B22,s1,NIN,treated,U2OS,,train
8303,U2OS-03_1_B22_s1_21,U2OS-03,1,B22,s1,NIN,treated,U2OS,,train
8304,U2OS-03_1_B22_s1_22,U2OS-03,1,B22,s1,NIN,treated,U2OS,,train
8305,U2OS-03_1_B22_s1_23,U2OS-03,1,B22,s1,NIN,treated,U2OS,,train
8306,U2OS-03_1_B22_s1_24,U2OS-03,1,B22,s1,NIN,treated,U2OS,,train
8307,U2OS-03_1_B22_s1_25,U2OS-03,1,B22,s1,NIN,treated,U2OS,,train
8308,U2OS-03_1_B22_s1_26,U2OS-03,1,B22,s1,NIN,treated,U2OS,,train
8309,U2OS-03_1_B22_s1_29,U2OS-03,1,B22,s1,NIN,treated,U2OS,,train
8310,U2OS-03_1_B22_s1_30,U2OS-03,1,B22,s1,NIN,treated,U2OS,,train
8311,U2OS-03_1_B22_s1_31,U2OS-03,1,B22,s1,NIN,treated,U2OS,,train
8312,U2OS-03_1_B22_s1_35,U2OS-03,1,B22,s1,NIN,treated,U2OS,,train
8313,U2OS-03_1_B22_s1_36,U2OS-03,1,B22,s1,NIN,treated,U2OS,,train
8314,U2OS-03_1_B22_s1_37,U2OS-03,1,B22,s1,NIN,treated,U2OS,,train
8315,U2OS-03_1_B22_s1_38,U2OS-03,1,B22,s1,NIN,treated,U2OS,,train
8316,U2OS-03_1_B22_s1_39,U2OS-03,1,B22,s1,NIN,treated,U2OS,,train
8317,U2OS-03_1_B22_s1_41,U2OS-03,1,B22,s1,NIN,treated,U2OS,,train
8318,U2OS-03_1_B22_s1_42,U2OS-03,1,B22,s1,NIN,treated,U2OS,,train
8319,U2OS-03_1_B22_s1_45,U2OS-03,1,B22,s1,NIN,treated,U2OS,,train
8320,U2OS-03_1_B22_s1_46,U2OS-03,1,B22,s1,NIN,treated,U2OS,,train
8321,U2OS-03_1_B22_s1_48,U2OS-03,1,B22,s1,NIN,treated,U2OS,,train
8322,U2OS-03_1_B22_s1_49,U2OS-03,1,B22,s1,NIN,treated,U2OS,,train
8323,U2OS-03_1_B22_s1_50,U2OS-03,1,B22,s1,NIN,treated,U2OS,,train
8324,U2OS-03_1_B22_s1_51,U2OS-03,1,B22,s1,NIN,treated,U2OS,,train
8325,U2OS-03_1_B22_s1_52,U2OS-03,1,B22,s1,NIN,treated,U2OS,,train
8326,U2OS-03_1_B22_s1_53,U2OS-03,1,B22,s1,NIN,treated,U2OS,,train
8327,U2OS-03_1_B22_s1_54,U2OS-03,1,B22,s1,NIN,treated,U2OS,,train
8328,U2OS-03_1_B22_s1_56,U2OS-03,1,B22,s1,NIN,treated,U2OS,,train
8329,U2OS-03_1_B22_s1_57,U2OS-03,1,B22,s1,NIN,treated,U2OS,,train
8330,U2OS-03_1_B22_s1_60,U2OS-03,1,B22,s1,NIN,treated,U2OS,,train
8331,U2OS-03_1_B22_s1_61,U2OS-03,1,B22,s1,NIN,treated,U2OS,,train
8332,U2OS-03_1_B22_s1_63,U2OS-03,1,B22,s1,NIN,treated,U2OS,,train
8333,U2OS-03_1_B22_s1_65,U2OS-03,1,B22,s1,NIN,treated,U2OS,,train
8334,U2OS-03_1_B22_s1_66,U2OS-03,1,B22,s1,NIN,treated,U2OS,,train
8335,U2OS-03_1_B22_s1_68,U2OS-03,1,B22,s1,NIN,treated,U2OS,,train
8336,U2OS-03_1_B22_s1_69,U2OS-03,1,B22,s1,NIN,treated,U2OS,,train
8337,U2OS-03_1_B22_s1_70,U2OS-03,1,B22,s1,NIN,treated,U2OS,,train
8338,U2OS-03_1_C10_s1_10,U2OS-03,1,C10,s1,SOCS7,treated,U2OS,,train
8339,U2OS-03_1_C10_s1_12,U2OS-03,1,C10,s1,SOCS7,treated,U2OS,,train
8340,U2OS-03_1_C10_s1_15,U2OS-03,1,C10,s1,SOCS7,treated,U2OS,,train
8341,U2OS-03_1_C10_s1_18,U2OS-03,1,C10,s1,SOCS7,treated,U2OS,,train
8342,U2OS-03_1_C10_s1_21,U2OS-03,1,C10,s1,SOCS7,treated,U2OS,,train
8343,U2OS-03_1_C10_s1_22,U2OS-03,1,C10,s1,SOCS7,treated,U2OS,,train
8344,U2OS-03_1_C10_s1_23,U2OS-03,1,C10,s1,SOCS7,treated,U2OS,,train
8345,U2OS-03_1_C10_s1_27,U2OS-03,1,C10,s1,SOCS7,treated,U2OS,,train
8346,U2OS-03_1_C10_s1_28,U2OS-03,1,C10,s1,SOCS7,treated,U2OS,,train
8347,U2OS-03_1_C10_s1_29,U2OS-03,1,C10,s1,SOCS7,treated,U2OS,,train
8348,U2OS-03_1_C10_s1_30,U2OS-03,1,C10,s1,SOCS7,treated,U2OS,,train
8349,U2OS-03_1_C10_s1_31,U2OS-03,1,C10,s1,SOCS7,treated,U2OS,,train
8350,U2OS-03_1_C10_s1_32,U2OS-03,1,C10,s1,SOCS7,treated,U2OS,,train
8351,U2OS-03_1_C10_s1_35,U2OS-03,1,C10,s1,SOCS7,treated,U2OS,,train
8352,U2OS-03_1_C10_s1_39,U2OS-03,1,C10,s1,SOCS7,treated,U2OS,,train
8353,U2OS-03_1_C10_s1_40,U2OS-03,1,C10,s1,SOCS7,treated,U2OS,,train
8354,U2OS-03_1_C10_s1_41,U2OS-03,1,C10,s1,SOCS7,treated,U2OS,,train
8355,U2OS-03_1_C10_s1_42,U2OS-03,1,C10,s1,SOCS7,treated,U2OS,,train
8356,U2OS-03_1_C10_s1_43,U2OS-03,1,C10,s1,SOCS7,treated,U2OS,,train
8357,U2OS-03_1_C10_s1_46,U2OS-03,1,C10,s1,SOCS7,treated,U2OS,,train
8358,U2OS-03_1_C10_s1_47,U2OS-03,1,C10,s1,SOCS7,treated,U2OS,,train
8359,U2OS-03_1_C10_s1_49,U2OS-03,1,C10,s1,SOCS7,treated,U2OS,,train
8360,U2OS-03_1_C10_s1_50,U2OS-03,1,C10,s1,SOCS7,treated,U2OS,,train
8361,U2OS-03_1_C10_s1_51,U2OS-03,1,C10,s1,SOCS7,treated,U2OS,,train
8362,U2OS-03_1_C10_s1_52,U2OS-03,1,C10,s1,SOCS7,treated,U2OS,,train
8363,U2OS-03_1_C10_s1_55,U2OS-03,1,C10,s1,SOCS7,treated,U2OS,,train
8364,U2OS-03_1_C10_s1_57,U2OS-03,1,C10,s1,SOCS7,treated,U2OS,,train
8365,U2OS-03_1_C10_s1_58,U2OS-03,1,C10,s1,SOCS7,treated,U2OS,,train
8366,U2OS-03_1_C10_s1_59,U2OS-03,1,C10,s1,SOCS7,treated,U2OS,,train
8367,U2OS-03_1_C10_s1_61,U2OS-03,1,C10,s1,SOCS7,treated,U2OS,,train
8368,U2OS-03_1_C10_s1_63,U2OS-03,1,C10,s1,SOCS7,treated,U2OS,,train
8369,U2OS-03_1_C10_s1_64,U2OS-03,1,C10,s1,SOCS7,treated,U2OS,,train
8370,U2OS-03_1_C10_s1_66,U2OS-03,1,C10,s1,SOCS7,treated,U2OS,,train
8371,U2OS-03_1_C10_s1_67,U2OS-03,1,C10,s1,SOCS7,treated,U2OS,,train
8372,U2OS-03_1_C10_s1_68,U2OS-03,1,C10,s1,SOCS7,treated,U2OS,,train
8373,U2OS-03_1_C10_s1_70,U2OS-03,1,C10,s1,SOCS7,treated,U2OS,,train
8374,U2OS-03_1_C10_s1_72,U2OS-03,1,C10,s1,SOCS7,treated,U2OS,,train
8375,U2OS-03_1_C10_s1_77,U2OS-03,1,C10,s1,SOCS7,treated,U2OS,,train
8376,U2OS-03_1_C10_s1_79,U2OS-03,1,C10,s1,SOCS7,treated,U2OS,,train
8377,U2OS-03_1_C10_s1_83,U2OS-03,1,C10,s1,SOCS7,treated,U2OS,,train
8378,U2OS-03_1_C12_s1_8,U2OS-03,1,C12,s1,POLK,treated,U2OS,,train
8379,U2OS-03_1_C12_s1_15,U2OS-03,1,C12,s1,POLK,treated,U2OS,,train
8380,U2OS-03_1_C12_s1_16,U2OS-03,1,C12,s1,POLK,treated,U2OS,,train
8381,U2OS-03_1_C12_s1_20,U2OS-03,1,C12,s1,POLK,treated,U2OS,,train
8382,U2OS-03_1_C12_s1_22,U2OS-03,1,C12,s1,POLK,treated,U2OS,,train
8383,U2OS-03_1_C12_s1_23,U2OS-03,1,C12,s1,POLK,treated,U2OS,,train
8384,U2OS-03_1_C12_s1_25,U2OS-03,1,C12,s1,POLK,treated,U2OS,,train
8385,U2OS-03_1_C12_s1_26,U2OS-03,1,C12,s1,POLK,treated,U2OS,,train
8386,U2OS-03_1_C12_s1_27,U2OS-03,1,C12,s1,POLK,treated,U2OS,,train
8387,U2OS-03_1_C12_s1_29,U2OS-03,1,C12,s1,POLK,treated,U2OS,,train
8388,U2OS-03_1_C12_s1_31,U2OS-03,1,C12,s1,POLK,treated,U2OS,,train
8389,U2OS-03_1_C12_s1_32,U2OS-03,1,C12,s1,POLK,treated,U2OS,,train
8390,U2OS-03_1_C12_s1_33,U2OS-03,1,C12,s1,POLK,treated,U2OS,,train
8391,U2OS-03_1_C12_s1_34,U2OS-03,1,C12,s1,POLK,treated,U2OS,,train
8392,U2OS-03_1_C12_s1_41,U2OS-03,1,C12,s1,POLK,treated,U2OS,,train
8393,U2OS-03_1_C12_s1_42,U2OS-03,1,C12,s1,POLK,treated,U2OS,,train
8394,U2OS-03_1_C12_s1_43,U2OS-03,1,C12,s1,POLK,treated,U2OS,,train
8395,U2OS-03_1_C12_s1_44,U2OS-03,1,C12,s1,POLK,treated,U2OS,,train
8396,U2OS-03_1_C12_s1_45,U2OS-03,1,C12,s1,POLK,treated,U2OS,,train
8397,U2OS-03_1_C12_s1_46,U2OS-03,1,C12,s1,POLK,treated,U2OS,,train
8398,U2OS-03_1_C12_s1_47,U2OS-03,1,C12,s1,POLK,treated,U2OS,,train
8399,U2OS-03_1_C12_s1_49,U2OS-03,1,C12,s1,POLK,treated,U2OS,,train
8400,U2OS-03_1_C12_s1_50,U2OS-03,1,C12,s1,POLK,treated,U2OS,,train
8401,U2OS-03_1_C12_s1_52,U2OS-03,1,C12,s1,POLK,treated,U2OS,,train
8402,U2OS-03_1_C12_s1_53,U2OS-03,1,C12,s1,POLK,treated,U2OS,,train
8403,U2OS-03_1_C12_s1_54,U2OS-03,1,C12,s1,POLK,treated,U2OS,,train
8404,U2OS-03_1_C12_s1_57,U2OS-03,1,C12,s1,POLK,treated,U2OS,,train
8405,U2OS-03_1_C12_s1_58,U2OS-03,1,C12,s1,POLK,treated,U2OS,,train
8406,U2OS-03_1_C12_s1_59,U2OS-03,1,C12,s1,POLK,treated,U2OS,,train
8407,U2OS-03_1_C12_s1_60,U2OS-03,1,C12,s1,POLK,treated,U2OS,,train
8408,U2OS-03_1_C12_s1_62,U2OS-03,1,C12,s1,POLK,treated,U2OS,,train
8409,U2OS-03_1_C12_s1_63,U2OS-03,1,C12,s1,POLK,treated,U2OS,,train
8410,U2OS-03_1_C12_s1_66,U2OS-03,1,C12,s1,POLK,treated,U2OS,,train
8411,U2OS-03_1_C12_s1_67,U2OS-03,1,C12,s1,POLK,treated,U2OS,,train
8412,U2OS-03_1_C12_s1_68,U2OS-03,1,C12,s1,POLK,treated,U2OS,,train
8413,U2OS-03_1_C12_s1_70,U2OS-03,1,C12,s1,POLK,treated,U2OS,,train
8414,U2OS-03_1_C12_s1_71,U2OS-03,1,C12,s1,POLK,treated,U2OS,,train
8415,U2OS-03_1_C12_s1_74,U2OS-03,1,C12,s1,POLK,treated,U2OS,,train
8416,U2OS-03_1_C12_s1_75,U2OS-03,1,C12,s1,POLK,treated,U2OS,,train
8417,U2OS-03_1_C12_s1_76,U2OS-03,1,C12,s1,POLK,treated,U2OS,,train
8418,U2OS-03_1_D03_s1_9,U2OS-03,1,D03,s1,PRKAG3,treated,U2OS,,train
8419,U2OS-03_1_D03_s1_12,U2OS-03,1,D03,s1,PRKAG3,treated,U2OS,,train
8420,U2OS-03_1_D03_s1_14,U2OS-03,1,D03,s1,PRKAG3,treated,U2OS,,train
8421,U2OS-03_1_D03_s1_17,U2OS-03,1,D03,s1,PRKAG3,treated,U2OS,,train
8422,U2OS-03_1_D03_s1_20,U2OS-03,1,D03,s1,PRKAG3,treated,U2OS,,train
8423,U2OS-03_1_D03_s1_21,U2OS-03,1,D03,s1,PRKAG3,treated,U2OS,,train
8424,U2OS-03_1_D03_s1_23,U2OS-03,1,D03,s1,PRKAG3,treated,U2OS,,train
8425,U2OS-03_1_D03_s1_24,U2OS-03,1,D03,s1,PRKAG3,treated,U2OS,,train
8426,U2OS-03_1_D03_s1_25,U2OS-03,1,D03,s1,PRKAG3,treated,U2OS,,train
8427,U2OS-03_1_D03_s1_26,U2OS-03,1,D03,s1,PRKAG3,treated,U2OS,,train
8428,U2OS-03_1_D03_s1_27,U2OS-03,1,D03,s1,PRKAG3,treated,U2OS,,train
8429,U2OS-03_1_D03_s1_28,U2OS-03,1,D03,s1,PRKAG3,treated,U2OS,,train
8430,U2OS-03_1_D03_s1_29,U2OS-03,1,D03,s1,PRKAG3,treated,U2OS,,train
8431,U2OS-03_1_D03_s1_31,U2OS-03,1,D03,s1,PRKAG3,treated,U2OS,,train
8432,U2OS-03_1_D03_s1_38,U2OS-03,1,D03,s1,PRKAG3,treated,U2OS,,train
8433,U2OS-03_1_D03_s1_40,U2OS-03,1,D03,s1,PRKAG3,treated,U2OS,,train
8434,U2OS-03_1_D03_s1_41,U2OS-03,1,D03,s1,PRKAG3,treated,U2OS,,train
8435,U2OS-03_1_D03_s1_42,U2OS-03,1,D03,s1,PRKAG3,treated,U2OS,,train
8436,U2OS-03_1_D03_s1_43,U2OS-03,1,D03,s1,PRKAG3,treated,U2OS,,train
8437,U2OS-03_1_D03_s1_44,U2OS-03,1,D03,s1,PRKAG3,treated,U2OS,,train
8438,U2OS-03_1_D03_s1_45,U2OS-03,1,D03,s1,PRKAG3,treated,U2OS,,train
8439,U2OS-03_1_D03_s1_47,U2OS-03,1,D03,s1,PRKAG3,treated,U2OS,,train
8440,U2OS-03_1_D03_s1_48,U2OS-03,1,D03,s1,PRKAG3,treated,U2OS,,train
8441,U2OS-03_1_D03_s1_50,U2OS-03,1,D03,s1,PRKAG3,treated,U2OS,,train
8442,U2OS-03_1_D03_s1_51,U2OS-03,1,D03,s1,PRKAG3,treated,U2OS,,train
8443,U2OS-03_1_D03_s1_53,U2OS-03,1,D03,s1,PRKAG3,treated,U2OS,,train
8444,U2OS-03_1_D03_s1_54,U2OS-03,1,D03,s1,PRKAG3,treated,U2OS,,train
8445,U2OS-03_1_D03_s1_55,U2OS-03,1,D03,s1,PRKAG3,treated,U2OS,,train
8446,U2OS-03_1_D03_s1_56,U2OS-03,1,D03,s1,PRKAG3,treated,U2OS,,train
8447,U2OS-03_1_D03_s1_57,U2OS-03,1,D03,s1,PRKAG3,treated,U2OS,,train
8448,U2OS-03_1_D03_s1_61,U2OS-03,1,D03,s1,PRKAG3,treated,U2OS,,train
8449,U2OS-03_1_D03_s1_62,U2OS-03,1,D03,s1,PRKAG3,treated,U2OS,,train
8450,U2OS-03_1_D03_s1_64,U2OS-03,1,D03,s1,PRKAG3,treated,U2OS,,train
8451,U2OS-03_1_D03_s1_65,U2OS-03,1,D03,s1,PRKAG3,treated,U2OS,,train
8452,U2OS-03_1_D03_s1_66,U2OS-03,1,D03,s1,PRKAG3,treated,U2OS,,train
8453,U2OS-03_1_D03_s1_69,U2OS-03,1,D03,s1,PRKAG3,treated,U2OS,,train
8454,U2OS-03_1_D03_s1_71,U2OS-03,1,D03,s1,PRKAG3,treated,U2OS,,train
8455,U2OS-03_1_D03_s1_73,U2OS-03,1,D03,s1,PRKAG3,treated,U2OS,,train
8456,U2OS-03_1_D03_s1_74,U2OS-03,1,D03,s1,PRKAG3,treated,U2OS,,train
8457,U2OS-03_1_D03_s1_75,U2OS-03,1,D03,s1,PRKAG3,treated,U2OS,,train
8458,U2OS-03_1_D06_s1_14,U2OS-03,1,D06,s1,RAB9B,treated,U2OS,,train
8459,U2OS-03_1_D06_s1_16,U2OS-03,1,D06,s1,RAB9B,treated,U2OS,,train
8460,U2OS-03_1_D06_s1_18,U2OS-03,1,D06,s1,RAB9B,treated,U2OS,,train
8461,U2OS-03_1_D06_s1_20,U2OS-03,1,D06,s1,RAB9B,treated,U2OS,,train
8462,U2OS-03_1_D06_s1_22,U2OS-03,1,D06,s1,RAB9B,treated,U2OS,,train
8463,U2OS-03_1_D06_s1_23,U2OS-03,1,D06,s1,RAB9B,treated,U2OS,,train
8464,U2OS-03_1_D06_s1_24,U2OS-03,1,D06,s1,RAB9B,treated,U2OS,,train
8465,U2OS-03_1_D06_s1_25,U2OS-03,1,D06,s1,RAB9B,treated,U2OS,,train
8466,U2OS-03_1_D06_s1_26,U2OS-03,1,D06,s1,RAB9B,treated,U2OS,,train
8467,U2OS-03_1_D06_s1_28,U2OS-03,1,D06,s1,RAB9B,treated,U2OS,,train
8468,U2OS-03_1_D06_s1_29,U2OS-03,1,D06,s1,RAB9B,treated,U2OS,,train
8469,U2OS-03_1_D06_s1_30,U2OS-03,1,D06,s1,RAB9B,treated,U2OS,,train
8470,U2OS-03_1_D06_s1_31,U2OS-03,1,D06,s1,RAB9B,treated,U2OS,,train
8471,U2OS-03_1_D06_s1_32,U2OS-03,1,D06,s1,RAB9B,treated,U2OS,,train
8472,U2OS-03_1_D06_s1_39,U2OS-03,1,D06,s1,RAB9B,treated,U2OS,,train
8473,U2OS-03_1_D06_s1_40,U2OS-03,1,D06,s1,RAB9B,treated,U2OS,,train
8474,U2OS-03_1_D06_s1_41,U2OS-03,1,D06,s1,RAB9B,treated,U2OS,,train
8475,U2OS-03_1_D06_s1_42,U2OS-03,1,D06,s1,RAB9B,treated,U2OS,,train
8476,U2OS-03_1_D06_s1_43,U2OS-03,1,D06,s1,RAB9B,treated,U2OS,,train
8477,U2OS-03_1_D06_s1_44,U2OS-03,1,D06,s1,RAB9B,treated,U2OS,,train
8478,U2OS-03_1_D06_s1_45,U2OS-03,1,D06,s1,RAB9B,treated,U2OS,,train
8479,U2OS-03_1_D06_s1_48,U2OS-03,1,D06,s1,RAB9B,treated,U2OS,,train
8480,U2OS-03_1_D06_s1_49,U2OS-03,1,D06,s1,RAB9B,treated,U2OS,,train
8481,U2OS-03_1_D06_s1_50,U2OS-03,1,D06,s1,RAB9B,treated,U2OS,,train
8482,U2OS-03_1_D06_s1_51,U2OS-03,1,D06,s1,RAB9B,treated,U2OS,,train
8483,U2OS-03_1_D06_s1_52,U2OS-03,1,D06,s1,RAB9B,treated,U2OS,,train
8484,U2OS-03_1_D06_s1_53,U2OS-03,1,D06,s1,RAB9B,treated,U2OS,,train
8485,U2OS-03_1_D06_s1_55,U2OS-03,1,D06,s1,RAB9B,treated,U2OS,,train
8486,U2OS-03_1_D06_s1_57,U2OS-03,1,D06,s1,RAB9B,treated,U2OS,,train
8487,U2OS-03_1_D06_s1_58,U2OS-03,1,D06,s1,RAB9B,treated,U2OS,,train
8488,U2OS-03_1_D06_s1_61,U2OS-03,1,D06,s1,RAB9B,treated,U2OS,,train
8489,U2OS-03_1_D06_s1_63,U2OS-03,1,D06,s1,RAB9B,treated,U2OS,,train
8490,U2OS-03_1_D06_s1_66,U2OS-03,1,D06,s1,RAB9B,treated,U2OS,,train
8491,U2OS-03_1_D06_s1_67,U2OS-03,1,D06,s1,RAB9B,treated,U2OS,,train
8492,U2OS-03_1_D06_s1_70,U2OS-03,1,D06,s1,RAB9B,treated,U2OS,,train
8493,U2OS-03_1_D06_s1_72,U2OS-03,1,D06,s1,RAB9B,treated,U2OS,,train
8494,U2OS-03_1_D06_s1_73,U2OS-03,1,D06,s1,RAB9B,treated,U2OS,,train
8495,U2OS-03_1_D06_s1_75,U2OS-03,1,D06,s1,RAB9B,treated,U2OS,,train
8496,U2OS-03_1_D06_s1_77,U2OS-03,1,D06,s1,RAB9B,treated,U2OS,,train
8497,U2OS-03_1_D06_s1_78,U2OS-03,1,D06,s1,RAB9B,treated,U2OS,,train
8498,U2OS-03_1_D20_s1_14,U2OS-03,1,D20,s1,DERA,treated,U2OS,,train
8499,U2OS-03_1_D20_s1_15,U2OS-03,1,D20,s1,DERA,treated,U2OS,,train
8500,U2OS-03_1_D20_s1_17,U2OS-03,1,D20,s1,DERA,treated,U2OS,,train
8501,U2OS-03_1_D20_s1_19,U2OS-03,1,D20,s1,DERA,treated,U2OS,,train
8502,U2OS-03_1_D20_s1_23,U2OS-03,1,D20,s1,DERA,treated,U2OS,,train
8503,U2OS-03_1_D20_s1_24,U2OS-03,1,D20,s1,DERA,treated,U2OS,,train
8504,U2OS-03_1_D20_s1_25,U2OS-03,1,D20,s1,DERA,treated,U2OS,,train
8505,U2OS-03_1_D20_s1_26,U2OS-03,1,D20,s1,DERA,treated,U2OS,,train
8506,U2OS-03_1_D20_s1_28,U2OS-03,1,D20,s1,DERA,treated,U2OS,,train
8507,U2OS-03_1_D20_s1_29,U2OS-03,1,D20,s1,DERA,treated,U2OS,,train
8508,U2OS-03_1_D20_s1_30,U2OS-03,1,D20,s1,DERA,treated,U2OS,,train
8509,U2OS-03_1_D20_s1_31,U2OS-03,1,D20,s1,DERA,treated,U2OS,,train
8510,U2OS-03_1_D20_s1_32,U2OS-03,1,D20,s1,DERA,treated,U2OS,,train
8511,U2OS-03_1_D20_s1_33,U2OS-03,1,D20,s1,DERA,treated,U2OS,,train
8512,U2OS-03_1_D20_s1_38,U2OS-03,1,D20,s1,DERA,treated,U2OS,,train
8513,U2OS-03_1_D20_s1_39,U2OS-03,1,D20,s1,DERA,treated,U2OS,,train
8514,U2OS-03_1_D20_s1_40,U2OS-03,1,D20,s1,DERA,treated,U2OS,,train
8515,U2OS-03_1_D20_s1_41,U2OS-03,1,D20,s1,DERA,treated,U2OS,,train
8516,U2OS-03_1_D20_s1_42,U2OS-03,1,D20,s1,DERA,treated,U2OS,,train
8517,U2OS-03_1_D20_s1_44,U2OS-03,1,D20,s1,DERA,treated,U2OS,,train
8518,U2OS-03_1_D20_s1_46,U2OS-03,1,D20,s1,DERA,treated,U2OS,,train
8519,U2OS-03_1_D20_s1_48,U2OS-03,1,D20,s1,DERA,treated,U2OS,,train
8520,U2OS-03_1_D20_s1_51,U2OS-03,1,D20,s1,DERA,treated,U2OS,,train
8521,U2OS-03_1_D20_s1_52,U2OS-03,1,D20,s1,DERA,treated,U2OS,,train
8522,U2OS-03_1_D20_s1_53,U2OS-03,1,D20,s1,DERA,treated,U2OS,,train
8523,U2OS-03_1_D20_s1_54,U2OS-03,1,D20,s1,DERA,treated,U2OS,,train
8524,U2OS-03_1_D20_s1_56,U2OS-03,1,D20,s1,DERA,treated,U2OS,,train
8525,U2OS-03_1_D20_s1_58,U2OS-03,1,D20,s1,DERA,treated,U2OS,,train
8526,U2OS-03_1_D20_s1_59,U2OS-03,1,D20,s1,DERA,treated,U2OS,,train
8527,U2OS-03_1_D20_s1_60,U2OS-03,1,D20,s1,DERA,treated,U2OS,,train
8528,U2OS-03_1_D20_s1_63,U2OS-03,1,D20,s1,DERA,treated,U2OS,,train
8529,U2OS-03_1_D20_s1_66,U2OS-03,1,D20,s1,DERA,treated,U2OS,,train
8530,U2OS-03_1_D20_s1_68,U2OS-03,1,D20,s1,DERA,treated,U2OS,,train
8531,U2OS-03_1_D20_s1_69,U2OS-03,1,D20,s1,DERA,treated,U2OS,,train
8532,U2OS-03_1_D20_s1_70,U2OS-03,1,D20,s1,DERA,treated,U2OS,,train
8533,U2OS-03_1_D20_s1_72,U2OS-03,1,D20,s1,DERA,treated,U2OS,,train
8534,U2OS-03_1_D20_s1_73,U2OS-03,1,D20,s1,DERA,treated,U2OS,,train
8535,U2OS-03_1_D20_s1_75,U2OS-03,1,D20,s1,DERA,treated,U2OS,,train
8536,U2OS-03_1_D20_s1_76,U2OS-03,1,D20,s1,DERA,treated,U2OS,,train
8537,U2OS-03_1_D20_s1_77,U2OS-03,1,D20,s1,DERA,treated,U2OS,,train
8538,U2OS-03_1_E15_s1_11,U2OS-03,1,E15,s1,RAB14,treated,U2OS,,train
8539,U2OS-03_1_E15_s1_13,U2OS-03,1,E15,s1,RAB14,treated,U2OS,,train
8540,U2OS-03_1_E15_s1_16,U2OS-03,1,E15,s1,RAB14,treated,U2OS,,train
8541,U2OS-03_1_E15_s1_18,U2OS-03,1,E15,s1,RAB14,treated,U2OS,,train
8542,U2OS-03_1_E15_s1_21,U2OS-03,1,E15,s1,RAB14,treated,U2OS,,train
8543,U2OS-03_1_E15_s1_23,U2OS-03,1,E15,s1,RAB14,treated,U2OS,,train
8544,U2OS-03_1_E15_s1_24,U2OS-03,1,E15,s1,RAB14,treated,U2OS,,train
8545,U2OS-03_1_E15_s1_26,U2OS-03,1,E15,s1,RAB14,treated,U2OS,,train
8546,U2OS-03_1_E15_s1_27,U2OS-03,1,E15,s1,RAB14,treated,U2OS,,train
8547,U2OS-03_1_E15_s1_28,U2OS-03,1,E15,s1,RAB14,treated,U2OS,,train
8548,U2OS-03_1_E15_s1_30,U2OS-03,1,E15,s1,RAB14,treated,U2OS,,train
8549,U2OS-03_1_E15_s1_31,U2OS-03,1,E15,s1,RAB14,treated,U2OS,,train
8550,U2OS-03_1_E15_s1_32,U2OS-03,1,E15,s1,RAB14,treated,U2OS,,train
8551,U2OS-03_1_E15_s1_33,U2OS-03,1,E15,s1,RAB14,treated,U2OS,,train
8552,U2OS-03_1_E15_s1_39,U2OS-03,1,E15,s1,RAB14,treated,U2OS,,train
8553,U2OS-03_1_E15_s1_40,U2OS-03,1,E15,s1,RAB14,treated,U2OS,,train
8554,U2OS-03_1_E15_s1_41,U2OS-03,1,E15,s1,RAB14,treated,U2OS,,train
8555,U2OS-03_1_E15_s1_42,U2OS-03,1,E15,s1,RAB14,treated,U2OS,,train
8556,U2OS-03_1_E15_s1_43,U2OS-03,1,E15,s1,RAB14,treated,U2OS,,train
8557,U2OS-03_1_E15_s1_44,U2OS-03,1,E15,s1,RAB14,treated,U2OS,,train
8558,U2OS-03_1_E15_s1_45,U2OS-03,1,E15,s1,RAB14,treated,U2OS,,train
8559,U2OS-03_1_E15_s1_47,U2OS-03,1,E15,s1,RAB14,treated,U2OS,,train
8560,U2OS-03_1_E15_s1_48,U2OS-03,1,E15,s1,RAB14,treated,U2OS,,train
8561,U2OS-03_1_E15_s1_49,U2OS-03,1,E15,s1,RAB14,treated,U2OS,,train
8562,U2OS-03_1_E15_s1_50,U2OS-03,1,E15,s1,RAB14,treated,U2OS,,train
8563,U2OS-03_1_E15_s1_51,U2OS-03,1,E15,s1,RAB14,treated,U2OS,,train
8564,U2OS-03_1_E15_s1_53,U2OS-03,1,E15,s1,RAB14,treated,U2OS,,train
8565,U2OS-03_1_E15_s1_54,U2OS-03,1,E15,s1,RAB14,treated,U2OS,,train
8566,U2OS-03_1_E15_s1_55,U2OS-03,1,E15,s1,RAB14,treated,U2OS,,train
8567,U2OS-03_1_E15_s1_56,U2OS-03,1,E15,s1,RAB14,treated,U2OS,,train
8568,U2OS-03_1_E15_s1_58,U2OS-03,1,E15,s1,RAB14,treated,U2OS,,train
8569,U2OS-03_1_E15_s1_60,U2OS-03,1,E15,s1,RAB14,treated,U2OS,,train
8570,U2OS-03_1_E15_s1_62,U2OS-03,1,E15,s1,RAB14,treated,U2OS,,train
8571,U2OS-03_1_E15_s1_63,U2OS-03,1,E15,s1,RAB14,treated,U2OS,,train
8572,U2OS-03_1_E15_s1_65,U2OS-03,1,E15,s1,RAB14,treated,U2OS,,train
8573,U2OS-03_1_E15_s1_70,U2OS-03,1,E15,s1,RAB14,treated,U2OS,,train
8574,U2OS-03_1_E15_s1_71,U2OS-03,1,E15,s1,RAB14,treated,U2OS,,train
8575,U2OS-03_1_E15_s1_74,U2OS-03,1,E15,s1,RAB14,treated,U2OS,,train
8576,U2OS-03_1_E15_s1_75,U2OS-03,1,E15,s1,RAB14,treated,U2OS,,train
8577,U2OS-03_1_E15_s1_77,U2OS-03,1,E15,s1,RAB14,treated,U2OS,,train
8578,U2OS-03_1_F04_s1_13,U2OS-03,1,F04,s1,SIRT6,treated,U2OS,,train
8579,U2OS-03_1_F04_s1_16,U2OS-03,1,F04,s1,SIRT6,treated,U2OS,,train
8580,U2OS-03_1_F04_s1_18,U2OS-03,1,F04,s1,SIRT6,treated,U2OS,,train
8581,U2OS-03_1_F04_s1_20,U2OS-03,1,F04,s1,SIRT6,treated,U2OS,,train
8582,U2OS-03_1_F04_s1_23,U2OS-03,1,F04,s1,SIRT6,treated,U2OS,,train
8583,U2OS-03_1_F04_s1_24,U2OS-03,1,F04,s1,SIRT6,treated,U2OS,,train
8584,U2OS-03_1_F04_s1_25,U2OS-03,1,F04,s1,SIRT6,treated,U2OS,,train
8585,U2OS-03_1_F04_s1_26,U2OS-03,1,F04,s1,SIRT6,treated,U2OS,,train
8586,U2OS-03_1_F04_s1_27,U2OS-03,1,F04,s1,SIRT6,treated,U2OS,,train
8587,U2OS-03_1_F04_s1_29,U2OS-03,1,F04,s1,SIRT6,treated,U2OS,,train
8588,U2OS-03_1_F04_s1_30,U2OS-03,1,F04,s1,SIRT6,treated,U2OS,,train
8589,U2OS-03_1_F04_s1_31,U2OS-03,1,F04,s1,SIRT6,treated,U2OS,,train
8590,U2OS-03_1_F04_s1_32,U2OS-03,1,F04,s1,SIRT6,treated,U2OS,,train
8591,U2OS-03_1_F04_s1_34,U2OS-03,1,F04,s1,SIRT6,treated,U2OS,,train
8592,U2OS-03_1_F04_s1_40,U2OS-03,1,F04,s1,SIRT6,treated,U2OS,,train
8593,U2OS-03_1_F04_s1_41,U2OS-03,1,F04,s1,SIRT6,treated,U2OS,,train
8594,U2OS-03_1_F04_s1_42,U2OS-03,1,F04,s1,SIRT6,treated,U2OS,,train
8595,U2OS-03_1_F04_s1_43,U2OS-03,1,F04,s1,SIRT6,treated,U2OS,,train
8596,U2OS-03_1_F04_s1_44,U2OS-03,1,F04,s1,SIRT6,treated,U2OS,,train
8597,U2OS-03_1_F04_s1_45,U2OS-03,1,F04,s1,SIRT6,treated,U2OS,,train
8598,U2OS-03_1_F04_s1_46,U2OS-03,1,F04,s1,SIRT6,treated,U2OS,,train
8599,U2OS-03_1_F04_s1_48,U2OS-03,1,F04,s1,SIRT6,treated,U2OS,,train
8600,U2OS-03_1_F04_s1_49,U2OS-03,1,F04,s1,SIRT6,treated,U2OS,,train
8601,U2OS-03_1_F04_s1_50,U2OS-03,1,F04,s1,SIRT6,treated,U2OS,,train
8602,U2OS-03_1_F04_s1_52,U2OS-03,1,F04,s1,SIRT6,treated,U2OS,,train
8603,U2OS-03_1_F04_s1_55,U2OS-03,1,F04,s1,SIRT6,treated,U2OS,,train
8604,U2OS-03_1_F04_s1_56,U2OS-03,1,F04,s1,SIRT6,treated,U2OS,,train
8605,U2OS-03_1_F04_s1_57,U2OS-03,1,F04,s1,SIRT6,treated,U2OS,,train
8606,U2OS-03_1_F04_s1_59,U2OS-03,1,F04,s1,SIRT6,treated,U2OS,,train
8607,U2OS-03_1_F04_s1_60,U2OS-03,1,F04,s1,SIRT6,treated,U2OS,,train
8608,U2OS-03_1_F04_s1_63,U2OS-03,1,F04,s1,SIRT6,treated,U2OS,,train
8609,U2OS-03_1_F04_s1_64,U2OS-03,1,F04,s1,SIRT6,treated,U2OS,,train
8610,U2OS-03_1_F04_s1_67,U2OS-03,1,F04,s1,SIRT6,treated,U2OS,,train
8611,U2OS-03_1_F04_s1_68,U2OS-03,1,F04,s1,SIRT6,treated,U2OS,,train
8612,U2OS-03_1_F04_s1_70,U2OS-03,1,F04,s1,SIRT6,treated,U2OS,,train
8613,U2OS-03_1_F04_s1_72,U2OS-03,1,F04,s1,SIRT6,treated,U2OS,,train
8614,U2OS-03_1_F04_s1_73,U2OS-03,1,F04,s1,SIRT6,treated,U2OS,,train
8615,U2OS-03_1_F04_s1_75,U2OS-03,1,F04,s1,SIRT6,treated,U2OS,,train
8616,U2OS-03_1_F04_s1_76,U2OS-03,1,F04,s1,SIRT6,treated,U2OS,,train
8617,U2OS-03_1_F04_s1_77,U2OS-03,1,F04,s1,SIRT6,treated,U2OS,,train
8618,U2OS-03_1_F21_s1_6,U2OS-03,1,F21,s1,DUOX2,treated,U2OS,,train
8619,U2OS-03_1_F21_s1_7,U2OS-03,1,F21,s1,DUOX2,treated,U2OS,,train
8620,U2OS-03_1_F21_s1_8,U2OS-03,1,F21,s1,DUOX2,treated,U2OS,,train
8621,U2OS-03_1_F21_s1_10,U2OS-03,1,F21,s1,DUOX2,treated,U2OS,,train
8622,U2OS-03_1_F21_s1_12,U2OS-03,1,F21,s1,DUOX2,treated,U2OS,,train
8623,U2OS-03_1_F21_s1_14,U2OS-03,1,F21,s1,DUOX2,treated,U2OS,,train
8624,U2OS-03_1_F21_s1_15,U2OS-03,1,F21,s1,DUOX2,treated,U2OS,,train
8625,U2OS-03_1_F21_s1_16,U2OS-03,1,F21,s1,DUOX2,treated,U2OS,,train
8626,U2OS-03_1_F21_s1_17,U2OS-03,1,F21,s1,DUOX2,treated,U2OS,,train
8627,U2OS-03_1_F21_s1_19,U2OS-03,1,F21,s1,DUOX2,treated,U2OS,,train
8628,U2OS-03_1_F21_s1_20,U2OS-03,1,F21,s1,DUOX2,treated,U2OS,,train
8629,U2OS-03_1_F21_s1_21,U2OS-03,1,F21,s1,DUOX2,treated,U2OS,,train
8630,U2OS-03_1_F21_s1_22,U2OS-03,1,F21,s1,DUOX2,treated,U2OS,,train
8631,U2OS-03_1_F21_s1_23,U2OS-03,1,F21,s1,DUOX2,treated,U2OS,,train
8632,U2OS-03_1_F21_s1_27,U2OS-03,1,F21,s1,DUOX2,treated,U2OS,,train
8633,U2OS-03_1_F21_s1_28,U2OS-03,1,F21,s1,DUOX2,treated,U2OS,,train
8634,U2OS-03_1_F21_s1_29,U2OS-03,1,F21,s1,DUOX2,treated,U2OS,,train
8635,U2OS-03_1_F21_s1_30,U2OS-03,1,F21,s1,DUOX2,treated,U2OS,,train
8636,U2OS-03_1_F21_s1_31,U2OS-03,1,F21,s1,DUOX2,treated,U2OS,,train
8637,U2OS-03_1_F21_s1_32,U2OS-03,1,F21,s1,DUOX2,treated,U2OS,,train
8638,U2OS-03_1_F21_s1_33,U2OS-03,1,F21,s1,DUOX2,treated,U2OS,,train
8639,U2OS-03_1_F21_s1_35,U2OS-03,1,F21,s1,DUOX2,treated,U2OS,,train
8640,U2OS-03_1_F21_s1_36,U2OS-03,1,F21,s1,DUOX2,treated,U2OS,,train
8641,U2OS-03_1_F21_s1_37,U2OS-03,1,F21,s1,DUOX2,treated,U2OS,,train
8642,U2OS-03_1_F21_s1_38,U2OS-03,1,F21,s1,DUOX2,treated,U2OS,,train
8643,U2OS-03_1_F21_s2_3,U2OS-03,1,F21,s2,DUOX2,treated,U2OS,,train
8644,U2OS-03_1_F21_s2_4,U2OS-03,1,F21,s2,DUOX2,treated,U2OS,,train
8645,U2OS-03_1_F21_s2_5,U2OS-03,1,F21,s2,DUOX2,treated,U2OS,,train
8646,U2OS-03_1_F21_s2_6,U2OS-03,1,F21,s2,DUOX2,treated,U2OS,,train
8647,U2OS-03_1_F21_s2_7,U2OS-03,1,F21,s2,DUOX2,treated,U2OS,,train
8648,U2OS-03_1_F21_s2_9,U2OS-03,1,F21,s2,DUOX2,treated,U2OS,,train
8649,U2OS-03_1_F21_s2_10,U2OS-03,1,F21,s2,DUOX2,treated,U2OS,,train
8650,U2OS-03_1_F21_s2_13,U2OS-03,1,F21,s2,DUOX2,treated,U2OS,,train
8651,U2OS-03_1_F21_s2_14,U2OS-03,1,F21,s2,DUOX2,treated,U2OS,,train
8652,U2OS-03_1_F21_s2_16,U2OS-03,1,F21,s2,DUOX2,treated,U2OS,,train
8653,U2OS-03_1_F21_s2_18,U2OS-03,1,F21,s2,DUOX2,treated,U2OS,,train
8654,U2OS-03_1_F21_s2_19,U2OS-03,1,F21,s2,DUOX2,treated,U2OS,,train
8655,U2OS-03_1_F21_s2_21,U2OS-03,1,F21,s2,DUOX2,treated,U2OS,,train
8656,U2OS-03_1_F21_s2_22,U2OS-03,1,F21,s2,DUOX2,treated,U2OS,,train
8657,U2OS-03_1_F21_s2_23,U2OS-03,1,F21,s2,DUOX2,treated,U2OS,,train
8658,U2OS-03_1_G17_s1_13,U2OS-03,1,G17,s1,TCEB3B,treated,U2OS,,train
8659,U2OS-03_1_G17_s1_14,U2OS-03,1,G17,s1,TCEB3B,treated,U2OS,,train
8660,U2OS-03_1_G17_s1_15,U2OS-03,1,G17,s1,TCEB3B,treated,U2OS,,train
8661,U2OS-03_1_G17_s1_17,U2OS-03,1,G17,s1,TCEB3B,treated,U2OS,,train
8662,U2OS-03_1_G17_s1_19,U2OS-03,1,G17,s1,TCEB3B,treated,U2OS,,train
8663,U2OS-03_1_G17_s1_20,U2OS-03,1,G17,s1,TCEB3B,treated,U2OS,,train
8664,U2OS-03_1_G17_s1_21,U2OS-03,1,G17,s1,TCEB3B,treated,U2OS,,train
8665,U2OS-03_1_G17_s1_23,U2OS-03,1,G17,s1,TCEB3B,treated,U2OS,,train
8666,U2OS-03_1_G17_s1_24,U2OS-03,1,G17,s1,TCEB3B,treated,U2OS,,train
8667,U2OS-03_1_G17_s1_25,U2OS-03,1,G17,s1,TCEB3B,treated,U2OS,,train
8668,U2OS-03_1_G17_s1_26,U2OS-03,1,G17,s1,TCEB3B,treated,U2OS,,train
8669,U2OS-03_1_G17_s1_28,U2OS-03,1,G17,s1,TCEB3B,treated,U2OS,,train
8670,U2OS-03_1_G17_s1_29,U2OS-03,1,G17,s1,TCEB3B,treated,U2OS,,train
8671,U2OS-03_1_G17_s1_30,U2OS-03,1,G17,s1,TCEB3B,treated,U2OS,,train
8672,U2OS-03_1_G17_s1_37,U2OS-03,1,G17,s1,TCEB3B,treated,U2OS,,train
8673,U2OS-03_1_G17_s1_38,U2OS-03,1,G17,s1,TCEB3B,treated,U2OS,,train
8674,U2OS-03_1_G17_s1_39,U2OS-03,1,G17,s1,TCEB3B,treated,U2OS,,train
8675,U2OS-03_1_G17_s1_40,U2OS-03,1,G17,s1,TCEB3B,treated,U2OS,,train
8676,U2OS-03_1_G17_s1_41,U2OS-03,1,G17,s1,TCEB3B,treated,U2OS,,train
8677,U2OS-03_1_G17_s1_44,U2OS-03,1,G17,s1,TCEB3B,treated,U2OS,,train
8678,U2OS-03_1_G17_s1_45,U2OS-03,1,G17,s1,TCEB3B,treated,U2OS,,train
8679,U2OS-03_1_G17_s1_48,U2OS-03,1,G17,s1,TCEB3B,treated,U2OS,,train
8680,U2OS-03_1_G17_s1_49,U2OS-03,1,G17,s1,TCEB3B,treated,U2OS,,train
8681,U2OS-03_1_G17_s1_50,U2OS-03,1,G17,s1,TCEB3B,treated,U2OS,,train
8682,U2OS-03_1_G17_s1_51,U2OS-03,1,G17,s1,TCEB3B,treated,U2OS,,train
8683,U2OS-03_1_G17_s1_52,U2OS-03,1,G17,s1,TCEB3B,treated,U2OS,,train
8684,U2OS-03_1_G17_s1_54,U2OS-03,1,G17,s1,TCEB3B,treated,U2OS,,train
8685,U2OS-03_1_G17_s1_55,U2OS-03,1,G17,s1,TCEB3B,treated,U2OS,,train
8686,U2OS-03_1_G17_s1_56,U2OS-03,1,G17,s1,TCEB3B,treated,U2OS,,train
8687,U2OS-03_1_G17_s1_57,U2OS-03,1,G17,s1,TCEB3B,treated,U2OS,,train
8688,U2OS-03_1_G17_s1_59,U2OS-03,1,G17,s1,TCEB3B,treated,U2OS,,train
8689,U2OS-03_1_G17_s1_61,U2OS-03,1,G17,s1,TCEB3B,treated,U2OS,,train
8690,U2OS-03_1_G17_s1_63,U2OS-03,1,G17,s1,TCEB3B,treated,U2OS,,train
8691,U2OS-03_1_G17_s1_64,U2OS-03,1,G17,s1,TCEB3B,treated,U2OS,,train
8692,U2OS-03_1_G17_s1_68,U2OS-03,1,G17,s1,TCEB3B,treated,U2OS,,train
8693,U2OS-03_1_G17_s1_70,U2OS-03,1,G17,s1,TCEB3B,treated,U2OS,,train
8694,U2OS-03_1_G17_s1_71,U2OS-03,1,G17,s1,TCEB3B,treated,U2OS,,train
8695,U2OS-03_1_G17_s1_74,U2OS-03,1,G17,s1,TCEB3B,treated,U2OS,,train
8696,U2OS-03_1_G17_s1_75,U2OS-03,1,G17,s1,TCEB3B,treated,U2OS,,train
8697,U2OS-03_1_G17_s1_77,U2OS-03,1,G17,s1,TCEB3B,treated,U2OS,,train
8698,U2OS-03_1_H09_s1_12,U2OS-03,1,H09,s1,PELO,treated,U2OS,,train
8699,U2OS-03_1_H09_s1_13,U2OS-03,1,H09,s1,PELO,treated,U2OS,,train
8700,U2OS-03_1_H09_s1_17,U2OS-03,1,H09,s1,PELO,treated,U2OS,,train
8701,U2OS-03_1_H09_s1_19,U2OS-03,1,H09,s1,PELO,treated,U2OS,,train
8702,U2OS-03_1_H09_s1_21,U2OS-03,1,H09,s1,PELO,treated,U2OS,,train
8703,U2OS-03_1_H09_s1_23,U2OS-03,1,H09,s1,PELO,treated,U2OS,,train
8704,U2OS-03_1_H09_s1_25,U2OS-03,1,H09,s1,PELO,treated,U2OS,,train
8705,U2OS-03_1_H09_s1_27,U2OS-03,1,H09,s1,PELO,treated,U2OS,,train
8706,U2OS-03_1_H09_s1_28,U2OS-03,1,H09,s1,PELO,treated,U2OS,,train
8707,U2OS-03_1_H09_s1_29,U2OS-03,1,H09,s1,PELO,treated,U2OS,,train
8708,U2OS-03_1_H09_s1_30,U2OS-03,1,H09,s1,PELO,treated,U2OS,,train
8709,U2OS-03_1_H09_s1_31,U2OS-03,1,H09,s1,PELO,treated,U2OS,,train
8710,U2OS-03_1_H09_s1_33,U2OS-03,1,H09,s1,PELO,treated,U2OS,,train
8711,U2OS-03_1_H09_s1_34,U2OS-03,1,H09,s1,PELO,treated,U2OS,,train
8712,U2OS-03_1_H09_s1_38,U2OS-03,1,H09,s1,PELO,treated,U2OS,,train
8713,U2OS-03_1_H09_s1_39,U2OS-03,1,H09,s1,PELO,treated,U2OS,,train
8714,U2OS-03_1_H09_s1_40,U2OS-03,1,H09,s1,PELO,treated,U2OS,,train
8715,U2OS-03_1_H09_s1_41,U2OS-03,1,H09,s1,PELO,treated,U2OS,,train
8716,U2OS-03_1_H09_s1_44,U2OS-03,1,H09,s1,PELO,treated,U2OS,,train
8717,U2OS-03_1_H09_s1_45,U2OS-03,1,H09,s1,PELO,treated,U2OS,,train
8718,U2OS-03_1_H09_s1_46,U2OS-03,1,H09,s1,PELO,treated,U2OS,,train
8719,U2OS-03_1_H09_s1_50,U2OS-03,1,H09,s1,PELO,treated,U2OS,,train
8720,U2OS-03_1_H09_s1_51,U2OS-03,1,H09,s1,PELO,treated,U2OS,,train
8721,U2OS-03_1_H09_s1_52,U2OS-03,1,H09,s1,PELO,treated,U2OS,,train
8722,U2OS-03_1_H09_s1_53,U2OS-03,1,H09,s1,PELO,treated,U2OS,,train
8723,U2OS-03_1_H09_s1_54,U2OS-03,1,H09,s1,PELO,treated,U2OS,,train
8724,U2OS-03_1_H09_s1_55,U2OS-03,1,H09,s1,PELO,treated,U2OS,,train
8725,U2OS-03_1_H09_s1_56,U2OS-03,1,H09,s1,PELO,treated,U2OS,,train
8726,U2OS-03_1_H09_s1_59,U2OS-03,1,H09,s1,PELO,treated,U2OS,,train
8727,U2OS-03_1_H09_s1_60,U2OS-03,1,H09,s1,PELO,treated,U2OS,,train
8728,U2OS-03_1_H09_s1_62,U2OS-03,1,H09,s1,PELO,treated,U2OS,,train
8729,U2OS-03_1_H09_s1_63,U2OS-03,1,H09,s1,PELO,treated,U2OS,,train
8730,U2OS-03_1_H09_s1_68,U2OS-03,1,H09,s1,PELO,treated,U2OS,,train
8731,U2OS-03_1_H09_s1_69,U2OS-03,1,H09,s1,PELO,treated,U2OS,,train
8732,U2OS-03_1_H09_s1_71,U2OS-03,1,H09,s1,PELO,treated,U2OS,,train
8733,U2OS-03_1_H09_s1_73,U2OS-03,1,H09,s1,PELO,treated,U2OS,,train
8734,U2OS-03_1_H09_s1_74,U2OS-03,1,H09,s1,PELO,treated,U2OS,,train
8735,U2OS-03_1_H09_s1_76,U2OS-03,1,H09,s1,PELO,treated,U2OS,,train
8736,U2OS-03_1_H09_s1_78,U2OS-03,1,H09,s1,PELO,treated,U2OS,,train
8737,U2OS-03_1_H09_s1_79,U2OS-03,1,H09,s1,PELO,treated,U2OS,,train
8738,U2OS-03_1_H12_s1_13,U2OS-03,1,H12,s1,GDPD2,treated,U2OS,,train
8739,U2OS-03_1_H12_s1_14,U2OS-03,1,H12,s1,GDPD2,treated,U2OS,,train
8740,U2OS-03_1_H12_s1_15,U2OS-03,1,H12,s1,GDPD2,treated,U2OS,,train
8741,U2OS-03_1_H12_s1_18,U2OS-03,1,H12,s1,GDPD2,treated,U2OS,,train
8742,U2OS-03_1_H12_s1_20,U2OS-03,1,H12,s1,GDPD2,treated,U2OS,,train
8743,U2OS-03_1_H12_s1_23,U2OS-03,1,H12,s1,GDPD2,treated,U2OS,,train
8744,U2OS-03_1_H12_s1_24,U2OS-03,1,H12,s1,GDPD2,treated,U2OS,,train
8745,U2OS-03_1_H12_s1_25,U2OS-03,1,H12,s1,GDPD2,treated,U2OS,,train
8746,U2OS-03_1_H12_s1_27,U2OS-03,1,H12,s1,GDPD2,treated,U2OS,,train
8747,U2OS-03_1_H12_s1_28,U2OS-03,1,H12,s1,GDPD2,treated,U2OS,,train
8748,U2OS-03_1_H12_s1_29,U2OS-03,1,H12,s1,GDPD2,treated,U2OS,,train
8749,U2OS-03_1_H12_s1_31,U2OS-03,1,H12,s1,GDPD2,treated,U2OS,,train
8750,U2OS-03_1_H12_s1_32,U2OS-03,1,H12,s1,GDPD2,treated,U2OS,,train
8751,U2OS-03_1_H12_s1_33,U2OS-03,1,H12,s1,GDPD2,treated,U2OS,,train
8752,U2OS-03_1_H12_s1_41,U2OS-03,1,H12,s1,GDPD2,treated,U2OS,,train
8753,U2OS-03_1_H12_s1_42,U2OS-03,1,H12,s1,GDPD2,treated,U2OS,,train
8754,U2OS-03_1_H12_s1_43,U2OS-03,1,H12,s1,GDPD2,treated,U2OS,,train
8755,U2OS-03_1_H12_s1_44,U2OS-03,1,H12,s1,GDPD2,treated,U2OS,,train
8756,U2OS-03_1_H12_s1_45,U2OS-03,1,H12,s1,GDPD2,treated,U2OS,,train
8757,U2OS-03_1_H12_s1_46,U2OS-03,1,H12,s1,GDPD2,treated,U2OS,,train
8758,U2OS-03_1_H12_s1_48,U2OS-03,1,H12,s1,GDPD2,treated,U2OS,,train
8759,U2OS-03_1_H12_s1_51,U2OS-03,1,H12,s1,GDPD2,treated,U2OS,,train
8760,U2OS-03_1_H12_s1_52,U2OS-03,1,H12,s1,GDPD2,treated,U2OS,,train
8761,U2OS-03_1_H12_s1_53,U2OS-03,1,H12,s1,GDPD2,treated,U2OS,,train
8762,U2OS-03_1_H12_s1_54,U2OS-03,1,H12,s1,GDPD2,treated,U2OS,,train
8763,U2OS-03_1_H12_s1_55,U2OS-03,1,H12,s1,GDPD2,treated,U2OS,,train
8764,U2OS-03_1_H12_s1_56,U2OS-03,1,H12,s1,GDPD2,treated,U2OS,,train
8765,U2OS-03_1_H12_s1_57,U2OS-03,1,H12,s1,GDPD2,treated,U2OS,,train
8766,U2OS-03_1_H12_s1_60,U2OS-03,1,H12,s1,GDPD2,treated,U2OS,,train
8767,U2OS-03_1_H12_s1_61,U2OS-03,1,H12,s1,GDPD2,treated,U2OS,,train
8768,U2OS-03_1_H12_s1_63,U2OS-03,1,H12,s1,GDPD2,treated,U2OS,,train
8769,U2OS-03_1_H12_s1_64,U2OS-03,1,H12,s1,GDPD2,treated,U2OS,,train
8770,U2OS-03_1_H12_s1_67,U2OS-03,1,H12,s1,GDPD2,treated,U2OS,,train
8771,U2OS-03_1_H12_s1_68,U2OS-03,1,H12,s1,GDPD2,treated,U2OS,,train
8772,U2OS-03_1_H12_s1_69,U2OS-03,1,H12,s1,GDPD2,treated,U2OS,,train
8773,U2OS-03_1_H12_s1_72,U2OS-03,1,H12,s1,GDPD2,treated,U2OS,,train
8774,U2OS-03_1_H12_s1_73,U2OS-03,1,H12,s1,GDPD2,treated,U2OS,,train
8775,U2OS-03_1_H12_s1_75,U2OS-03,1,H12,s1,GDPD2,treated,U2OS,,train
8776,U2OS-03_1_H12_s1_76,U2OS-03,1,H12,s1,GDPD2,treated,U2OS,,train
8777,U2OS-03_1_H12_s1_77,U2OS-03,1,H12,s1,GDPD2,treated,U2OS,,train
8778,U2OS-03_1_H18_s1_14,U2OS-03,1,H18,s1,CNTN5,treated,U2OS,,train
8779,U2OS-03_1_H18_s1_15,U2OS-03,1,H18,s1,CNTN5,treated,U2OS,,train
8780,U2OS-03_1_H18_s1_16,U2OS-03,1,H18,s1,CNTN5,treated,U2OS,,train
8781,U2OS-03_1_H18_s1_19,U2OS-03,1,H18,s1,CNTN5,treated,U2OS,,train
8782,U2OS-03_1_H18_s1_22,U2OS-03,1,H18,s1,CNTN5,treated,U2OS,,train
8783,U2OS-03_1_H18_s1_23,U2OS-03,1,H18,s1,CNTN5,treated,U2OS,,train
8784,U2OS-03_1_H18_s1_24,U2OS-03,1,H18,s1,CNTN5,treated,U2OS,,train
8785,U2OS-03_1_H18_s1_25,U2OS-03,1,H18,s1,CNTN5,treated,U2OS,,train
8786,U2OS-03_1_H18_s1_27,U2OS-03,1,H18,s1,CNTN5,treated,U2OS,,train
8787,U2OS-03_1_H18_s1_28,U2OS-03,1,H18,s1,CNTN5,treated,U2OS,,train
8788,U2OS-03_1_H18_s1_29,U2OS-03,1,H18,s1,CNTN5,treated,U2OS,,train
8789,U2OS-03_1_H18_s1_30,U2OS-03,1,H18,s1,CNTN5,treated,U2OS,,train
8790,U2OS-03_1_H18_s1_31,U2OS-03,1,H18,s1,CNTN5,treated,U2OS,,train
8791,U2OS-03_1_H18_s1_33,U2OS-03,1,H18,s1,CNTN5,treated,U2OS,,train
8792,U2OS-03_1_H18_s1_39,U2OS-03,1,H18,s1,CNTN5,treated,U2OS,,train
8793,U2OS-03_1_H18_s1_40,U2OS-03,1,H18,s1,CNTN5,treated,U2OS,,train
8794,U2OS-03_1_H18_s1_42,U2OS-03,1,H18,s1,CNTN5,treated,U2OS,,train
8795,U2OS-03_1_H18_s1_43,U2OS-03,1,H18,s1,CNTN5,treated,U2OS,,train
8796,U2OS-03_1_H18_s1_46,U2OS-03,1,H18,s1,CNTN5,treated,U2OS,,train
8797,U2OS-03_1_H18_s1_47,U2OS-03,1,H18,s1,CNTN5,treated,U2OS,,train
8798,U2OS-03_1_H18_s1_48,U2OS-03,1,H18,s1,CNTN5,treated,U2OS,,train
8799,U2OS-03_1_H18_s1_50,U2OS-03,1,H18,s1,CNTN5,treated,U2OS,,train
8800,U2OS-03_1_H18_s1_51,U2OS-03,1,H18,s1,CNTN5,treated,U2OS,,train
8801,U2OS-03_1_H18_s1_52,U2OS-03,1,H18,s1,CNTN5,treated,U2OS,,train
8802,U2OS-03_1_H18_s1_53,U2OS-03,1,H18,s1,CNTN5,treated,U2OS,,train
8803,U2OS-03_1_H18_s1_55,U2OS-03,1,H18,s1,CNTN5,treated,U2OS,,train
8804,U2OS-03_1_H18_s1_56,U2OS-03,1,H18,s1,CNTN5,treated,U2OS,,train
8805,U2OS-03_1_H18_s1_58,U2OS-03,1,H18,s1,CNTN5,treated,U2OS,,train
8806,U2OS-03_1_H18_s1_59,U2OS-03,1,H18,s1,CNTN5,treated,U2OS,,train
8807,U2OS-03_1_H18_s1_60,U2OS-03,1,H18,s1,CNTN5,treated,U2OS,,train
8808,U2OS-03_1_H18_s1_62,U2OS-03,1,H18,s1,CNTN5,treated,U2OS,,train
8809,U2OS-03_1_H18_s1_63,U2OS-03,1,H18,s1,CNTN5,treated,U2OS,,train
8810,U2OS-03_1_H18_s1_66,U2OS-03,1,H18,s1,CNTN5,treated,U2OS,,train
8811,U2OS-03_1_H18_s1_67,U2OS-03,1,H18,s1,CNTN5,treated,U2OS,,train
8812,U2OS-03_1_H18_s1_69,U2OS-03,1,H18,s1,CNTN5,treated,U2OS,,train
8813,U2OS-03_1_H18_s1_72,U2OS-03,1,H18,s1,CNTN5,treated,U2OS,,train
8814,U2OS-03_1_H18_s1_73,U2OS-03,1,H18,s1,CNTN5,treated,U2OS,,train
8815,U2OS-03_1_H18_s1_75,U2OS-03,1,H18,s1,CNTN5,treated,U2OS,,train
8816,U2OS-03_1_H18_s1_76,U2OS-03,1,H18,s1,CNTN5,treated,U2OS,,train
8817,U2OS-03_1_H18_s1_77,U2OS-03,1,H18,s1,CNTN5,treated,U2OS,,train
8818,U2OS-03_1_I07_s1_9,U2OS-03,1,I07,s1,SLC25A39,treated,U2OS,,train
8819,U2OS-03_1_I07_s1_10,U2OS-03,1,I07,s1,SLC25A39,treated,U2OS,,train
8820,U2OS-03_1_I07_s1_11,U2OS-03,1,I07,s1,SLC25A39,treated,U2OS,,train
8821,U2OS-03_1_I07_s1_13,U2OS-03,1,I07,s1,SLC25A39,treated,U2OS,,train
8822,U2OS-03_1_I07_s1_15,U2OS-03,1,I07,s1,SLC25A39,treated,U2OS,,train
8823,U2OS-03_1_I07_s1_16,U2OS-03,1,I07,s1,SLC25A39,treated,U2OS,,train
8824,U2OS-03_1_I07_s1_17,U2OS-03,1,I07,s1,SLC25A39,treated,U2OS,,train
8825,U2OS-03_1_I07_s1_18,U2OS-03,1,I07,s1,SLC25A39,treated,U2OS,,train
8826,U2OS-03_1_I07_s1_19,U2OS-03,1,I07,s1,SLC25A39,treated,U2OS,,train
8827,U2OS-03_1_I07_s1_20,U2OS-03,1,I07,s1,SLC25A39,treated,U2OS,,train
8828,U2OS-03_1_I07_s1_21,U2OS-03,1,I07,s1,SLC25A39,treated,U2OS,,train
8829,U2OS-03_1_I07_s1_22,U2OS-03,1,I07,s1,SLC25A39,treated,U2OS,,train
8830,U2OS-03_1_I07_s1_24,U2OS-03,1,I07,s1,SLC25A39,treated,U2OS,,train
8831,U2OS-03_1_I07_s1_25,U2OS-03,1,I07,s1,SLC25A39,treated,U2OS,,train
8832,U2OS-03_1_I07_s1_29,U2OS-03,1,I07,s1,SLC25A39,treated,U2OS,,train
8833,U2OS-03_1_I07_s1_30,U2OS-03,1,I07,s1,SLC25A39,treated,U2OS,,train
8834,U2OS-03_1_I07_s1_32,U2OS-03,1,I07,s1,SLC25A39,treated,U2OS,,train
8835,U2OS-03_1_I07_s1_33,U2OS-03,1,I07,s1,SLC25A39,treated,U2OS,,train
8836,U2OS-03_1_I07_s1_34,U2OS-03,1,I07,s1,SLC25A39,treated,U2OS,,train
8837,U2OS-03_1_I07_s1_35,U2OS-03,1,I07,s1,SLC25A39,treated,U2OS,,train
8838,U2OS-03_1_I07_s1_36,U2OS-03,1,I07,s1,SLC25A39,treated,U2OS,,train
8839,U2OS-03_1_I07_s1_39,U2OS-03,1,I07,s1,SLC25A39,treated,U2OS,,train
8840,U2OS-03_1_I07_s1_40,U2OS-03,1,I07,s1,SLC25A39,treated,U2OS,,train
8841,U2OS-03_1_I07_s1_41,U2OS-03,1,I07,s1,SLC25A39,treated,U2OS,,train
8842,U2OS-03_1_I07_s1_42,U2OS-03,1,I07,s1,SLC25A39,treated,U2OS,,train
8843,U2OS-03_1_I07_s1_43,U2OS-03,1,I07,s1,SLC25A39,treated,U2OS,,train
8844,U2OS-03_1_I07_s1_44,U2OS-03,1,I07,s1,SLC25A39,treated,U2OS,,train
8845,U2OS-03_1_I07_s1_46,U2OS-03,1,I07,s1,SLC25A39,treated,U2OS,,train
8846,U2OS-03_1_I07_s1_47,U2OS-03,1,I07,s1,SLC25A39,treated,U2OS,,train
8847,U2OS-03_1_I07_s1_48,U2OS-03,1,I07,s1,SLC25A39,treated,U2OS,,train
8848,U2OS-03_1_I07_s1_50,U2OS-03,1,I07,s1,SLC25A39,treated,U2OS,,train
8849,U2OS-03_1_I07_s1_51,U2OS-03,1,I07,s1,SLC25A39,treated,U2OS,,train
8850,U2OS-03_1_I07_s2_1,U2OS-03,1,I07,s2,SLC25A39,treated,U2OS,,train
8851,U2OS-03_1_I07_s2_6,U2OS-03,1,I07,s2,SLC25A39,treated,U2OS,,train
8852,U2OS-03_1_I07_s2_7,U2OS-03,1,I07,s2,SLC25A39,treated,U2OS,,train
8853,U2OS-03_1_I07_s2_10,U2OS-03,1,I07,s2,SLC25A39,treated,U2OS,,train
8854,U2OS-03_1_I07_s2_11,U2OS-03,1,I07,s2,SLC25A39,treated,U2OS,,train
8855,U2OS-03_1_I07_s2_13,U2OS-03,1,I07,s2,SLC25A39,treated,U2OS,,train
8856,U2OS-03_1_I07_s2_14,U2OS-03,1,I07,s2,SLC25A39,treated,U2OS,,train
8857,U2OS-03_1_I07_s2_15,U2OS-03,1,I07,s2,SLC25A39,treated,U2OS,,train
8858,U2OS-03_1_J06_s1_14,U2OS-03,1,J06,s1,TREM2,treated,U2OS,,train
8859,U2OS-03_1_J06_s1_15,U2OS-03,1,J06,s1,TREM2,treated,U2OS,,train
8860,U2OS-03_1_J06_s1_16,U2OS-03,1,J06,s1,TREM2,treated,U2OS,,train
8861,U2OS-03_1_J06_s1_20,U2OS-03,1,J06,s1,TREM2,treated,U2OS,,train
8862,U2OS-03_1_J06_s1_23,U2OS-03,1,J06,s1,TREM2,treated,U2OS,,train
8863,U2OS-03_1_J06_s1_25,U2OS-03,1,J06,s1,TREM2,treated,U2OS,,train
8864,U2OS-03_1_J06_s1_26,U2OS-03,1,J06,s1,TREM2,treated,U2OS,,train
8865,U2OS-03_1_J06_s1_27,U2OS-03,1,J06,s1,TREM2,treated,U2OS,,train
8866,U2OS-03_1_J06_s1_28,U2OS-03,1,J06,s1,TREM2,treated,U2OS,,train
8867,U2OS-03_1_J06_s1_29,U2OS-03,1,J06,s1,TREM2,treated,U2OS,,train
8868,U2OS-03_1_J06_s1_30,U2OS-03,1,J06,s1,TREM2,treated,U2OS,,train
8869,U2OS-03_1_J06_s1_32,U2OS-03,1,J06,s1,TREM2,treated,U2OS,,train
8870,U2OS-03_1_J06_s1_33,U2OS-03,1,J06,s1,TREM2,treated,U2OS,,train
8871,U2OS-03_1_J06_s1_34,U2OS-03,1,J06,s1,TREM2,treated,U2OS,,train
8872,U2OS-03_1_J06_s1_40,U2OS-03,1,J06,s1,TREM2,treated,U2OS,,train
8873,U2OS-03_1_J06_s1_41,U2OS-03,1,J06,s1,TREM2,treated,U2OS,,train
8874,U2OS-03_1_J06_s1_42,U2OS-03,1,J06,s1,TREM2,treated,U2OS,,train
8875,U2OS-03_1_J06_s1_44,U2OS-03,1,J06,s1,TREM2,treated,U2OS,,train
8876,U2OS-03_1_J06_s1_46,U2OS-03,1,J06,s1,TREM2,treated,U2OS,,train
8877,U2OS-03_1_J06_s1_48,U2OS-03,1,J06,s1,TREM2,treated,U2OS,,train
8878,U2OS-03_1_J06_s1_49,U2OS-03,1,J06,s1,TREM2,treated,U2OS,,train
8879,U2OS-03_1_J06_s1_52,U2OS-03,1,J06,s1,TREM2,treated,U2OS,,train
8880,U2OS-03_1_J06_s1_53,U2OS-03,1,J06,s1,TREM2,treated,U2OS,,train
8881,U2OS-03_1_J06_s1_54,U2OS-03,1,J06,s1,TREM2,treated,U2OS,,train
8882,U2OS-03_1_J06_s1_55,U2OS-03,1,J06,s1,TREM2,treated,U2OS,,train
8883,U2OS-03_1_J06_s1_57,U2OS-03,1,J06,s1,TREM2,treated,U2OS,,train
8884,U2OS-03_1_J06_s1_59,U2OS-03,1,J06,s1,TREM2,treated,U2OS,,train
8885,U2OS-03_1_J06_s1_60,U2OS-03,1,J06,s1,TREM2,treated,U2OS,,train
8886,U2OS-03_1_J06_s1_61,U2OS-03,1,J06,s1,TREM2,treated,U2OS,,train
8887,U2OS-03_1_J06_s1_62,U2OS-03,1,J06,s1,TREM2,treated,U2OS,,train
8888,U2OS-03_1_J06_s1_64,U2OS-03,1,J06,s1,TREM2,treated,U2OS,,train
8889,U2OS-03_1_J06_s1_66,U2OS-03,1,J06,s1,TREM2,treated,U2OS,,train
8890,U2OS-03_1_J06_s1_68,U2OS-03,1,J06,s1,TREM2,treated,U2OS,,train
8891,U2OS-03_1_J06_s1_69,U2OS-03,1,J06,s1,TREM2,treated,U2OS,,train
8892,U2OS-03_1_J06_s1_70,U2OS-03,1,J06,s1,TREM2,treated,U2OS,,train
8893,U2OS-03_1_J06_s1_73,U2OS-03,1,J06,s1,TREM2,treated,U2OS,,train
8894,U2OS-03_1_J06_s1_74,U2OS-03,1,J06,s1,TREM2,treated,U2OS,,train
8895,U2OS-03_1_J06_s1_77,U2OS-03,1,J06,s1,TREM2,treated,U2OS,,train
8896,U2OS-03_1_J06_s1_79,U2OS-03,1,J06,s1,TREM2,treated,U2OS,,train
8897,U2OS-03_1_J06_s1_80,U2OS-03,1,J06,s1,TREM2,treated,U2OS,,train
8898,U2OS-03_1_J09_s1_13,U2OS-03,1,J09,s1,RASD1,treated,U2OS,,train
8899,U2OS-03_1_J09_s1_14,U2OS-03,1,J09,s1,RASD1,treated,U2OS,,train
8900,U2OS-03_1_J09_s1_16,U2OS-03,1,J09,s1,RASD1,treated,U2OS,,train
8901,U2OS-03_1_J09_s1_18,U2OS-03,1,J09,s1,RASD1,treated,U2OS,,train
8902,U2OS-03_1_J09_s1_20,U2OS-03,1,J09,s1,RASD1,treated,U2OS,,train
8903,U2OS-03_1_J09_s1_22,U2OS-03,1,J09,s1,RASD1,treated,U2OS,,train
8904,U2OS-03_1_J09_s1_24,U2OS-03,1,J09,s1,RASD1,treated,U2OS,,train
8905,U2OS-03_1_J09_s1_27,U2OS-03,1,J09,s1,RASD1,treated,U2OS,,train
8906,U2OS-03_1_J09_s1_28,U2OS-03,1,J09,s1,RASD1,treated,U2OS,,train
8907,U2OS-03_1_J09_s1_29,U2OS-03,1,J09,s1,RASD1,treated,U2OS,,train
8908,U2OS-03_1_J09_s1_30,U2OS-03,1,J09,s1,RASD1,treated,U2OS,,train
8909,U2OS-03_1_J09_s1_33,U2OS-03,1,J09,s1,RASD1,treated,U2OS,,train
8910,U2OS-03_1_J09_s1_34,U2OS-03,1,J09,s1,RASD1,treated,U2OS,,train
8911,U2OS-03_1_J09_s1_36,U2OS-03,1,J09,s1,RASD1,treated,U2OS,,train
8912,U2OS-03_1_J09_s1_41,U2OS-03,1,J09,s1,RASD1,treated,U2OS,,train
8913,U2OS-03_1_J09_s1_42,U2OS-03,1,J09,s1,RASD1,treated,U2OS,,train
8914,U2OS-03_1_J09_s1_45,U2OS-03,1,J09,s1,RASD1,treated,U2OS,,train
8915,U2OS-03_1_J09_s1_46,U2OS-03,1,J09,s1,RASD1,treated,U2OS,,train
8916,U2OS-03_1_J09_s1_47,U2OS-03,1,J09,s1,RASD1,treated,U2OS,,train
8917,U2OS-03_1_J09_s1_48,U2OS-03,1,J09,s1,RASD1,treated,U2OS,,train
8918,U2OS-03_1_J09_s1_49,U2OS-03,1,J09,s1,RASD1,treated,U2OS,,train
8919,U2OS-03_1_J09_s1_51,U2OS-03,1,J09,s1,RASD1,treated,U2OS,,train
8920,U2OS-03_1_J09_s1_52,U2OS-03,1,J09,s1,RASD1,treated,U2OS,,train
8921,U2OS-03_1_J09_s1_54,U2OS-03,1,J09,s1,RASD1,treated,U2OS,,train
8922,U2OS-03_1_J09_s1_56,U2OS-03,1,J09,s1,RASD1,treated,U2OS,,train
8923,U2OS-03_1_J09_s1_58,U2OS-03,1,J09,s1,RASD1,treated,U2OS,,train
8924,U2OS-03_1_J09_s1_59,U2OS-03,1,J09,s1,RASD1,treated,U2OS,,train
8925,U2OS-03_1_J09_s1_60,U2OS-03,1,J09,s1,RASD1,treated,U2OS,,train
8926,U2OS-03_1_J09_s1_61,U2OS-03,1,J09,s1,RASD1,treated,U2OS,,train
8927,U2OS-03_1_J09_s1_62,U2OS-03,1,J09,s1,RASD1,treated,U2OS,,train
8928,U2OS-03_1_J09_s1_64,U2OS-03,1,J09,s1,RASD1,treated,U2OS,,train
8929,U2OS-03_1_J09_s1_65,U2OS-03,1,J09,s1,RASD1,treated,U2OS,,train
8930,U2OS-03_1_J09_s1_67,U2OS-03,1,J09,s1,RASD1,treated,U2OS,,train
8931,U2OS-03_1_J09_s1_69,U2OS-03,1,J09,s1,RASD1,treated,U2OS,,train
8932,U2OS-03_1_J09_s1_70,U2OS-03,1,J09,s1,RASD1,treated,U2OS,,train
8933,U2OS-03_1_J09_s2_11,U2OS-03,1,J09,s2,RASD1,treated,U2OS,,train
8934,U2OS-03_1_J09_s2_12,U2OS-03,1,J09,s2,RASD1,treated,U2OS,,train
8935,U2OS-03_1_J09_s2_14,U2OS-03,1,J09,s2,RASD1,treated,U2OS,,train
8936,U2OS-03_1_J09_s2_15,U2OS-03,1,J09,s2,RASD1,treated,U2OS,,train
8937,U2OS-03_1_J09_s2_16,U2OS-03,1,J09,s2,RASD1,treated,U2OS,,train
8938,U2OS-03_1_J16_s1_16,U2OS-03,1,J16,s1,CSAD,treated,U2OS,,train
8939,U2OS-03_1_J16_s1_17,U2OS-03,1,J16,s1,CSAD,treated,U2OS,,train
8940,U2OS-03_1_J16_s1_19,U2OS-03,1,J16,s1,CSAD,treated,U2OS,,train
8941,U2OS-03_1_J16_s1_21,U2OS-03,1,J16,s1,CSAD,treated,U2OS,,train
8942,U2OS-03_1_J16_s1_24,U2OS-03,1,J16,s1,CSAD,treated,U2OS,,train
8943,U2OS-03_1_J16_s1_25,U2OS-03,1,J16,s1,CSAD,treated,U2OS,,train
8944,U2OS-03_1_J16_s1_26,U2OS-03,1,J16,s1,CSAD,treated,U2OS,,train
8945,U2OS-03_1_J16_s1_27,U2OS-03,1,J16,s1,CSAD,treated,U2OS,,train
8946,U2OS-03_1_J16_s1_29,U2OS-03,1,J16,s1,CSAD,treated,U2OS,,train
8947,U2OS-03_1_J16_s1_31,U2OS-03,1,J16,s1,CSAD,treated,U2OS,,train
8948,U2OS-03_1_J16_s1_32,U2OS-03,1,J16,s1,CSAD,treated,U2OS,,train
8949,U2OS-03_1_J16_s1_33,U2OS-03,1,J16,s1,CSAD,treated,U2OS,,train
8950,U2OS-03_1_J16_s1_36,U2OS-03,1,J16,s1,CSAD,treated,U2OS,,train
8951,U2OS-03_1_J16_s1_37,U2OS-03,1,J16,s1,CSAD,treated,U2OS,,train
8952,U2OS-03_1_J16_s1_41,U2OS-03,1,J16,s1,CSAD,treated,U2OS,,train
8953,U2OS-03_1_J16_s1_42,U2OS-03,1,J16,s1,CSAD,treated,U2OS,,train
8954,U2OS-03_1_J16_s1_43,U2OS-03,1,J16,s1,CSAD,treated,U2OS,,train
8955,U2OS-03_1_J16_s1_44,U2OS-03,1,J16,s1,CSAD,treated,U2OS,,train
8956,U2OS-03_1_J16_s1_45,U2OS-03,1,J16,s1,CSAD,treated,U2OS,,train
8957,U2OS-03_1_J16_s1_46,U2OS-03,1,J16,s1,CSAD,treated,U2OS,,train
8958,U2OS-03_1_J16_s1_47,U2OS-03,1,J16,s1,CSAD,treated,U2OS,,train
8959,U2OS-03_1_J16_s1_50,U2OS-03,1,J16,s1,CSAD,treated,U2OS,,train
8960,U2OS-03_1_J16_s1_51,U2OS-03,1,J16,s1,CSAD,treated,U2OS,,train
8961,U2OS-03_1_J16_s1_53,U2OS-03,1,J16,s1,CSAD,treated,U2OS,,train
8962,U2OS-03_1_J16_s1_56,U2OS-03,1,J16,s1,CSAD,treated,U2OS,,train
8963,U2OS-03_1_J16_s1_57,U2OS-03,1,J16,s1,CSAD,treated,U2OS,,train
8964,U2OS-03_1_J16_s1_59,U2OS-03,1,J16,s1,CSAD,treated,U2OS,,train
8965,U2OS-03_1_J16_s1_60,U2OS-03,1,J16,s1,CSAD,treated,U2OS,,train
8966,U2OS-03_1_J16_s1_62,U2OS-03,1,J16,s1,CSAD,treated,U2OS,,train
8967,U2OS-03_1_J16_s1_63,U2OS-03,1,J16,s1,CSAD,treated,U2OS,,train
8968,U2OS-03_1_J16_s1_65,U2OS-03,1,J16,s1,CSAD,treated,U2OS,,train
8969,U2OS-03_1_J16_s1_66,U2OS-03,1,J16,s1,CSAD,treated,U2OS,,train
8970,U2OS-03_1_J16_s1_69,U2OS-03,1,J16,s1,CSAD,treated,U2OS,,train
8971,U2OS-03_1_J16_s1_70,U2OS-03,1,J16,s1,CSAD,treated,U2OS,,train
8972,U2OS-03_1_J16_s1_71,U2OS-03,1,J16,s1,CSAD,treated,U2OS,,train
8973,U2OS-03_1_J16_s1_75,U2OS-03,1,J16,s1,CSAD,treated,U2OS,,train
8974,U2OS-03_1_J16_s1_76,U2OS-03,1,J16,s1,CSAD,treated,U2OS,,train
8975,U2OS-03_1_J16_s1_78,U2OS-03,1,J16,s1,CSAD,treated,U2OS,,train
8976,U2OS-03_1_J16_s1_80,U2OS-03,1,J16,s1,CSAD,treated,U2OS,,train
8977,U2OS-03_1_J16_s1_81,U2OS-03,1,J16,s1,CSAD,treated,U2OS,,train
8978,U2OS-03_1_J20_s1_7,U2OS-03,1,J20,s1,CDHR2,treated,U2OS,,train
8979,U2OS-03_1_J20_s1_8,U2OS-03,1,J20,s1,CDHR2,treated,U2OS,,train
8980,U2OS-03_1_J20_s1_10,U2OS-03,1,J20,s1,CDHR2,treated,U2OS,,train
8981,U2OS-03_1_J20_s1_12,U2OS-03,1,J20,s1,CDHR2,treated,U2OS,,train
8982,U2OS-03_1_J20_s1_14,U2OS-03,1,J20,s1,CDHR2,treated,U2OS,,train
8983,U2OS-03_1_J20_s1_15,U2OS-03,1,J20,s1,CDHR2,treated,U2OS,,train
8984,U2OS-03_1_J20_s1_16,U2OS-03,1,J20,s1,CDHR2,treated,U2OS,,train
8985,U2OS-03_1_J20_s1_18,U2OS-03,1,J20,s1,CDHR2,treated,U2OS,,train
8986,U2OS-03_1_J20_s1_20,U2OS-03,1,J20,s1,CDHR2,treated,U2OS,,train
8987,U2OS-03_1_J20_s1_21,U2OS-03,1,J20,s1,CDHR2,treated,U2OS,,train
8988,U2OS-03_1_J20_s1_22,U2OS-03,1,J20,s1,CDHR2,treated,U2OS,,train
8989,U2OS-03_1_J20_s1_23,U2OS-03,1,J20,s1,CDHR2,treated,U2OS,,train
8990,U2OS-03_1_J20_s1_24,U2OS-03,1,J20,s1,CDHR2,treated,U2OS,,train
8991,U2OS-03_1_J20_s1_26,U2OS-03,1,J20,s1,CDHR2,treated,U2OS,,train
8992,U2OS-03_1_J20_s1_31,U2OS-03,1,J20,s1,CDHR2,treated,U2OS,,train
8993,U2OS-03_1_J20_s1_32,U2OS-03,1,J20,s1,CDHR2,treated,U2OS,,train
8994,U2OS-03_1_J20_s1_35,U2OS-03,1,J20,s1,CDHR2,treated,U2OS,,train
8995,U2OS-03_1_J20_s1_36,U2OS-03,1,J20,s1,CDHR2,treated,U2OS,,train
8996,U2OS-03_1_J20_s1_37,U2OS-03,1,J20,s1,CDHR2,treated,U2OS,,train
8997,U2OS-03_1_J20_s1_38,U2OS-03,1,J20,s1,CDHR2,treated,U2OS,,train
8998,U2OS-03_1_J20_s1_39,U2OS-03,1,J20,s1,CDHR2,treated,U2OS,,train
8999,U2OS-03_1_J20_s1_42,U2OS-03,1,J20,s1,CDHR2,treated,U2OS,,train
9000,U2OS-03_1_J20_s1_44,U2OS-03,1,J20,s1,CDHR2,treated,U2OS,,train
9001,U2OS-03_1_J20_s1_45,U2OS-03,1,J20,s1,CDHR2,treated,U2OS,,train
9002,U2OS-03_1_J20_s1_46,U2OS-03,1,J20,s1,CDHR2,treated,U2OS,,train
9003,U2OS-03_1_J20_s1_47,U2OS-03,1,J20,s1,CDHR2,treated,U2OS,,train
9004,U2OS-03_1_J20_s1_48,U2OS-03,1,J20,s1,CDHR2,treated,U2OS,,train
9005,U2OS-03_1_J20_s1_49,U2OS-03,1,J20,s1,CDHR2,treated,U2OS,,train
9006,U2OS-03_1_J20_s1_50,U2OS-03,1,J20,s1,CDHR2,treated,U2OS,,train
9007,U2OS-03_1_J20_s1_51,U2OS-03,1,J20,s1,CDHR2,treated,U2OS,,train
9008,U2OS-03_1_J20_s1_53,U2OS-03,1,J20,s1,CDHR2,treated,U2OS,,train
9009,U2OS-03_1_J20_s1_54,U2OS-03,1,J20,s1,CDHR2,treated,U2OS,,train
9010,U2OS-03_1_J20_s1_56,U2OS-03,1,J20,s1,CDHR2,treated,U2OS,,train
9011,U2OS-03_1_J20_s1_57,U2OS-03,1,J20,s1,CDHR2,treated,U2OS,,train
9012,U2OS-03_1_J20_s1_58,U2OS-03,1,J20,s1,CDHR2,treated,U2OS,,train
9013,U2OS-03_1_J20_s1_60,U2OS-03,1,J20,s1,CDHR2,treated,U2OS,,train
9014,U2OS-03_1_J20_s1_61,U2OS-03,1,J20,s1,CDHR2,treated,U2OS,,train
9015,U2OS-03_1_J20_s1_64,U2OS-03,1,J20,s1,CDHR2,treated,U2OS,,train
9016,U2OS-03_1_J20_s1_65,U2OS-03,1,J20,s1,CDHR2,treated,U2OS,,train
9017,U2OS-03_1_J20_s1_66,U2OS-03,1,J20,s1,CDHR2,treated,U2OS,,train
9018,U2OS-03_1_L06_s1_0,U2OS-03,1,L06,s1,TRNT1,treated,U2OS,,train
9019,U2OS-03_1_L06_s1_9,U2OS-03,1,L06,s1,TRNT1,treated,U2OS,,train
9020,U2OS-03_1_L06_s1_12,U2OS-03,1,L06,s1,TRNT1,treated,U2OS,,train
9021,U2OS-03_1_L06_s1_14,U2OS-03,1,L06,s1,TRNT1,treated,U2OS,,train
9022,U2OS-03_1_L06_s1_17,U2OS-03,1,L06,s1,TRNT1,treated,U2OS,,train
9023,U2OS-03_1_L06_s1_18,U2OS-03,1,L06,s1,TRNT1,treated,U2OS,,train
9024,U2OS-03_1_L06_s1_22,U2OS-03,1,L06,s1,TRNT1,treated,U2OS,,train
9025,U2OS-03_1_L06_s1_23,U2OS-03,1,L06,s1,TRNT1,treated,U2OS,,train
9026,U2OS-03_1_L06_s1_24,U2OS-03,1,L06,s1,TRNT1,treated,U2OS,,train
9027,U2OS-03_1_L06_s1_27,U2OS-03,1,L06,s1,TRNT1,treated,U2OS,,train
9028,U2OS-03_1_L06_s1_29,U2OS-03,1,L06,s1,TRNT1,treated,U2OS,,train
9029,U2OS-03_1_L06_s1_30,U2OS-03,1,L06,s1,TRNT1,treated,U2OS,,train
9030,U2OS-03_1_L06_s1_31,U2OS-03,1,L06,s1,TRNT1,treated,U2OS,,train
9031,U2OS-03_1_L06_s1_32,U2OS-03,1,L06,s1,TRNT1,treated,U2OS,,train
9032,U2OS-03_1_L06_s1_38,U2OS-03,1,L06,s1,TRNT1,treated,U2OS,,train
9033,U2OS-03_1_L06_s1_40,U2OS-03,1,L06,s1,TRNT1,treated,U2OS,,train
9034,U2OS-03_1_L06_s1_42,U2OS-03,1,L06,s1,TRNT1,treated,U2OS,,train
9035,U2OS-03_1_L06_s1_45,U2OS-03,1,L06,s1,TRNT1,treated,U2OS,,train
9036,U2OS-03_1_L06_s1_46,U2OS-03,1,L06,s1,TRNT1,treated,U2OS,,train
9037,U2OS-03_1_L06_s1_47,U2OS-03,1,L06,s1,TRNT1,treated,U2OS,,train
9038,U2OS-03_1_L06_s1_48,U2OS-03,1,L06,s1,TRNT1,treated,U2OS,,train
9039,U2OS-03_1_L06_s1_50,U2OS-03,1,L06,s1,TRNT1,treated,U2OS,,train
9040,U2OS-03_1_L06_s1_51,U2OS-03,1,L06,s1,TRNT1,treated,U2OS,,train
9041,U2OS-03_1_L06_s1_52,U2OS-03,1,L06,s1,TRNT1,treated,U2OS,,train
9042,U2OS-03_1_L06_s1_53,U2OS-03,1,L06,s1,TRNT1,treated,U2OS,,train
9043,U2OS-03_1_L06_s1_54,U2OS-03,1,L06,s1,TRNT1,treated,U2OS,,train
9044,U2OS-03_1_L06_s1_56,U2OS-03,1,L06,s1,TRNT1,treated,U2OS,,train
9045,U2OS-03_1_L06_s1_57,U2OS-03,1,L06,s1,TRNT1,treated,U2OS,,train
9046,U2OS-03_1_L06_s1_58,U2OS-03,1,L06,s1,TRNT1,treated,U2OS,,train
9047,U2OS-03_1_L06_s1_59,U2OS-03,1,L06,s1,TRNT1,treated,U2OS,,train
9048,U2OS-03_1_L06_s1_61,U2OS-03,1,L06,s1,TRNT1,treated,U2OS,,train
9049,U2OS-03_1_L06_s1_62,U2OS-03,1,L06,s1,TRNT1,treated,U2OS,,train
9050,U2OS-03_1_L06_s1_65,U2OS-03,1,L06,s1,TRNT1,treated,U2OS,,train
9051,U2OS-03_1_L06_s1_66,U2OS-03,1,L06,s1,TRNT1,treated,U2OS,,train
9052,U2OS-03_1_L06_s1_67,U2OS-03,1,L06,s1,TRNT1,treated,U2OS,,train
9053,U2OS-03_1_L06_s1_69,U2OS-03,1,L06,s1,TRNT1,treated,U2OS,,train
9054,U2OS-03_1_L06_s1_70,U2OS-03,1,L06,s1,TRNT1,treated,U2OS,,train
9055,U2OS-03_1_L06_s1_72,U2OS-03,1,L06,s1,TRNT1,treated,U2OS,,train
9056,U2OS-03_1_L06_s1_73,U2OS-03,1,L06,s1,TRNT1,treated,U2OS,,train
9057,U2OS-03_1_L06_s1_76,U2OS-03,1,L06,s1,TRNT1,treated,U2OS,,train
9058,U2OS-03_1_L08_s1_7,U2OS-03,1,L08,s1,IL20RB,treated,U2OS,,train
9059,U2OS-03_1_L08_s1_11,U2OS-03,1,L08,s1,IL20RB,treated,U2OS,,train
9060,U2OS-03_1_L08_s1_12,U2OS-03,1,L08,s1,IL20RB,treated,U2OS,,train
9061,U2OS-03_1_L08_s1_14,U2OS-03,1,L08,s1,IL20RB,treated,U2OS,,train
9062,U2OS-03_1_L08_s1_18,U2OS-03,1,L08,s1,IL20RB,treated,U2OS,,train
9063,U2OS-03_1_L08_s1_19,U2OS-03,1,L08,s1,IL20RB,treated,U2OS,,train
9064,U2OS-03_1_L08_s1_20,U2OS-03,1,L08,s1,IL20RB,treated,U2OS,,train
9065,U2OS-03_1_L08_s1_21,U2OS-03,1,L08,s1,IL20RB,treated,U2OS,,train
9066,U2OS-03_1_L08_s1_22,U2OS-03,1,L08,s1,IL20RB,treated,U2OS,,train
9067,U2OS-03_1_L08_s1_24,U2OS-03,1,L08,s1,IL20RB,treated,U2OS,,train
9068,U2OS-03_1_L08_s1_26,U2OS-03,1,L08,s1,IL20RB,treated,U2OS,,train
9069,U2OS-03_1_L08_s1_27,U2OS-03,1,L08,s1,IL20RB,treated,U2OS,,train
9070,U2OS-03_1_L08_s1_28,U2OS-03,1,L08,s1,IL20RB,treated,U2OS,,train
9071,U2OS-03_1_L08_s1_29,U2OS-03,1,L08,s1,IL20RB,treated,U2OS,,train
9072,U2OS-03_1_L08_s1_35,U2OS-03,1,L08,s1,IL20RB,treated,U2OS,,train
9073,U2OS-03_1_L08_s1_36,U2OS-03,1,L08,s1,IL20RB,treated,U2OS,,train
9074,U2OS-03_1_L08_s1_37,U2OS-03,1,L08,s1,IL20RB,treated,U2OS,,train
9075,U2OS-03_1_L08_s1_38,U2OS-03,1,L08,s1,IL20RB,treated,U2OS,,train
9076,U2OS-03_1_L08_s1_41,U2OS-03,1,L08,s1,IL20RB,treated,U2OS,,train
9077,U2OS-03_1_L08_s1_43,U2OS-03,1,L08,s1,IL20RB,treated,U2OS,,train
9078,U2OS-03_1_L08_s1_44,U2OS-03,1,L08,s1,IL20RB,treated,U2OS,,train
9079,U2OS-03_1_L08_s1_47,U2OS-03,1,L08,s1,IL20RB,treated,U2OS,,train
9080,U2OS-03_1_L08_s1_48,U2OS-03,1,L08,s1,IL20RB,treated,U2OS,,train
9081,U2OS-03_1_L08_s1_49,U2OS-03,1,L08,s1,IL20RB,treated,U2OS,,train
9082,U2OS-03_1_L08_s1_50,U2OS-03,1,L08,s1,IL20RB,treated,U2OS,,train
9083,U2OS-03_1_L08_s1_53,U2OS-03,1,L08,s1,IL20RB,treated,U2OS,,train
9084,U2OS-03_1_L08_s1_54,U2OS-03,1,L08,s1,IL20RB,treated,U2OS,,train
9085,U2OS-03_1_L08_s1_56,U2OS-03,1,L08,s1,IL20RB,treated,U2OS,,train
9086,U2OS-03_1_L08_s1_57,U2OS-03,1,L08,s1,IL20RB,treated,U2OS,,train
9087,U2OS-03_1_L08_s1_58,U2OS-03,1,L08,s1,IL20RB,treated,U2OS,,train
9088,U2OS-03_1_L08_s1_60,U2OS-03,1,L08,s1,IL20RB,treated,U2OS,,train
9089,U2OS-03_1_L08_s1_62,U2OS-03,1,L08,s1,IL20RB,treated,U2OS,,train
9090,U2OS-03_1_L08_s1_64,U2OS-03,1,L08,s1,IL20RB,treated,U2OS,,train
9091,U2OS-03_1_L08_s1_65,U2OS-03,1,L08,s1,IL20RB,treated,U2OS,,train
9092,U2OS-03_1_L08_s1_66,U2OS-03,1,L08,s1,IL20RB,treated,U2OS,,train
9093,U2OS-03_1_L08_s1_68,U2OS-03,1,L08,s1,IL20RB,treated,U2OS,,train
9094,U2OS-03_1_L08_s1_69,U2OS-03,1,L08,s1,IL20RB,treated,U2OS,,train
9095,U2OS-03_1_L08_s1_71,U2OS-03,1,L08,s1,IL20RB,treated,U2OS,,train
9096,U2OS-03_1_L08_s1_72,U2OS-03,1,L08,s1,IL20RB,treated,U2OS,,train
9097,U2OS-03_1_L08_s1_73,U2OS-03,1,L08,s1,IL20RB,treated,U2OS,,train
9098,U2OS-03_1_L13_s1_9,U2OS-03,1,L13,s1,GPN2,treated,U2OS,,train
9099,U2OS-03_1_L13_s1_10,U2OS-03,1,L13,s1,GPN2,treated,U2OS,,train
9100,U2OS-03_1_L13_s1_11,U2OS-03,1,L13,s1,GPN2,treated,U2OS,,train
9101,U2OS-03_1_L13_s1_13,U2OS-03,1,L13,s1,GPN2,treated,U2OS,,train
9102,U2OS-03_1_L13_s1_16,U2OS-03,1,L13,s1,GPN2,treated,U2OS,,train
9103,U2OS-03_1_L13_s1_17,U2OS-03,1,L13,s1,GPN2,treated,U2OS,,train
9104,U2OS-03_1_L13_s1_18,U2OS-03,1,L13,s1,GPN2,treated,U2OS,,train
9105,U2OS-03_1_L13_s1_21,U2OS-03,1,L13,s1,GPN2,treated,U2OS,,train
9106,U2OS-03_1_L13_s1_22,U2OS-03,1,L13,s1,GPN2,treated,U2OS,,train
9107,U2OS-03_1_L13_s1_23,U2OS-03,1,L13,s1,GPN2,treated,U2OS,,train
9108,U2OS-03_1_L13_s1_26,U2OS-03,1,L13,s1,GPN2,treated,U2OS,,train
9109,U2OS-03_1_L13_s1_27,U2OS-03,1,L13,s1,GPN2,treated,U2OS,,train
9110,U2OS-03_1_L13_s1_29,U2OS-03,1,L13,s1,GPN2,treated,U2OS,,train
9111,U2OS-03_1_L13_s1_30,U2OS-03,1,L13,s1,GPN2,treated,U2OS,,train
9112,U2OS-03_1_L13_s1_35,U2OS-03,1,L13,s1,GPN2,treated,U2OS,,train
9113,U2OS-03_1_L13_s1_36,U2OS-03,1,L13,s1,GPN2,treated,U2OS,,train
9114,U2OS-03_1_L13_s1_39,U2OS-03,1,L13,s1,GPN2,treated,U2OS,,train
9115,U2OS-03_1_L13_s1_41,U2OS-03,1,L13,s1,GPN2,treated,U2OS,,train
9116,U2OS-03_1_L13_s1_43,U2OS-03,1,L13,s1,GPN2,treated,U2OS,,train
9117,U2OS-03_1_L13_s1_44,U2OS-03,1,L13,s1,GPN2,treated,U2OS,,train
9118,U2OS-03_1_L13_s1_45,U2OS-03,1,L13,s1,GPN2,treated,U2OS,,train
9119,U2OS-03_1_L13_s1_47,U2OS-03,1,L13,s1,GPN2,treated,U2OS,,train
9120,U2OS-03_1_L13_s1_48,U2OS-03,1,L13,s1,GPN2,treated,U2OS,,train
9121,U2OS-03_1_L13_s1_51,U2OS-03,1,L13,s1,GPN2,treated,U2OS,,train
9122,U2OS-03_1_L13_s1_52,U2OS-03,1,L13,s1,GPN2,treated,U2OS,,train
9123,U2OS-03_1_L13_s1_53,U2OS-03,1,L13,s1,GPN2,treated,U2OS,,train
9124,U2OS-03_1_L13_s1_54,U2OS-03,1,L13,s1,GPN2,treated,U2OS,,train
9125,U2OS-03_1_L13_s1_55,U2OS-03,1,L13,s1,GPN2,treated,U2OS,,train
9126,U2OS-03_1_L13_s1_56,U2OS-03,1,L13,s1,GPN2,treated,U2OS,,train
9127,U2OS-03_1_L13_s1_57,U2OS-03,1,L13,s1,GPN2,treated,U2OS,,train
9128,U2OS-03_1_L13_s1_62,U2OS-03,1,L13,s1,GPN2,treated,U2OS,,train
9129,U2OS-03_1_L13_s1_63,U2OS-03,1,L13,s1,GPN2,treated,U2OS,,train
9130,U2OS-03_1_L13_s1_65,U2OS-03,1,L13,s1,GPN2,treated,U2OS,,train
9131,U2OS-03_1_L13_s1_67,U2OS-03,1,L13,s1,GPN2,treated,U2OS,,train
9132,U2OS-03_1_L13_s1_68,U2OS-03,1,L13,s1,GPN2,treated,U2OS,,train
9133,U2OS-03_1_L13_s1_70,U2OS-03,1,L13,s1,GPN2,treated,U2OS,,train
9134,U2OS-03_1_L13_s1_74,U2OS-03,1,L13,s1,GPN2,treated,U2OS,,train
9135,U2OS-03_1_L13_s1_76,U2OS-03,1,L13,s1,GPN2,treated,U2OS,,train
9136,U2OS-03_1_L13_s1_77,U2OS-03,1,L13,s1,GPN2,treated,U2OS,,train
9137,U2OS-03_1_L13_s1_78,U2OS-03,1,L13,s1,GPN2,treated,U2OS,,train
9138,U2OS-03_1_M12_s1_6,U2OS-03,1,M12,s1,GLRX2,treated,U2OS,,train
9139,U2OS-03_1_M12_s1_9,U2OS-03,1,M12,s1,GLRX2,treated,U2OS,,train
9140,U2OS-03_1_M12_s1_10,U2OS-03,1,M12,s1,GLRX2,treated,U2OS,,train
9141,U2OS-03_1_M12_s1_12,U2OS-03,1,M12,s1,GLRX2,treated,U2OS,,train
9142,U2OS-03_1_M12_s1_15,U2OS-03,1,M12,s1,GLRX2,treated,U2OS,,train
9143,U2OS-03_1_M12_s1_16,U2OS-03,1,M12,s1,GLRX2,treated,U2OS,,train
9144,U2OS-03_1_M12_s1_18,U2OS-03,1,M12,s1,GLRX2,treated,U2OS,,train
9145,U2OS-03_1_M12_s1_19,U2OS-03,1,M12,s1,GLRX2,treated,U2OS,,train
9146,U2OS-03_1_M12_s1_21,U2OS-03,1,M12,s1,GLRX2,treated,U2OS,,train
9147,U2OS-03_1_M12_s1_22,U2OS-03,1,M12,s1,GLRX2,treated,U2OS,,train
9148,U2OS-03_1_M12_s1_23,U2OS-03,1,M12,s1,GLRX2,treated,U2OS,,train
9149,U2OS-03_1_M12_s1_24,U2OS-03,1,M12,s1,GLRX2,treated,U2OS,,train
9150,U2OS-03_1_M12_s1_25,U2OS-03,1,M12,s1,GLRX2,treated,U2OS,,train
9151,U2OS-03_1_M12_s1_26,U2OS-03,1,M12,s1,GLRX2,treated,U2OS,,train
9152,U2OS-03_1_M12_s1_32,U2OS-03,1,M12,s1,GLRX2,treated,U2OS,,train
9153,U2OS-03_1_M12_s1_33,U2OS-03,1,M12,s1,GLRX2,treated,U2OS,,train
9154,U2OS-03_1_M12_s1_34,U2OS-03,1,M12,s1,GLRX2,treated,U2OS,,train
9155,U2OS-03_1_M12_s1_35,U2OS-03,1,M12,s1,GLRX2,treated,U2OS,,train
9156,U2OS-03_1_M12_s1_36,U2OS-03,1,M12,s1,GLRX2,treated,U2OS,,train
9157,U2OS-03_1_M12_s1_37,U2OS-03,1,M12,s1,GLRX2,treated,U2OS,,train
9158,U2OS-03_1_M12_s1_38,U2OS-03,1,M12,s1,GLRX2,treated,U2OS,,train
9159,U2OS-03_1_M12_s1_40,U2OS-03,1,M12,s1,GLRX2,treated,U2OS,,train
9160,U2OS-03_1_M12_s1_41,U2OS-03,1,M12,s1,GLRX2,treated,U2OS,,train
9161,U2OS-03_1_M12_s1_42,U2OS-03,1,M12,s1,GLRX2,treated,U2OS,,train
9162,U2OS-03_1_M12_s1_45,U2OS-03,1,M12,s1,GLRX2,treated,U2OS,,train
9163,U2OS-03_1_M12_s1_46,U2OS-03,1,M12,s1,GLRX2,treated,U2OS,,train
9164,U2OS-03_1_M12_s1_47,U2OS-03,1,M12,s1,GLRX2,treated,U2OS,,train
9165,U2OS-03_1_M12_s1_49,U2OS-03,1,M12,s1,GLRX2,treated,U2OS,,train
9166,U2OS-03_1_M12_s1_51,U2OS-03,1,M12,s1,GLRX2,treated,U2OS,,train
9167,U2OS-03_1_M12_s1_52,U2OS-03,1,M12,s1,GLRX2,treated,U2OS,,train
9168,U2OS-03_1_M12_s1_55,U2OS-03,1,M12,s1,GLRX2,treated,U2OS,,train
9169,U2OS-03_1_M12_s1_57,U2OS-03,1,M12,s1,GLRX2,treated,U2OS,,train
9170,U2OS-03_1_M12_s1_59,U2OS-03,1,M12,s1,GLRX2,treated,U2OS,,train
9171,U2OS-03_1_M12_s1_60,U2OS-03,1,M12,s1,GLRX2,treated,U2OS,,train
9172,U2OS-03_1_M12_s1_61,U2OS-03,1,M12,s1,GLRX2,treated,U2OS,,train
9173,U2OS-03_1_M12_s1_64,U2OS-03,1,M12,s1,GLRX2,treated,U2OS,,train
9174,U2OS-03_1_M12_s1_65,U2OS-03,1,M12,s1,GLRX2,treated,U2OS,,train
9175,U2OS-03_1_M12_s2_8,U2OS-03,1,M12,s2,GLRX2,treated,U2OS,,train
9176,U2OS-03_1_M12_s2_10,U2OS-03,1,M12,s2,GLRX2,treated,U2OS,,train
9177,U2OS-03_1_M12_s2_11,U2OS-03,1,M12,s2,GLRX2,treated,U2OS,,train
9178,U2OS-03_1_N04_s1_13,U2OS-03,1,N04,s1,EHD3,treated,U2OS,,train
9179,U2OS-03_1_N04_s1_15,U2OS-03,1,N04,s1,EHD3,treated,U2OS,,train
9180,U2OS-03_1_N04_s1_16,U2OS-03,1,N04,s1,EHD3,treated,U2OS,,train
9181,U2OS-03_1_N04_s1_20,U2OS-03,1,N04,s1,EHD3,treated,U2OS,,train
9182,U2OS-03_1_N04_s1_23,U2OS-03,1,N04,s1,EHD3,treated,U2OS,,train
9183,U2OS-03_1_N04_s1_24,U2OS-03,1,N04,s1,EHD3,treated,U2OS,,train
9184,U2OS-03_1_N04_s1_26,U2OS-03,1,N04,s1,EHD3,treated,U2OS,,train
9185,U2OS-03_1_N04_s1_27,U2OS-03,1,N04,s1,EHD3,treated,U2OS,,train
9186,U2OS-03_1_N04_s1_29,U2OS-03,1,N04,s1,EHD3,treated,U2OS,,train
9187,U2OS-03_1_N04_s1_30,U2OS-03,1,N04,s1,EHD3,treated,U2OS,,train
9188,U2OS-03_1_N04_s1_31,U2OS-03,1,N04,s1,EHD3,treated,U2OS,,train
9189,U2OS-03_1_N04_s1_32,U2OS-03,1,N04,s1,EHD3,treated,U2OS,,train
9190,U2OS-03_1_N04_s1_33,U2OS-03,1,N04,s1,EHD3,treated,U2OS,,train
9191,U2OS-03_1_N04_s1_35,U2OS-03,1,N04,s1,EHD3,treated,U2OS,,train
9192,U2OS-03_1_N04_s1_41,U2OS-03,1,N04,s1,EHD3,treated,U2OS,,train
9193,U2OS-03_1_N04_s1_42,U2OS-03,1,N04,s1,EHD3,treated,U2OS,,train
9194,U2OS-03_1_N04_s1_45,U2OS-03,1,N04,s1,EHD3,treated,U2OS,,train
9195,U2OS-03_1_N04_s1_46,U2OS-03,1,N04,s1,EHD3,treated,U2OS,,train
9196,U2OS-03_1_N04_s1_47,U2OS-03,1,N04,s1,EHD3,treated,U2OS,,train
9197,U2OS-03_1_N04_s1_48,U2OS-03,1,N04,s1,EHD3,treated,U2OS,,train
9198,U2OS-03_1_N04_s1_49,U2OS-03,1,N04,s1,EHD3,treated,U2OS,,train
9199,U2OS-03_1_N04_s1_51,U2OS-03,1,N04,s1,EHD3,treated,U2OS,,train
9200,U2OS-03_1_N04_s1_53,U2OS-03,1,N04,s1,EHD3,treated,U2OS,,train
9201,U2OS-03_1_N04_s1_55,U2OS-03,1,N04,s1,EHD3,treated,U2OS,,train
9202,U2OS-03_1_N04_s1_56,U2OS-03,1,N04,s1,EHD3,treated,U2OS,,train
9203,U2OS-03_1_N04_s1_58,U2OS-03,1,N04,s1,EHD3,treated,U2OS,,train
9204,U2OS-03_1_N04_s1_59,U2OS-03,1,N04,s1,EHD3,treated,U2OS,,train
9205,U2OS-03_1_N04_s1_60,U2OS-03,1,N04,s1,EHD3,treated,U2OS,,train
9206,U2OS-03_1_N04_s1_61,U2OS-03,1,N04,s1,EHD3,treated,U2OS,,train
9207,U2OS-03_1_N04_s1_63,U2OS-03,1,N04,s1,EHD3,treated,U2OS,,train
9208,U2OS-03_1_N04_s1_66,U2OS-03,1,N04,s1,EHD3,treated,U2OS,,train
9209,U2OS-03_1_N04_s1_67,U2OS-03,1,N04,s1,EHD3,treated,U2OS,,train
9210,U2OS-03_1_N04_s1_69,U2OS-03,1,N04,s1,EHD3,treated,U2OS,,train
9211,U2OS-03_1_N04_s1_70,U2OS-03,1,N04,s1,EHD3,treated,U2OS,,train
9212,U2OS-03_1_N04_s1_71,U2OS-03,1,N04,s1,EHD3,treated,U2OS,,train
9213,U2OS-03_1_N04_s1_73,U2OS-03,1,N04,s1,EHD3,treated,U2OS,,train
9214,U2OS-03_1_N04_s1_75,U2OS-03,1,N04,s1,EHD3,treated,U2OS,,train
9215,U2OS-03_1_N04_s1_78,U2OS-03,1,N04,s1,EHD3,treated,U2OS,,train
9216,U2OS-03_1_N04_s1_79,U2OS-03,1,N04,s1,EHD3,treated,U2OS,,train
9217,U2OS-03_1_N04_s1_80,U2OS-03,1,N04,s1,EHD3,treated,U2OS,,train
9218,U2OS-03_1_N18_s1_15,U2OS-03,1,N18,s1,FXYD5,treated,U2OS,,train
9219,U2OS-03_1_N18_s1_17,U2OS-03,1,N18,s1,FXYD5,treated,U2OS,,train
9220,U2OS-03_1_N18_s1_18,U2OS-03,1,N18,s1,FXYD5,treated,U2OS,,train
9221,U2OS-03_1_N18_s1_22,U2OS-03,1,N18,s1,FXYD5,treated,U2OS,,train
9222,U2OS-03_1_N18_s1_24,U2OS-03,1,N18,s1,FXYD5,treated,U2OS,,train
9223,U2OS-03_1_N18_s1_25,U2OS-03,1,N18,s1,FXYD5,treated,U2OS,,train
9224,U2OS-03_1_N18_s1_26,U2OS-03,1,N18,s1,FXYD5,treated,U2OS,,train
9225,U2OS-03_1_N18_s1_28,U2OS-03,1,N18,s1,FXYD5,treated,U2OS,,train
9226,U2OS-03_1_N18_s1_29,U2OS-03,1,N18,s1,FXYD5,treated,U2OS,,train
9227,U2OS-03_1_N18_s1_30,U2OS-03,1,N18,s1,FXYD5,treated,U2OS,,train
9228,U2OS-03_1_N18_s1_32,U2OS-03,1,N18,s1,FXYD5,treated,U2OS,,train
9229,U2OS-03_1_N18_s1_33,U2OS-03,1,N18,s1,FXYD5,treated,U2OS,,train
9230,U2OS-03_1_N18_s1_34,U2OS-03,1,N18,s1,FXYD5,treated,U2OS,,train
9231,U2OS-03_1_N18_s1_37,U2OS-03,1,N18,s1,FXYD5,treated,U2OS,,train
9232,U2OS-03_1_N18_s1_42,U2OS-03,1,N18,s1,FXYD5,treated,U2OS,,train
9233,U2OS-03_1_N18_s1_43,U2OS-03,1,N18,s1,FXYD5,treated,U2OS,,train
9234,U2OS-03_1_N18_s1_44,U2OS-03,1,N18,s1,FXYD5,treated,U2OS,,train
9235,U2OS-03_1_N18_s1_45,U2OS-03,1,N18,s1,FXYD5,treated,U2OS,,train
9236,U2OS-03_1_N18_s1_46,U2OS-03,1,N18,s1,FXYD5,treated,U2OS,,train
9237,U2OS-03_1_N18_s1_47,U2OS-03,1,N18,s1,FXYD5,treated,U2OS,,train
9238,U2OS-03_1_N18_s1_49,U2OS-03,1,N18,s1,FXYD5,treated,U2OS,,train
9239,U2OS-03_1_N18_s1_51,U2OS-03,1,N18,s1,FXYD5,treated,U2OS,,train
9240,U2OS-03_1_N18_s1_52,U2OS-03,1,N18,s1,FXYD5,treated,U2OS,,train
9241,U2OS-03_1_N18_s1_53,U2OS-03,1,N18,s1,FXYD5,treated,U2OS,,train
9242,U2OS-03_1_N18_s1_55,U2OS-03,1,N18,s1,FXYD5,treated,U2OS,,train
9243,U2OS-03_1_N18_s1_56,U2OS-03,1,N18,s1,FXYD5,treated,U2OS,,train
9244,U2OS-03_1_N18_s1_58,U2OS-03,1,N18,s1,FXYD5,treated,U2OS,,train
9245,U2OS-03_1_N18_s1_59,U2OS-03,1,N18,s1,FXYD5,treated,U2OS,,train
9246,U2OS-03_1_N18_s1_60,U2OS-03,1,N18,s1,FXYD5,treated,U2OS,,train
9247,U2OS-03_1_N18_s1_61,U2OS-03,1,N18,s1,FXYD5,treated,U2OS,,train
9248,U2OS-03_1_N18_s1_64,U2OS-03,1,N18,s1,FXYD5,treated,U2OS,,train
9249,U2OS-03_1_N18_s1_65,U2OS-03,1,N18,s1,FXYD5,treated,U2OS,,train
9250,U2OS-03_1_N18_s1_68,U2OS-03,1,N18,s1,FXYD5,treated,U2OS,,train
9251,U2OS-03_1_N18_s1_71,U2OS-03,1,N18,s1,FXYD5,treated,U2OS,,train
9252,U2OS-03_1_N18_s1_73,U2OS-03,1,N18,s1,FXYD5,treated,U2OS,,train
9253,U2OS-03_1_N18_s1_76,U2OS-03,1,N18,s1,FXYD5,treated,U2OS,,train
9254,U2OS-03_1_N18_s1_77,U2OS-03,1,N18,s1,FXYD5,treated,U2OS,,train
9255,U2OS-03_1_N18_s1_79,U2OS-03,1,N18,s1,FXYD5,treated,U2OS,,train
9256,U2OS-03_1_N18_s1_81,U2OS-03,1,N18,s1,FXYD5,treated,U2OS,,train
9257,U2OS-03_1_N18_s1_83,U2OS-03,1,N18,s1,FXYD5,treated,U2OS,,train
9258,U2OS-03_1_O06_s1_7,U2OS-03,1,O06,s1,FAM63B,treated,U2OS,,train
9259,U2OS-03_1_O06_s1_9,U2OS-03,1,O06,s1,FAM63B,treated,U2OS,,train
9260,U2OS-03_1_O06_s1_10,U2OS-03,1,O06,s1,FAM63B,treated,U2OS,,train
9261,U2OS-03_1_O06_s1_12,U2OS-03,1,O06,s1,FAM63B,treated,U2OS,,train
9262,U2OS-03_1_O06_s1_14,U2OS-03,1,O06,s1,FAM63B,treated,U2OS,,train
9263,U2OS-03_1_O06_s1_15,U2OS-03,1,O06,s1,FAM63B,treated,U2OS,,train
9264,U2OS-03_1_O06_s1_17,U2OS-03,1,O06,s1,FAM63B,treated,U2OS,,train
9265,U2OS-03_1_O06_s1_21,U2OS-03,1,O06,s1,FAM63B,treated,U2OS,,train
9266,U2OS-03_1_O06_s1_22,U2OS-03,1,O06,s1,FAM63B,treated,U2OS,,train
9267,U2OS-03_1_O06_s1_23,U2OS-03,1,O06,s1,FAM63B,treated,U2OS,,train
9268,U2OS-03_1_O06_s1_24,U2OS-03,1,O06,s1,FAM63B,treated,U2OS,,train
9269,U2OS-03_1_O06_s1_25,U2OS-03,1,O06,s1,FAM63B,treated,U2OS,,train
9270,U2OS-03_1_O06_s1_26,U2OS-03,1,O06,s1,FAM63B,treated,U2OS,,train
9271,U2OS-03_1_O06_s1_27,U2OS-03,1,O06,s1,FAM63B,treated,U2OS,,train
9272,U2OS-03_1_O06_s1_31,U2OS-03,1,O06,s1,FAM63B,treated,U2OS,,train
9273,U2OS-03_1_O06_s1_33,U2OS-03,1,O06,s1,FAM63B,treated,U2OS,,train
9274,U2OS-03_1_O06_s1_34,U2OS-03,1,O06,s1,FAM63B,treated,U2OS,,train
9275,U2OS-03_1_O06_s1_35,U2OS-03,1,O06,s1,FAM63B,treated,U2OS,,train
9276,U2OS-03_1_O06_s1_37,U2OS-03,1,O06,s1,FAM63B,treated,U2OS,,train
9277,U2OS-03_1_O06_s1_38,U2OS-03,1,O06,s1,FAM63B,treated,U2OS,,train
9278,U2OS-03_1_O06_s1_39,U2OS-03,1,O06,s1,FAM63B,treated,U2OS,,train
9279,U2OS-03_1_O06_s1_41,U2OS-03,1,O06,s1,FAM63B,treated,U2OS,,train
9280,U2OS-03_1_O06_s1_43,U2OS-03,1,O06,s1,FAM63B,treated,U2OS,,train
9281,U2OS-03_1_O06_s1_45,U2OS-03,1,O06,s1,FAM63B,treated,U2OS,,train
9282,U2OS-03_1_O06_s1_46,U2OS-03,1,O06,s1,FAM63B,treated,U2OS,,train
9283,U2OS-03_1_O06_s2_6,U2OS-03,1,O06,s2,FAM63B,treated,U2OS,,train
9284,U2OS-03_1_O06_s2_7,U2OS-03,1,O06,s2,FAM63B,treated,U2OS,,train
9285,U2OS-03_1_O06_s2_8,U2OS-03,1,O06,s2,FAM63B,treated,U2OS,,train
9286,U2OS-03_1_O06_s2_9,U2OS-03,1,O06,s2,FAM63B,treated,U2OS,,train
9287,U2OS-03_1_O06_s2_11,U2OS-03,1,O06,s2,FAM63B,treated,U2OS,,train
9288,U2OS-03_1_O06_s2_15,U2OS-03,1,O06,s2,FAM63B,treated,U2OS,,train
9289,U2OS-03_1_O06_s2_16,U2OS-03,1,O06,s2,FAM63B,treated,U2OS,,train
9290,U2OS-03_1_O06_s2_18,U2OS-03,1,O06,s2,FAM63B,treated,U2OS,,train
9291,U2OS-03_1_O06_s2_19,U2OS-03,1,O06,s2,FAM63B,treated,U2OS,,train
9292,U2OS-03_1_O06_s2_20,U2OS-03,1,O06,s2,FAM63B,treated,U2OS,,train
9293,U2OS-03_1_O06_s2_22,U2OS-03,1,O06,s2,FAM63B,treated,U2OS,,train
9294,U2OS-03_1_O06_s2_23,U2OS-03,1,O06,s2,FAM63B,treated,U2OS,,train
9295,U2OS-03_1_O06_s2_25,U2OS-03,1,O06,s2,FAM63B,treated,U2OS,,train
9296,U2OS-03_1_O06_s2_26,U2OS-03,1,O06,s2,FAM63B,treated,U2OS,,train
9297,U2OS-03_1_O06_s2_27,U2OS-03,1,O06,s2,FAM63B,treated,U2OS,,train
9298,U2OS-03_1_O19_s1_10,U2OS-03,1,O19,s1,DDX41,treated,U2OS,,train
9299,U2OS-03_1_O19_s1_12,U2OS-03,1,O19,s1,DDX41,treated,U2OS,,train
9300,U2OS-03_1_O19_s1_13,U2OS-03,1,O19,s1,DDX41,treated,U2OS,,train
9301,U2OS-03_1_O19_s1_17,U2OS-03,1,O19,s1,DDX41,treated,U2OS,,train
9302,U2OS-03_1_O19_s1_20,U2OS-03,1,O19,s1,DDX41,treated,U2OS,,train
9303,U2OS-03_1_O19_s1_21,U2OS-03,1,O19,s1,DDX41,treated,U2OS,,train
9304,U2OS-03_1_O19_s1_22,U2OS-03,1,O19,s1,DDX41,treated,U2OS,,train
9305,U2OS-03_1_O19_s1_23,U2OS-03,1,O19,s1,DDX41,treated,U2OS,,train
9306,U2OS-03_1_O19_s1_24,U2OS-03,1,O19,s1,DDX41,treated,U2OS,,train
9307,U2OS-03_1_O19_s1_27,U2OS-03,1,O19,s1,DDX41,treated,U2OS,,train
9308,U2OS-03_1_O19_s1_28,U2OS-03,1,O19,s1,DDX41,treated,U2OS,,train
9309,U2OS-03_1_O19_s1_29,U2OS-03,1,O19,s1,DDX41,treated,U2OS,,train
9310,U2OS-03_1_O19_s1_30,U2OS-03,1,O19,s1,DDX41,treated,U2OS,,train
9311,U2OS-03_1_O19_s1_31,U2OS-03,1,O19,s1,DDX41,treated,U2OS,,train
9312,U2OS-03_1_O19_s1_36,U2OS-03,1,O19,s1,DDX41,treated,U2OS,,train
9313,U2OS-03_1_O19_s1_37,U2OS-03,1,O19,s1,DDX41,treated,U2OS,,train
9314,U2OS-03_1_O19_s1_38,U2OS-03,1,O19,s1,DDX41,treated,U2OS,,train
9315,U2OS-03_1_O19_s1_40,U2OS-03,1,O19,s1,DDX41,treated,U2OS,,train
9316,U2OS-03_1_O19_s1_41,U2OS-03,1,O19,s1,DDX41,treated,U2OS,,train
9317,U2OS-03_1_O19_s1_42,U2OS-03,1,O19,s1,DDX41,treated,U2OS,,train
9318,U2OS-03_1_O19_s1_45,U2OS-03,1,O19,s1,DDX41,treated,U2OS,,train
9319,U2OS-03_1_O19_s1_47,U2OS-03,1,O19,s1,DDX41,treated,U2OS,,train
9320,U2OS-03_1_O19_s1_49,U2OS-03,1,O19,s1,DDX41,treated,U2OS,,train
9321,U2OS-03_1_O19_s1_50,U2OS-03,1,O19,s1,DDX41,treated,U2OS,,train
9322,U2OS-03_1_O19_s1_52,U2OS-03,1,O19,s1,DDX41,treated,U2OS,,train
9323,U2OS-03_1_O19_s1_54,U2OS-03,1,O19,s1,DDX41,treated,U2OS,,train
9324,U2OS-03_1_O19_s1_55,U2OS-03,1,O19,s1,DDX41,treated,U2OS,,train
9325,U2OS-03_1_O19_s1_56,U2OS-03,1,O19,s1,DDX41,treated,U2OS,,train
9326,U2OS-03_1_O19_s1_57,U2OS-03,1,O19,s1,DDX41,treated,U2OS,,train
9327,U2OS-03_1_O19_s1_60,U2OS-03,1,O19,s1,DDX41,treated,U2OS,,train
9328,U2OS-03_1_O19_s1_62,U2OS-03,1,O19,s1,DDX41,treated,U2OS,,train
9329,U2OS-03_1_O19_s1_63,U2OS-03,1,O19,s1,DDX41,treated,U2OS,,train
9330,U2OS-03_1_O19_s1_65,U2OS-03,1,O19,s1,DDX41,treated,U2OS,,train
9331,U2OS-03_1_O19_s1_66,U2OS-03,1,O19,s1,DDX41,treated,U2OS,,train
9332,U2OS-03_1_O19_s1_68,U2OS-03,1,O19,s1,DDX41,treated,U2OS,,train
9333,U2OS-03_1_O19_s2_11,U2OS-03,1,O19,s2,DDX41,treated,U2OS,,train
9334,U2OS-03_1_O19_s2_12,U2OS-03,1,O19,s2,DDX41,treated,U2OS,,train
9335,U2OS-03_1_O19_s2_16,U2OS-03,1,O19,s2,DDX41,treated,U2OS,,train
9336,U2OS-03_1_O19_s2_17,U2OS-03,1,O19,s2,DDX41,treated,U2OS,,train
9337,U2OS-03_1_O19_s2_19,U2OS-03,1,O19,s2,DDX41,treated,U2OS,,train
9338,U2OS-03_4_B02_s1_18,U2OS-03,4,B02,s1,UNTREATED,negative_control,U2OS,,train
9339,U2OS-03_4_B02_s1_19,U2OS-03,4,B02,s1,UNTREATED,negative_control,U2OS,,train
9340,U2OS-03_4_B02_s1_20,U2OS-03,4,B02,s1,UNTREATED,negative_control,U2OS,,train
9341,U2OS-03_4_B02_s1_22,U2OS-03,4,B02,s1,UNTREATED,negative_control,U2OS,,train
9342,U2OS-03_4_B02_s1_24,U2OS-03,4,B02,s1,UNTREATED,negative_control,U2OS,,train
9343,U2OS-03_4_B02_s1_25,U2OS-03,4,B02,s1,UNTREATED,negative_control,U2OS,,train
9344,U2OS-03_4_B02_s1_26,U2OS-03,4,B02,s1,UNTREATED,negative_control,U2OS,,train
9345,U2OS-03_4_B02_s1_28,U2OS-03,4,B02,s1,UNTREATED,negative_control,U2OS,,train
9346,U2OS-03_4_B02_s1_30,U2OS-03,4,B02,s1,UNTREATED,negative_control,U2OS,,train
9347,U2OS-03_4_B02_s1_31,U2OS-03,4,B02,s1,UNTREATED,negative_control,U2OS,,train
9348,U2OS-03_4_B02_s1_32,U2OS-03,4,B02,s1,UNTREATED,negative_control,U2OS,,train
9349,U2OS-03_4_B02_s1_33,U2OS-03,4,B02,s1,UNTREATED,negative_control,U2OS,,train
9350,U2OS-03_4_B02_s1_34,U2OS-03,4,B02,s1,UNTREATED,negative_control,U2OS,,train
9351,U2OS-03_4_B02_s1_35,U2OS-03,4,B02,s1,UNTREATED,negative_control,U2OS,,train
9352,U2OS-03_4_B02_s1_39,U2OS-03,4,B02,s1,UNTREATED,negative_control,U2OS,,train
9353,U2OS-03_4_B02_s1_40,U2OS-03,4,B02,s1,UNTREATED,negative_control,U2OS,,train
9354,U2OS-03_4_B02_s1_43,U2OS-03,4,B02,s1,UNTREATED,negative_control,U2OS,,train
9355,U2OS-03_4_B02_s1_44,U2OS-03,4,B02,s1,UNTREATED,negative_control,U2OS,,train
9356,U2OS-03_4_B02_s1_45,U2OS-03,4,B02,s1,UNTREATED,negative_control,U2OS,,train
9357,U2OS-03_4_B02_s1_46,U2OS-03,4,B02,s1,UNTREATED,negative_control,U2OS,,train
9358,U2OS-03_4_B02_s1_47,U2OS-03,4,B02,s1,UNTREATED,negative_control,U2OS,,train
9359,U2OS-03_4_B02_s1_50,U2OS-03,4,B02,s1,UNTREATED,negative_control,U2OS,,train
9360,U2OS-03_4_B02_s1_52,U2OS-03,4,B02,s1,UNTREATED,negative_control,U2OS,,train
9361,U2OS-03_4_B02_s1_53,U2OS-03,4,B02,s1,UNTREATED,negative_control,U2OS,,train
9362,U2OS-03_4_B02_s1_54,U2OS-03,4,B02,s1,UNTREATED,negative_control,U2OS,,train
9363,U2OS-03_4_B02_s1_58,U2OS-03,4,B02,s1,UNTREATED,negative_control,U2OS,,train
9364,U2OS-03_4_B02_s1_59,U2OS-03,4,B02,s1,UNTREATED,negative_control,U2OS,,train
9365,U2OS-03_4_B02_s1_60,U2OS-03,4,B02,s1,UNTREATED,negative_control,U2OS,,train
9366,U2OS-03_4_B02_s1_61,U2OS-03,4,B02,s1,UNTREATED,negative_control,U2OS,,train
9367,U2OS-03_4_B02_s1_62,U2OS-03,4,B02,s1,UNTREATED,negative_control,U2OS,,train
9368,U2OS-03_4_B02_s1_65,U2OS-03,4,B02,s1,UNTREATED,negative_control,U2OS,,train
9369,U2OS-03_4_B02_s1_66,U2OS-03,4,B02,s1,UNTREATED,negative_control,U2OS,,train
9370,U2OS-03_4_B02_s1_69,U2OS-03,4,B02,s1,UNTREATED,negative_control,U2OS,,train
9371,U2OS-03_4_B02_s1_70,U2OS-03,4,B02,s1,UNTREATED,negative_control,U2OS,,train
9372,U2OS-03_4_B02_s1_72,U2OS-03,4,B02,s1,UNTREATED,negative_control,U2OS,,train
9373,U2OS-03_4_B02_s1_74,U2OS-03,4,B02,s1,UNTREATED,negative_control,U2OS,,train
9374,U2OS-03_4_B02_s1_76,U2OS-03,4,B02,s1,UNTREATED,negative_control,U2OS,,train
9375,U2OS-03_4_B02_s1_78,U2OS-03,4,B02,s1,UNTREATED,negative_control,U2OS,,train
9376,U2OS-03_4_B02_s1_79,U2OS-03,4,B02,s1,UNTREATED,negative_control,U2OS,,train
9377,U2OS-03_4_B02_s1_81,U2OS-03,4,B02,s1,UNTREATED,negative_control,U2OS,,train
9378,U2OS-03_4_B08_s1_11,U2OS-03,4,B08,s1,SEMA4F,treated,U2OS,,train
9379,U2OS-03_4_B08_s1_12,U2OS-03,4,B08,s1,SEMA4F,treated,U2OS,,train
9380,U2OS-03_4_B08_s1_13,U2OS-03,4,B08,s1,SEMA4F,treated,U2OS,,train
9381,U2OS-03_4_B08_s1_16,U2OS-03,4,B08,s1,SEMA4F,treated,U2OS,,train
9382,U2OS-03_4_B08_s1_19,U2OS-03,4,B08,s1,SEMA4F,treated,U2OS,,train
9383,U2OS-03_4_B08_s1_20,U2OS-03,4,B08,s1,SEMA4F,treated,U2OS,,train
9384,U2OS-03_4_B08_s1_22,U2OS-03,4,B08,s1,SEMA4F,treated,U2OS,,train
9385,U2OS-03_4_B08_s1_23,U2OS-03,4,B08,s1,SEMA4F,treated,U2OS,,train
9386,U2OS-03_4_B08_s1_24,U2OS-03,4,B08,s1,SEMA4F,treated,U2OS,,train
9387,U2OS-03_4_B08_s1_25,U2OS-03,4,B08,s1,SEMA4F,treated,U2OS,,train
9388,U2OS-03_4_B08_s1_27,U2OS-03,4,B08,s1,SEMA4F,treated,U2OS,,train
9389,U2OS-03_4_B08_s1_29,U2OS-03,4,B08,s1,SEMA4F,treated,U2OS,,train
9390,U2OS-03_4_B08_s1_30,U2OS-03,4,B08,s1,SEMA4F,treated,U2OS,,train
9391,U2OS-03_4_B08_s1_31,U2OS-03,4,B08,s1,SEMA4F,treated,U2OS,,train
9392,U2OS-03_4_B08_s1_36,U2OS-03,4,B08,s1,SEMA4F,treated,U2OS,,train
9393,U2OS-03_4_B08_s1_37,U2OS-03,4,B08,s1,SEMA4F,treated,U2OS,,train
9394,U2OS-03_4_B08_s1_38,U2OS-03,4,B08,s1,SEMA4F,treated,U2OS,,train
9395,U2OS-03_4_B08_s1_39,U2OS-03,4,B08,s1,SEMA4F,treated,U2OS,,train
9396,U2OS-03_4_B08_s1_40,U2OS-03,4,B08,s1,SEMA4F,treated,U2OS,,train
9397,U2OS-03_4_B08_s1_41,U2OS-03,4,B08,s1,SEMA4F,treated,U2OS,,train
9398,U2OS-03_4_B08_s1_42,U2OS-03,4,B08,s1,SEMA4F,treated,U2OS,,train
9399,U2OS-03_4_B08_s1_44,U2OS-03,4,B08,s1,SEMA4F,treated,U2OS,,train
9400,U2OS-03_4_B08_s1_45,U2OS-03,4,B08,s1,SEMA4F,treated,U2OS,,train
9401,U2OS-03_4_B08_s1_48,U2OS-03,4,B08,s1,SEMA4F,treated,U2OS,,train
9402,U2OS-03_4_B08_s1_49,U2OS-03,4,B08,s1,SEMA4F,treated,U2OS,,train
9403,U2OS-03_4_B08_s1_50,U2OS-03,4,B08,s1,SEMA4F,treated,U2OS,,train
9404,U2OS-03_4_B08_s1_51,U2OS-03,4,B08,s1,SEMA4F,treated,U2OS,,train
9405,U2OS-03_4_B08_s1_52,U2OS-03,4,B08,s1,SEMA4F,treated,U2OS,,train
9406,U2OS-03_4_B08_s1_53,U2OS-03,4,B08,s1,SEMA4F,treated,U2OS,,train
9407,U2OS-03_4_B08_s1_54,U2OS-03,4,B08,s1,SEMA4F,treated,U2OS,,train
9408,U2OS-03_4_B08_s1_57,U2OS-03,4,B08,s1,SEMA4F,treated,U2OS,,train
9409,U2OS-03_4_B08_s1_58,U2OS-03,4,B08,s1,SEMA4F,treated,U2OS,,train
9410,U2OS-03_4_B08_s1_60,U2OS-03,4,B08,s1,SEMA4F,treated,U2OS,,train
9411,U2OS-03_4_B08_s1_61,U2OS-03,4,B08,s1,SEMA4F,treated,U2OS,,train
9412,U2OS-03_4_B08_s1_63,U2OS-03,4,B08,s1,SEMA4F,treated,U2OS,,train
9413,U2OS-03_4_B08_s1_65,U2OS-03,4,B08,s1,SEMA4F,treated,U2OS,,train
9414,U2OS-03_4_B08_s1_66,U2OS-03,4,B08,s1,SEMA4F,treated,U2OS,,train
9415,U2OS-03_4_B08_s1_68,U2OS-03,4,B08,s1,SEMA4F,treated,U2OS,,train
9416,U2OS-03_4_B08_s1_72,U2OS-03,4,B08,s1,SEMA4F,treated,U2OS,,train
9417,U2OS-03_4_B08_s1_73,U2OS-03,4,B08,s1,SEMA4F,treated,U2OS,,train
9418,U2OS-03_4_B21_s1_12,U2OS-03,4,B21,s1,ARID3B,treated,U2OS,,train
9419,U2OS-03_4_B21_s1_13,U2OS-03,4,B21,s1,ARID3B,treated,U2OS,,train
9420,U2OS-03_4_B21_s1_19,U2OS-03,4,B21,s1,ARID3B,treated,U2OS,,train
9421,U2OS-03_4_B21_s1_21,U2OS-03,4,B21,s1,ARID3B,treated,U2OS,,train
9422,U2OS-03_4_B21_s1_24,U2OS-03,4,B21,s1,ARID3B,treated,U2OS,,train
9423,U2OS-03_4_B21_s1_26,U2OS-03,4,B21,s1,ARID3B,treated,U2OS,,train
9424,U2OS-03_4_B21_s1_29,U2OS-03,4,B21,s1,ARID3B,treated,U2OS,,train
9425,U2OS-03_4_B21_s1_30,U2OS-03,4,B21,s1,ARID3B,treated,U2OS,,train
9426,U2OS-03_4_B21_s1_31,U2OS-03,4,B21,s1,ARID3B,treated,U2OS,,train
9427,U2OS-03_4_B21_s1_32,U2OS-03,4,B21,s1,ARID3B,treated,U2OS,,train
9428,U2OS-03_4_B21_s1_33,U2OS-03,4,B21,s1,ARID3B,treated,U2OS,,train
9429,U2OS-03_4_B21_s1_34,U2OS-03,4,B21,s1,ARID3B,treated,U2OS,,train
9430,U2OS-03_4_B21_s1_35,U2OS-03,4,B21,s1,ARID3B,treated,U2OS,,train
9431,U2OS-03_4_B21_s1_36,U2OS-03,4,B21,s1,ARID3B,treated,U2OS,,train
9432,U2OS-03_4_B21_s1_40,U2OS-03,4,B21,s1,ARID3B,treated,U2OS,,train
9433,U2OS-03_4_B21_s1_41,U2OS-03,4,B21,s1,ARID3B,treated,U2OS,,train
9434,U2OS-03_4_B21_s1_42,U2OS-03,4,B21,s1,ARID3B,treated,U2OS,,train
9435,U2OS-03_4_B21_s1_43,U2OS-03,4,B21,s1,ARID3B,treated,U2OS,,train
9436,U2OS-03_4_B21_s1_44,U2OS-03,4,B21,s1,ARID3B,treated,U2OS,,train
9437,U2OS-03_4_B21_s1_46,U2OS-03,4,B21,s1,ARID3B,treated,U2OS,,train
9438,U2OS-03_4_B21_s1_47,U2OS-03,4,B21,s1,ARID3B,treated,U2OS,,train
9439,U2OS-03_4_B21_s1_49,U2OS-03,4,B21,s1,ARID3B,treated,U2OS,,train
9440,U2OS-03_4_B21_s1_50,U2OS-03,4,B21,s1,ARID3B,treated,U2OS,,train
9441,U2OS-03_4_B21_s1_52,U2OS-03,4,B21,s1,ARID3B,treated,U2OS,,train
9442,U2OS-03_4_B21_s1_53,U2OS-03,4,B21,s1,ARID3B,treated,U2OS,,train
9443,U2OS-03_4_B21_s1_54,U2OS-03,4,B21,s1,ARID3B,treated,U2OS,,train
9444,U2OS-03_4_B21_s1_55,U2OS-03,4,B21,s1,ARID3B,treated,U2OS,,train
9445,U2OS-03_4_B21_s1_57,U2OS-03,4,B21,s1,ARID3B,treated,U2OS,,train
9446,U2OS-03_4_B21_s1_58,U2OS-03,4,B21,s1,ARID3B,treated,U2OS,,train
9447,U2OS-03_4_B21_s1_59,U2OS-03,4,B21,s1,ARID3B,treated,U2OS,,train
9448,U2OS-03_4_B21_s1_61,U2OS-03,4,B21,s1,ARID3B,treated,U2OS,,train
9449,U2OS-03_4_B21_s1_62,U2OS-03,4,B21,s1,ARID3B,treated,U2OS,,train
9450,U2OS-03_4_B21_s1_65,U2OS-03,4,B21,s1,ARID3B,treated,U2OS,,train
9451,U2OS-03_4_B21_s1_68,U2OS-03,4,B21,s1,ARID3B,treated,U2OS,,train
9452,U2OS-03_4_B21_s1_69,U2OS-03,4,B21,s1,ARID3B,treated,U2OS,,train
9453,U2OS-03_4_B21_s1_71,U2OS-03,4,B21,s1,ARID3B,treated,U2OS,,train
9454,U2OS-03_4_B21_s1_72,U2OS-03,4,B21,s1,ARID3B,treated,U2OS,,train
9455,U2OS-03_4_B21_s1_75,U2OS-03,4,B21,s1,ARID3B,treated,U2OS,,train
9456,U2OS-03_4_B21_s1_77,U2OS-03,4,B21,s1,ARID3B,treated,U2OS,,train
9457,U2OS-03_4_B21_s1_78,U2OS-03,4,B21,s1,ARID3B,treated,U2OS,,train
9458,U2OS-03_4_C06_s1_14,U2OS-03,4,C06,s1,EFS,treated,U2OS,,train
9459,U2OS-03_4_C06_s1_16,U2OS-03,4,C06,s1,EFS,treated,U2OS,,train
9460,U2OS-03_4_C06_s1_17,U2OS-03,4,C06,s1,EFS,treated,U2OS,,train
9461,U2OS-03_4_C06_s1_22,U2OS-03,4,C06,s1,EFS,treated,U2OS,,train
9462,U2OS-03_4_C06_s1_26,U2OS-03,4,C06,s1,EFS,treated,U2OS,,train
9463,U2OS-03_4_C06_s1_27,U2OS-03,4,C06,s1,EFS,treated,U2OS,,train
9464,U2OS-03_4_C06_s1_28,U2OS-03,4,C06,s1,EFS,treated,U2OS,,train
9465,U2OS-03_4_C06_s1_29,U2OS-03,4,C06,s1,EFS,treated,U2OS,,train
9466,U2OS-03_4_C06_s1_30,U2OS-03,4,C06,s1,EFS,treated,U2OS,,train
9467,U2OS-03_4_C06_s1_31,U2OS-03,4,C06,s1,EFS,treated,U2OS,,train
9468,U2OS-03_4_C06_s1_32,U2OS-03,4,C06,s1,EFS,treated,U2OS,,train
9469,U2OS-03_4_C06_s1_33,U2OS-03,4,C06,s1,EFS,treated,U2OS,,train
9470,U2OS-03_4_C06_s1_34,U2OS-03,4,C06,s1,EFS,treated,U2OS,,train
9471,U2OS-03_4_C06_s1_35,U2OS-03,4,C06,s1,EFS,treated,U2OS,,train
9472,U2OS-03_4_C06_s1_41,U2OS-03,4,C06,s1,EFS,treated,U2OS,,train
9473,U2OS-03_4_C06_s1_42,U2OS-03,4,C06,s1,EFS,treated,U2OS,,train
9474,U2OS-03_4_C06_s1_44,U2OS-03,4,C06,s1,EFS,treated,U2OS,,train
9475,U2OS-03_4_C06_s1_45,U2OS-03,4,C06,s1,EFS,treated,U2OS,,train
9476,U2OS-03_4_C06_s1_47,U2OS-03,4,C06,s1,EFS,treated,U2OS,,train
9477,U2OS-03_4_C06_s1_48,U2OS-03,4,C06,s1,EFS,treated,U2OS,,train
9478,U2OS-03_4_C06_s1_49,U2OS-03,4,C06,s1,EFS,treated,U2OS,,train
9479,U2OS-03_4_C06_s1_52,U2OS-03,4,C06,s1,EFS,treated,U2OS,,train
9480,U2OS-03_4_C06_s1_53,U2OS-03,4,C06,s1,EFS,treated,U2OS,,train
9481,U2OS-03_4_C06_s1_54,U2OS-03,4,C06,s1,EFS,treated,U2OS,,train
9482,U2OS-03_4_C06_s1_55,U2OS-03,4,C06,s1,EFS,treated,U2OS,,train
9483,U2OS-03_4_C06_s1_56,U2OS-03,4,C06,s1,EFS,treated,U2OS,,train
9484,U2OS-03_4_C06_s1_57,U2OS-03,4,C06,s1,EFS,treated,U2OS,,train
9485,U2OS-03_4_C06_s1_58,U2OS-03,4,C06,s1,EFS,treated,U2OS,,train
9486,U2OS-03_4_C06_s1_60,U2OS-03,4,C06,s1,EFS,treated,U2OS,,train
9487,U2OS-03_4_C06_s1_61,U2OS-03,4,C06,s1,EFS,treated,U2OS,,train
9488,U2OS-03_4_C06_s1_64,U2OS-03,4,C06,s1,EFS,treated,U2OS,,train
9489,U2OS-03_4_C06_s1_65,U2OS-03,4,C06,s1,EFS,treated,U2OS,,train
9490,U2OS-03_4_C06_s1_69,U2OS-03,4,C06,s1,EFS,treated,U2OS,,train
9491,U2OS-03_4_C06_s1_71,U2OS-03,4,C06,s1,EFS,treated,U2OS,,train
9492,U2OS-03_4_C06_s1_72,U2OS-03,4,C06,s1,EFS,treated,U2OS,,train
9493,U2OS-03_4_C06_s1_74,U2OS-03,4,C06,s1,EFS,treated,U2OS,,train
9494,U2OS-03_4_C06_s1_75,U2OS-03,4,C06,s1,EFS,treated,U2OS,,train
9495,U2OS-03_4_C06_s1_78,U2OS-03,4,C06,s1,EFS,treated,U2OS,,train
9496,U2OS-03_4_C06_s1_79,U2OS-03,4,C06,s1,EFS,treated,U2OS,,train
9497,U2OS-03_4_C06_s1_80,U2OS-03,4,C06,s1,EFS,treated,U2OS,,train
9498,U2OS-03_4_C08_s1_6,U2OS-03,4,C08,s1,APOBEC2,treated,U2OS,,train
9499,U2OS-03_4_C08_s1_9,U2OS-03,4,C08,s1,APOBEC2,treated,U2OS,,train
9500,U2OS-03_4_C08_s1_11,U2OS-03,4,C08,s1,APOBEC2,treated,U2OS,,train
9501,U2OS-03_4_C08_s1_13,U2OS-03,4,C08,s1,APOBEC2,treated,U2OS,,train
9502,U2OS-03_4_C08_s1_16,U2OS-03,4,C08,s1,APOBEC2,treated,U2OS,,train
9503,U2OS-03_4_C08_s1_18,U2OS-03,4,C08,s1,APOBEC2,treated,U2OS,,train
9504,U2OS-03_4_C08_s1_20,U2OS-03,4,C08,s1,APOBEC2,treated,U2OS,,train
9505,U2OS-03_4_C08_s1_21,U2OS-03,4,C08,s1,APOBEC2,treated,U2OS,,train
9506,U2OS-03_4_C08_s1_23,U2OS-03,4,C08,s1,APOBEC2,treated,U2OS,,train
9507,U2OS-03_4_C08_s1_24,U2OS-03,4,C08,s1,APOBEC2,treated,U2OS,,train
9508,U2OS-03_4_C08_s1_25,U2OS-03,4,C08,s1,APOBEC2,treated,U2OS,,train
9509,U2OS-03_4_C08_s1_28,U2OS-03,4,C08,s1,APOBEC2,treated,U2OS,,train
9510,U2OS-03_4_C08_s1_29,U2OS-03,4,C08,s1,APOBEC2,treated,U2OS,,train
9511,U2OS-03_4_C08_s1_31,U2OS-03,4,C08,s1,APOBEC2,treated,U2OS,,train
9512,U2OS-03_4_C08_s1_35,U2OS-03,4,C08,s1,APOBEC2,treated,U2OS,,train
9513,U2OS-03_4_C08_s1_36,U2OS-03,4,C08,s1,APOBEC2,treated,U2OS,,train
9514,U2OS-03_4_C08_s1_37,U2OS-03,4,C08,s1,APOBEC2,treated,U2OS,,train
9515,U2OS-03_4_C08_s1_40,U2OS-03,4,C08,s1,APOBEC2,treated,U2OS,,train
9516,U2OS-03_4_C08_s1_41,U2OS-03,4,C08,s1,APOBEC2,treated,U2OS,,train
9517,U2OS-03_4_C08_s1_42,U2OS-03,4,C08,s1,APOBEC2,treated,U2OS,,train
9518,U2OS-03_4_C08_s1_43,U2OS-03,4,C08,s1,APOBEC2,treated,U2OS,,train
9519,U2OS-03_4_C08_s1_47,U2OS-03,4,C08,s1,APOBEC2,treated,U2OS,,train
9520,U2OS-03_4_C08_s1_49,U2OS-03,4,C08,s1,APOBEC2,treated,U2OS,,train
9521,U2OS-03_4_C08_s1_50,U2OS-03,4,C08,s1,APOBEC2,treated,U2OS,,train
9522,U2OS-03_4_C08_s1_51,U2OS-03,4,C08,s1,APOBEC2,treated,U2OS,,train
9523,U2OS-03_4_C08_s1_52,U2OS-03,4,C08,s1,APOBEC2,treated,U2OS,,train
9524,U2OS-03_4_C08_s1_53,U2OS-03,4,C08,s1,APOBEC2,treated,U2OS,,train
9525,U2OS-03_4_C08_s1_54,U2OS-03,4,C08,s1,APOBEC2,treated,U2OS,,train
9526,U2OS-03_4_C08_s1_55,U2OS-03,4,C08,s1,APOBEC2,treated,U2OS,,train
9527,U2OS-03_4_C08_s1_56,U2OS-03,4,C08,s1,APOBEC2,treated,U2OS,,train
9528,U2OS-03_4_C08_s1_58,U2OS-03,4,C08,s1,APOBEC2,treated,U2OS,,train
9529,U2OS-03_4_C08_s1_59,U2OS-03,4,C08,s1,APOBEC2,treated,U2OS,,train
9530,U2OS-03_4_C08_s1_62,U2OS-03,4,C08,s1,APOBEC2,treated,U2OS,,train
9531,U2OS-03_4_C08_s1_63,U2OS-03,4,C08,s1,APOBEC2,treated,U2OS,,train
9532,U2OS-03_4_C08_s1_64,U2OS-03,4,C08,s1,APOBEC2,treated,U2OS,,train
9533,U2OS-03_4_C08_s1_68,U2OS-03,4,C08,s1,APOBEC2,treated,U2OS,,train
9534,U2OS-03_4_C08_s1_69,U2OS-03,4,C08,s1,APOBEC2,treated,U2OS,,train
9535,U2OS-03_4_C08_s1_71,U2OS-03,4,C08,s1,APOBEC2,treated,U2OS,,train
9536,U2OS-03_4_C08_s1_73,U2OS-03,4,C08,s1,APOBEC2,treated,U2OS,,train
9537,U2OS-03_4_C08_s1_74,U2OS-03,4,C08,s1,APOBEC2,treated,U2OS,,train
9538,U2OS-03_4_C21_s1_8,U2OS-03,4,C21,s1,KDELR3,treated,U2OS,,train
9539,U2OS-03_4_C21_s1_9,U2OS-03,4,C21,s1,KDELR3,treated,U2OS,,train
9540,U2OS-03_4_C21_s1_11,U2OS-03,4,C21,s1,KDELR3,treated,U2OS,,train
9541,U2OS-03_4_C21_s1_18,U2OS-03,4,C21,s1,KDELR3,treated,U2OS,,train
9542,U2OS-03_4_C21_s1_20,U2OS-03,4,C21,s1,KDELR3,treated,U2OS,,train
9543,U2OS-03_4_C21_s1_21,U2OS-03,4,C21,s1,KDELR3,treated,U2OS,,train
9544,U2OS-03_4_C21_s1_22,U2OS-03,4,C21,s1,KDELR3,treated,U2OS,,train
9545,U2OS-03_4_C21_s1_23,U2OS-03,4,C21,s1,KDELR3,treated,U2OS,,train
9546,U2OS-03_4_C21_s1_24,U2OS-03,4,C21,s1,KDELR3,treated,U2OS,,train
9547,U2OS-03_4_C21_s1_25,U2OS-03,4,C21,s1,KDELR3,treated,U2OS,,train
9548,U2OS-03_4_C21_s1_27,U2OS-03,4,C21,s1,KDELR3,treated,U2OS,,train
9549,U2OS-03_4_C21_s1_28,U2OS-03,4,C21,s1,KDELR3,treated,U2OS,,train
9550,U2OS-03_4_C21_s1_29,U2OS-03,4,C21,s1,KDELR3,treated,U2OS,,train
9551,U2OS-03_4_C21_s1_30,U2OS-03,4,C21,s1,KDELR3,treated,U2OS,,train
9552,U2OS-03_4_C21_s1_36,U2OS-03,4,C21,s1,KDELR3,treated,U2OS,,train
9553,U2OS-03_4_C21_s1_37,U2OS-03,4,C21,s1,KDELR3,treated,U2OS,,train
9554,U2OS-03_4_C21_s1_38,U2OS-03,4,C21,s1,KDELR3,treated,U2OS,,train
9555,U2OS-03_4_C21_s1_39,U2OS-03,4,C21,s1,KDELR3,treated,U2OS,,train
9556,U2OS-03_4_C21_s1_40,U2OS-03,4,C21,s1,KDELR3,treated,U2OS,,train
9557,U2OS-03_4_C21_s1_41,U2OS-03,4,C21,s1,KDELR3,treated,U2OS,,train
9558,U2OS-03_4_C21_s1_42,U2OS-03,4,C21,s1,KDELR3,treated,U2OS,,train
9559,U2OS-03_4_C21_s1_44,U2OS-03,4,C21,s1,KDELR3,treated,U2OS,,train
9560,U2OS-03_4_C21_s1_45,U2OS-03,4,C21,s1,KDELR3,treated,U2OS,,train
9561,U2OS-03_4_C21_s1_46,U2OS-03,4,C21,s1,KDELR3,treated,U2OS,,train
9562,U2OS-03_4_C21_s1_47,U2OS-03,4,C21,s1,KDELR3,treated,U2OS,,train
9563,U2OS-03_4_C21_s1_48,U2OS-03,4,C21,s1,KDELR3,treated,U2OS,,train
9564,U2OS-03_4_C21_s1_49,U2OS-03,4,C21,s1,KDELR3,treated,U2OS,,train
9565,U2OS-03_4_C21_s1_50,U2OS-03,4,C21,s1,KDELR3,treated,U2OS,,train
9566,U2OS-03_4_C21_s1_51,U2OS-03,4,C21,s1,KDELR3,treated,U2OS,,train
9567,U2OS-03_4_C21_s1_52,U2OS-03,4,C21,s1,KDELR3,treated,U2OS,,train
9568,U2OS-03_4_C21_s1_54,U2OS-03,4,C21,s1,KDELR3,treated,U2OS,,train
9569,U2OS-03_4_C21_s1_55,U2OS-03,4,C21,s1,KDELR3,treated,U2OS,,train
9570,U2OS-03_4_C21_s1_58,U2OS-03,4,C21,s1,KDELR3,treated,U2OS,,train
9571,U2OS-03_4_C21_s1_59,U2OS-03,4,C21,s1,KDELR3,treated,U2OS,,train
9572,U2OS-03_4_C21_s1_60,U2OS-03,4,C21,s1,KDELR3,treated,U2OS,,train
9573,U2OS-03_4_C21_s1_62,U2OS-03,4,C21,s1,KDELR3,treated,U2OS,,train
9574,U2OS-03_4_C21_s1_63,U2OS-03,4,C21,s1,KDELR3,treated,U2OS,,train
9575,U2OS-03_4_C21_s1_65,U2OS-03,4,C21,s1,KDELR3,treated,U2OS,,train
9576,U2OS-03_4_C21_s1_66,U2OS-03,4,C21,s1,KDELR3,treated,U2OS,,train
9577,U2OS-03_4_C21_s1_67,U2OS-03,4,C21,s1,KDELR3,treated,U2OS,,train
9578,U2OS-03_4_D09_s1_14,U2OS-03,4,D09,s1,B3GNT2,treated,U2OS,,train
9579,U2OS-03_4_D09_s1_17,U2OS-03,4,D09,s1,B3GNT2,treated,U2OS,,train
9580,U2OS-03_4_D09_s1_18,U2OS-03,4,D09,s1,B3GNT2,treated,U2OS,,train
9581,U2OS-03_4_D09_s1_22,U2OS-03,4,D09,s1,B3GNT2,treated,U2OS,,train
9582,U2OS-03_4_D09_s1_26,U2OS-03,4,D09,s1,B3GNT2,treated,U2OS,,train
9583,U2OS-03_4_D09_s1_27,U2OS-03,4,D09,s1,B3GNT2,treated,U2OS,,train
9584,U2OS-03_4_D09_s1_29,U2OS-03,4,D09,s1,B3GNT2,treated,U2OS,,train
9585,U2OS-03_4_D09_s1_30,U2OS-03,4,D09,s1,B3GNT2,treated,U2OS,,train
9586,U2OS-03_4_D09_s1_33,U2OS-03,4,D09,s1,B3GNT2,treated,U2OS,,train
9587,U2OS-03_4_D09_s1_34,U2OS-03,4,D09,s1,B3GNT2,treated,U2OS,,train
9588,U2OS-03_4_D09_s1_35,U2OS-03,4,D09,s1,B3GNT2,treated,U2OS,,train
9589,U2OS-03_4_D09_s1_37,U2OS-03,4,D09,s1,B3GNT2,treated,U2OS,,train
9590,U2OS-03_4_D09_s1_38,U2OS-03,4,D09,s1,B3GNT2,treated,U2OS,,train
9591,U2OS-03_4_D09_s1_39,U2OS-03,4,D09,s1,B3GNT2,treated,U2OS,,train
9592,U2OS-03_4_D09_s1_44,U2OS-03,4,D09,s1,B3GNT2,treated,U2OS,,train
9593,U2OS-03_4_D09_s1_45,U2OS-03,4,D09,s1,B3GNT2,treated,U2OS,,train
9594,U2OS-03_4_D09_s1_47,U2OS-03,4,D09,s1,B3GNT2,treated,U2OS,,train
9595,U2OS-03_4_D09_s1_49,U2OS-03,4,D09,s1,B3GNT2,treated,U2OS,,train
9596,U2OS-03_4_D09_s1_50,U2OS-03,4,D09,s1,B3GNT2,treated,U2OS,,train
9597,U2OS-03_4_D09_s1_51,U2OS-03,4,D09,s1,B3GNT2,treated,U2OS,,train
9598,U2OS-03_4_D09_s1_52,U2OS-03,4,D09,s1,B3GNT2,treated,U2OS,,train
9599,U2OS-03_4_D09_s1_56,U2OS-03,4,D09,s1,B3GNT2,treated,U2OS,,train
9600,U2OS-03_4_D09_s1_57,U2OS-03,4,D09,s1,B3GNT2,treated,U2OS,,train
9601,U2OS-03_4_D09_s1_58,U2OS-03,4,D09,s1,B3GNT2,treated,U2OS,,train
9602,U2OS-03_4_D09_s1_59,U2OS-03,4,D09,s1,B3GNT2,treated,U2OS,,train
9603,U2OS-03_4_D09_s1_60,U2OS-03,4,D09,s1,B3GNT2,treated,U2OS,,train
9604,U2OS-03_4_D09_s1_61,U2OS-03,4,D09,s1,B3GNT2,treated,U2OS,,train
9605,U2OS-03_4_D09_s1_63,U2OS-03,4,D09,s1,B3GNT2,treated,U2OS,,train
9606,U2OS-03_4_D09_s1_64,U2OS-03,4,D09,s1,B3GNT2,treated,U2OS,,train
9607,U2OS-03_4_D09_s1_65,U2OS-03,4,D09,s1,B3GNT2,treated,U2OS,,train
9608,U2OS-03_4_D09_s1_68,U2OS-03,4,D09,s1,B3GNT2,treated,U2OS,,train
9609,U2OS-03_4_D09_s1_69,U2OS-03,4,D09,s1,B3GNT2,treated,U2OS,,train
9610,U2OS-03_4_D09_s1_71,U2OS-03,4,D09,s1,B3GNT2,treated,U2OS,,train
9611,U2OS-03_4_D09_s1_72,U2OS-03,4,D09,s1,B3GNT2,treated,U2OS,,train
9612,U2OS-03_4_D09_s1_74,U2OS-03,4,D09,s1,B3GNT2,treated,U2OS,,train
9613,U2OS-03_4_D09_s1_76,U2OS-03,4,D09,s1,B3GNT2,treated,U2OS,,train
9614,U2OS-03_4_D09_s1_77,U2OS-03,4,D09,s1,B3GNT2,treated,U2OS,,train
9615,U2OS-03_4_D09_s1_81,U2OS-03,4,D09,s1,B3GNT2,treated,U2OS,,train
9616,U2OS-03_4_D09_s1_82,U2OS-03,4,D09,s1,B3GNT2,treated,U2OS,,train
9617,U2OS-03_4_D09_s1_83,U2OS-03,4,D09,s1,B3GNT2,treated,U2OS,,train
9618,U2OS-03_4_D13_s1_10,U2OS-03,4,D13,s1,TRIM28,treated,U2OS,,train
9619,U2OS-03_4_D13_s1_12,U2OS-03,4,D13,s1,TRIM28,treated,U2OS,,train
9620,U2OS-03_4_D13_s1_13,U2OS-03,4,D13,s1,TRIM28,treated,U2OS,,train
9621,U2OS-03_4_D13_s1_15,U2OS-03,4,D13,s1,TRIM28,treated,U2OS,,train
9622,U2OS-03_4_D13_s1_18,U2OS-03,4,D13,s1,TRIM28,treated,U2OS,,train
9623,U2OS-03_4_D13_s1_20,U2OS-03,4,D13,s1,TRIM28,treated,U2OS,,train
9624,U2OS-03_4_D13_s1_21,U2OS-03,4,D13,s1,TRIM28,treated,U2OS,,train
9625,U2OS-03_4_D13_s1_22,U2OS-03,4,D13,s1,TRIM28,treated,U2OS,,train
9626,U2OS-03_4_D13_s1_23,U2OS-03,4,D13,s1,TRIM28,treated,U2OS,,train
9627,U2OS-03_4_D13_s1_24,U2OS-03,4,D13,s1,TRIM28,treated,U2OS,,train
9628,U2OS-03_4_D13_s1_25,U2OS-03,4,D13,s1,TRIM28,treated,U2OS,,train
9629,U2OS-03_4_D13_s1_27,U2OS-03,4,D13,s1,TRIM28,treated,U2OS,,train
9630,U2OS-03_4_D13_s1_29,U2OS-03,4,D13,s1,TRIM28,treated,U2OS,,train
9631,U2OS-03_4_D13_s1_30,U2OS-03,4,D13,s1,TRIM28,treated,U2OS,,train
9632,U2OS-03_4_D13_s1_35,U2OS-03,4,D13,s1,TRIM28,treated,U2OS,,train
9633,U2OS-03_4_D13_s1_36,U2OS-03,4,D13,s1,TRIM28,treated,U2OS,,train
9634,U2OS-03_4_D13_s1_37,U2OS-03,4,D13,s1,TRIM28,treated,U2OS,,train
9635,U2OS-03_4_D13_s1_38,U2OS-03,4,D13,s1,TRIM28,treated,U2OS,,train
9636,U2OS-03_4_D13_s1_39,U2OS-03,4,D13,s1,TRIM28,treated,U2OS,,train
9637,U2OS-03_4_D13_s1_40,U2OS-03,4,D13,s1,TRIM28,treated,U2OS,,train
9638,U2OS-03_4_D13_s1_41,U2OS-03,4,D13,s1,TRIM28,treated,U2OS,,train
9639,U2OS-03_4_D13_s1_45,U2OS-03,4,D13,s1,TRIM28,treated,U2OS,,train
9640,U2OS-03_4_D13_s1_46,U2OS-03,4,D13,s1,TRIM28,treated,U2OS,,train
9641,U2OS-03_4_D13_s1_48,U2OS-03,4,D13,s1,TRIM28,treated,U2OS,,train
9642,U2OS-03_4_D13_s1_49,U2OS-03,4,D13,s1,TRIM28,treated,U2OS,,train
9643,U2OS-03_4_D13_s1_50,U2OS-03,4,D13,s1,TRIM28,treated,U2OS,,train
9644,U2OS-03_4_D13_s1_52,U2OS-03,4,D13,s1,TRIM28,treated,U2OS,,train
9645,U2OS-03_4_D13_s1_53,U2OS-03,4,D13,s1,TRIM28,treated,U2OS,,train
9646,U2OS-03_4_D13_s1_54,U2OS-03,4,D13,s1,TRIM28,treated,U2OS,,train
9647,U2OS-03_4_D13_s1_55,U2OS-03,4,D13,s1,TRIM28,treated,U2OS,,train
9648,U2OS-03_4_D13_s1_58,U2OS-03,4,D13,s1,TRIM28,treated,U2OS,,train
9649,U2OS-03_4_D13_s1_61,U2OS-03,4,D13,s1,TRIM28,treated,U2OS,,train
9650,U2OS-03_4_D13_s2_11,U2OS-03,4,D13,s2,TRIM28,treated,U2OS,,train
9651,U2OS-03_4_D13_s2_12,U2OS-03,4,D13,s2,TRIM28,treated,U2OS,,train
9652,U2OS-03_4_D13_s2_14,U2OS-03,4,D13,s2,TRIM28,treated,U2OS,,train
9653,U2OS-03_4_D13_s2_17,U2OS-03,4,D13,s2,TRIM28,treated,U2OS,,train
9654,U2OS-03_4_D13_s2_18,U2OS-03,4,D13,s2,TRIM28,treated,U2OS,,train
9655,U2OS-03_4_D13_s2_21,U2OS-03,4,D13,s2,TRIM28,treated,U2OS,,train
9656,U2OS-03_4_D13_s2_22,U2OS-03,4,D13,s2,TRIM28,treated,U2OS,,train
9657,U2OS-03_4_D13_s2_23,U2OS-03,4,D13,s2,TRIM28,treated,U2OS,,train
9658,U2OS-03_4_D15_s1_10,U2OS-03,4,D15,s1,RAMP2,treated,U2OS,,train
9659,U2OS-03_4_D15_s1_15,U2OS-03,4,D15,s1,RAMP2,treated,U2OS,,train
9660,U2OS-03_4_D15_s1_18,U2OS-03,4,D15,s1,RAMP2,treated,U2OS,,train
9661,U2OS-03_4_D15_s1_20,U2OS-03,4,D15,s1,RAMP2,treated,U2OS,,train
9662,U2OS-03_4_D15_s1_23,U2OS-03,4,D15,s1,RAMP2,treated,U2OS,,train
9663,U2OS-03_4_D15_s1_24,U2OS-03,4,D15,s1,RAMP2,treated,U2OS,,train
9664,U2OS-03_4_D15_s1_26,U2OS-03,4,D15,s1,RAMP2,treated,U2OS,,train
9665,U2OS-03_4_D15_s1_27,U2OS-03,4,D15,s1,RAMP2,treated,U2OS,,train
9666,U2OS-03_4_D15_s1_28,U2OS-03,4,D15,s1,RAMP2,treated,U2OS,,train
9667,U2OS-03_4_D15_s1_29,U2OS-03,4,D15,s1,RAMP2,treated,U2OS,,train
9668,U2OS-03_4_D15_s1_30,U2OS-03,4,D15,s1,RAMP2,treated,U2OS,,train
9669,U2OS-03_4_D15_s1_31,U2OS-03,4,D15,s1,RAMP2,treated,U2OS,,train
9670,U2OS-03_4_D15_s1_32,U2OS-03,4,D15,s1,RAMP2,treated,U2OS,,train
9671,U2OS-03_4_D15_s1_34,U2OS-03,4,D15,s1,RAMP2,treated,U2OS,,train
9672,U2OS-03_4_D15_s1_38,U2OS-03,4,D15,s1,RAMP2,treated,U2OS,,train
9673,U2OS-03_4_D15_s1_39,U2OS-03,4,D15,s1,RAMP2,treated,U2OS,,train
9674,U2OS-03_4_D15_s1_40,U2OS-03,4,D15,s1,RAMP2,treated,U2OS,,train
9675,U2OS-03_4_D15_s1_42,U2OS-03,4,D15,s1,RAMP2,treated,U2OS,,train
9676,U2OS-03_4_D15_s1_43,U2OS-03,4,D15,s1,RAMP2,treated,U2OS,,train
9677,U2OS-03_4_D15_s1_44,U2OS-03,4,D15,s1,RAMP2,treated,U2OS,,train
9678,U2OS-03_4_D15_s1_45,U2OS-03,4,D15,s1,RAMP2,treated,U2OS,,train
9679,U2OS-03_4_D15_s1_48,U2OS-03,4,D15,s1,RAMP2,treated,U2OS,,train
9680,U2OS-03_4_D15_s1_51,U2OS-03,4,D15,s1,RAMP2,treated,U2OS,,train
9681,U2OS-03_4_D15_s1_52,U2OS-03,4,D15,s1,RAMP2,treated,U2OS,,train
9682,U2OS-03_4_D15_s1_53,U2OS-03,4,D15,s1,RAMP2,treated,U2OS,,train
9683,U2OS-03_4_D15_s1_54,U2OS-03,4,D15,s1,RAMP2,treated,U2OS,,train
9684,U2OS-03_4_D15_s1_55,U2OS-03,4,D15,s1,RAMP2,treated,U2OS,,train
9685,U2OS-03_4_D15_s1_56,U2OS-03,4,D15,s1,RAMP2,treated,U2OS,,train
9686,U2OS-03_4_D15_s1_57,U2OS-03,4,D15,s1,RAMP2,treated,U2OS,,train
9687,U2OS-03_4_D15_s1_59,U2OS-03,4,D15,s1,RAMP2,treated,U2OS,,train
9688,U2OS-03_4_D15_s1_61,U2OS-03,4,D15,s1,RAMP2,treated,U2OS,,train
9689,U2OS-03_4_D15_s1_62,U2OS-03,4,D15,s1,RAMP2,treated,U2OS,,train
9690,U2OS-03_4_D15_s1_66,U2OS-03,4,D15,s1,RAMP2,treated,U2OS,,train
9691,U2OS-03_4_D15_s1_67,U2OS-03,4,D15,s1,RAMP2,treated,U2OS,,train
9692,U2OS-03_4_D15_s1_68,U2OS-03,4,D15,s1,RAMP2,treated,U2OS,,train
9693,U2OS-03_4_D15_s1_70,U2OS-03,4,D15,s1,RAMP2,treated,U2OS,,train
9694,U2OS-03_4_D15_s1_71,U2OS-03,4,D15,s1,RAMP2,treated,U2OS,,train
9695,U2OS-03_4_D15_s1_73,U2OS-03,4,D15,s1,RAMP2,treated,U2OS,,train
9696,U2OS-03_4_D15_s1_74,U2OS-03,4,D15,s1,RAMP2,treated,U2OS,,train
9697,U2OS-03_4_D15_s1_77,U2OS-03,4,D15,s1,RAMP2,treated,U2OS,,train
9698,U2OS-03_4_D21_s1_6,U2OS-03,4,D21,s1,STAM2,treated,U2OS,,train
9699,U2OS-03_4_D21_s1_7,U2OS-03,4,D21,s1,STAM2,treated,U2OS,,train
9700,U2OS-03_4_D21_s1_8,U2OS-03,4,D21,s1,STAM2,treated,U2OS,,train
9701,U2OS-03_4_D21_s1_11,U2OS-03,4,D21,s1,STAM2,treated,U2OS,,train
9702,U2OS-03_4_D21_s1_15,U2OS-03,4,D21,s1,STAM2,treated,U2OS,,train
9703,U2OS-03_4_D21_s1_16,U2OS-03,4,D21,s1,STAM2,treated,U2OS,,train
9704,U2OS-03_4_D21_s1_17,U2OS-03,4,D21,s1,STAM2,treated,U2OS,,train
9705,U2OS-03_4_D21_s1_18,U2OS-03,4,D21,s1,STAM2,treated,U2OS,,train
9706,U2OS-03_4_D21_s1_19,U2OS-03,4,D21,s1,STAM2,treated,U2OS,,train
9707,U2OS-03_4_D21_s1_21,U2OS-03,4,D21,s1,STAM2,treated,U2OS,,train
9708,U2OS-03_4_D21_s1_22,U2OS-03,4,D21,s1,STAM2,treated,U2OS,,train
9709,U2OS-03_4_D21_s1_24,U2OS-03,4,D21,s1,STAM2,treated,U2OS,,train
9710,U2OS-03_4_D21_s1_25,U2OS-03,4,D21,s1,STAM2,treated,U2OS,,train
9711,U2OS-03_4_D21_s1_26,U2OS-03,4,D21,s1,STAM2,treated,U2OS,,train
9712,U2OS-03_4_D21_s1_31,U2OS-03,4,D21,s1,STAM2,treated,U2OS,,train
9713,U2OS-03_4_D21_s1_33,U2OS-03,4,D21,s1,STAM2,treated,U2OS,,train
9714,U2OS-03_4_D21_s1_35,U2OS-03,4,D21,s1,STAM2,treated,U2OS,,train
9715,U2OS-03_4_D21_s1_36,U2OS-03,4,D21,s1,STAM2,treated,U2OS,,train
9716,U2OS-03_4_D21_s1_37,U2OS-03,4,D21,s1,STAM2,treated,U2OS,,train
9717,U2OS-03_4_D21_s1_38,U2OS-03,4,D21,s1,STAM2,treated,U2OS,,train
9718,U2OS-03_4_D21_s1_39,U2OS-03,4,D21,s1,STAM2,treated,U2OS,,train
9719,U2OS-03_4_D21_s1_42,U2OS-03,4,D21,s1,STAM2,treated,U2OS,,train
9720,U2OS-03_4_D21_s1_44,U2OS-03,4,D21,s1,STAM2,treated,U2OS,,train
9721,U2OS-03_4_D21_s1_45,U2OS-03,4,D21,s1,STAM2,treated,U2OS,,train
9722,U2OS-03_4_D21_s1_47,U2OS-03,4,D21,s1,STAM2,treated,U2OS,,train
9723,U2OS-03_4_D21_s1_48,U2OS-03,4,D21,s1,STAM2,treated,U2OS,,train
9724,U2OS-03_4_D21_s1_49,U2OS-03,4,D21,s1,STAM2,treated,U2OS,,train
9725,U2OS-03_4_D21_s1_50,U2OS-03,4,D21,s1,STAM2,treated,U2OS,,train
9726,U2OS-03_4_D21_s1_51,U2OS-03,4,D21,s1,STAM2,treated,U2OS,,train
9727,U2OS-03_4_D21_s1_52,U2OS-03,4,D21,s1,STAM2,treated,U2OS,,train
9728,U2OS-03_4_D21_s1_54,U2OS-03,4,D21,s1,STAM2,treated,U2OS,,train
9729,U2OS-03_4_D21_s1_56,U2OS-03,4,D21,s1,STAM2,treated,U2OS,,train
9730,U2OS-03_4_D21_s1_59,U2OS-03,4,D21,s1,STAM2,treated,U2OS,,train
9731,U2OS-03_4_D21_s1_60,U2OS-03,4,D21,s1,STAM2,treated,U2OS,,train
9732,U2OS-03_4_D21_s1_61,U2OS-03,4,D21,s1,STAM2,treated,U2OS,,train
9733,U2OS-03_4_D21_s1_63,U2OS-03,4,D21,s1,STAM2,treated,U2OS,,train
9734,U2OS-03_4_D21_s1_64,U2OS-03,4,D21,s1,STAM2,treated,U2OS,,train
9735,U2OS-03_4_D21_s1_66,U2OS-03,4,D21,s1,STAM2,treated,U2OS,,train
9736,U2OS-03_4_D21_s1_68,U2OS-03,4,D21,s1,STAM2,treated,U2OS,,train
9737,U2OS-03_4_D21_s1_69,U2OS-03,4,D21,s1,STAM2,treated,U2OS,,train
9738,U2OS-03_4_E06_s1_12,U2OS-03,4,E06,s1,COQ7,treated,U2OS,,train
9739,U2OS-03_4_E06_s1_13,U2OS-03,4,E06,s1,COQ7,treated,U2OS,,train
9740,U2OS-03_4_E06_s1_15,U2OS-03,4,E06,s1,COQ7,treated,U2OS,,train
9741,U2OS-03_4_E06_s1_17,U2OS-03,4,E06,s1,COQ7,treated,U2OS,,train
9742,U2OS-03_4_E06_s1_21,U2OS-03,4,E06,s1,COQ7,treated,U2OS,,train
9743,U2OS-03_4_E06_s1_22,U2OS-03,4,E06,s1,COQ7,treated,U2OS,,train
9744,U2OS-03_4_E06_s1_24,U2OS-03,4,E06,s1,COQ7,treated,U2OS,,train
9745,U2OS-03_4_E06_s1_25,U2OS-03,4,E06,s1,COQ7,treated,U2OS,,train
9746,U2OS-03_4_E06_s1_26,U2OS-03,4,E06,s1,COQ7,treated,U2OS,,train
9747,U2OS-03_4_E06_s1_27,U2OS-03,4,E06,s1,COQ7,treated,U2OS,,train
9748,U2OS-03_4_E06_s1_29,U2OS-03,4,E06,s1,COQ7,treated,U2OS,,train
9749,U2OS-03_4_E06_s1_30,U2OS-03,4,E06,s1,COQ7,treated,U2OS,,train
9750,U2OS-03_4_E06_s1_32,U2OS-03,4,E06,s1,COQ7,treated,U2OS,,train
9751,U2OS-03_4_E06_s1_33,U2OS-03,4,E06,s1,COQ7,treated,U2OS,,train
9752,U2OS-03_4_E06_s1_37,U2OS-03,4,E06,s1,COQ7,treated,U2OS,,train
9753,U2OS-03_4_E06_s1_38,U2OS-03,4,E06,s1,COQ7,treated,U2OS,,train
9754,U2OS-03_4_E06_s1_39,U2OS-03,4,E06,s1,COQ7,treated,U2OS,,train
9755,U2OS-03_4_E06_s1_41,U2OS-03,4,E06,s1,COQ7,treated,U2OS,,train
9756,U2OS-03_4_E06_s1_43,U2OS-03,4,E06,s1,COQ7,treated,U2OS,,train
9757,U2OS-03_4_E06_s1_44,U2OS-03,4,E06,s1,COQ7,treated,U2OS,,train
9758,U2OS-03_4_E06_s1_45,U2OS-03,4,E06,s1,COQ7,treated,U2OS,,train
9759,U2OS-03_4_E06_s1_47,U2OS-03,4,E06,s1,COQ7,treated,U2OS,,train
9760,U2OS-03_4_E06_s1_49,U2OS-03,4,E06,s1,COQ7,treated,U2OS,,train
9761,U2OS-03_4_E06_s1_51,U2OS-03,4,E06,s1,COQ7,treated,U2OS,,train
9762,U2OS-03_4_E06_s1_52,U2OS-03,4,E06,s1,COQ7,treated,U2OS,,train
9763,U2OS-03_4_E06_s1_54,U2OS-03,4,E06,s1,COQ7,treated,U2OS,,train
9764,U2OS-03_4_E06_s1_55,U2OS-03,4,E06,s1,COQ7,treated,U2OS,,train
9765,U2OS-03_4_E06_s1_56,U2OS-03,4,E06,s1,COQ7,treated,U2OS,,train
9766,U2OS-03_4_E06_s1_57,U2OS-03,4,E06,s1,COQ7,treated,U2OS,,train
9767,U2OS-03_4_E06_s1_59,U2OS-03,4,E06,s1,COQ7,treated,U2OS,,train
9768,U2OS-03_4_E06_s1_62,U2OS-03,4,E06,s1,COQ7,treated,U2OS,,train
9769,U2OS-03_4_E06_s1_63,U2OS-03,4,E06,s1,COQ7,treated,U2OS,,train
9770,U2OS-03_4_E06_s1_65,U2OS-03,4,E06,s1,COQ7,treated,U2OS,,train
9771,U2OS-03_4_E06_s1_66,U2OS-03,4,E06,s1,COQ7,treated,U2OS,,train
9772,U2OS-03_4_E06_s1_67,U2OS-03,4,E06,s1,COQ7,treated,U2OS,,train
9773,U2OS-03_4_E06_s1_69,U2OS-03,4,E06,s1,COQ7,treated,U2OS,,train
9774,U2OS-03_4_E06_s1_70,U2OS-03,4,E06,s1,COQ7,treated,U2OS,,train
9775,U2OS-03_4_E06_s1_73,U2OS-03,4,E06,s1,COQ7,treated,U2OS,,train
9776,U2OS-03_4_E06_s1_74,U2OS-03,4,E06,s1,COQ7,treated,U2OS,,train
9777,U2OS-03_4_E06_s1_75,U2OS-03,4,E06,s1,COQ7,treated,U2OS,,train
9778,U2OS-03_4_E08_s1_12,U2OS-03,4,E08,s1,RAB40B,treated,U2OS,,train
9779,U2OS-03_4_E08_s1_15,U2OS-03,4,E08,s1,RAB40B,treated,U2OS,,train
9780,U2OS-03_4_E08_s1_17,U2OS-03,4,E08,s1,RAB40B,treated,U2OS,,train
9781,U2OS-03_4_E08_s1_19,U2OS-03,4,E08,s1,RAB40B,treated,U2OS,,train
9782,U2OS-03_4_E08_s1_22,U2OS-03,4,E08,s1,RAB40B,treated,U2OS,,train
9783,U2OS-03_4_E08_s1_23,U2OS-03,4,E08,s1,RAB40B,treated,U2OS,,train
9784,U2OS-03_4_E08_s1_24,U2OS-03,4,E08,s1,RAB40B,treated,U2OS,,train
9785,U2OS-03_4_E08_s1_26,U2OS-03,4,E08,s1,RAB40B,treated,U2OS,,train
9786,U2OS-03_4_E08_s1_27,U2OS-03,4,E08,s1,RAB40B,treated,U2OS,,train
9787,U2OS-03_4_E08_s1_28,U2OS-03,4,E08,s1,RAB40B,treated,U2OS,,train
9788,U2OS-03_4_E08_s1_29,U2OS-03,4,E08,s1,RAB40B,treated,U2OS,,train
9789,U2OS-03_4_E08_s1_30,U2OS-03,4,E08,s1,RAB40B,treated,U2OS,,train
9790,U2OS-03_4_E08_s1_31,U2OS-03,4,E08,s1,RAB40B,treated,U2OS,,train
9791,U2OS-03_4_E08_s1_33,U2OS-03,4,E08,s1,RAB40B,treated,U2OS,,train
9792,U2OS-03_4_E08_s1_37,U2OS-03,4,E08,s1,RAB40B,treated,U2OS,,train
9793,U2OS-03_4_E08_s1_38,U2OS-03,4,E08,s1,RAB40B,treated,U2OS,,train
9794,U2OS-03_4_E08_s1_39,U2OS-03,4,E08,s1,RAB40B,treated,U2OS,,train
9795,U2OS-03_4_E08_s1_42,U2OS-03,4,E08,s1,RAB40B,treated,U2OS,,train
9796,U2OS-03_4_E08_s1_43,U2OS-03,4,E08,s1,RAB40B,treated,U2OS,,train
9797,U2OS-03_4_E08_s1_44,U2OS-03,4,E08,s1,RAB40B,treated,U2OS,,train
9798,U2OS-03_4_E08_s1_45,U2OS-03,4,E08,s1,RAB40B,treated,U2OS,,train
9799,U2OS-03_4_E08_s1_47,U2OS-03,4,E08,s1,RAB40B,treated,U2OS,,train
9800,U2OS-03_4_E08_s1_48,U2OS-03,4,E08,s1,RAB40B,treated,U2OS,,train
9801,U2OS-03_4_E08_s1_50,U2OS-03,4,E08,s1,RAB40B,treated,U2OS,,train
9802,U2OS-03_4_E08_s1_54,U2OS-03,4,E08,s1,RAB40B,treated,U2OS,,train
9803,U2OS-03_4_E08_s1_55,U2OS-03,4,E08,s1,RAB40B,treated,U2OS,,train
9804,U2OS-03_4_E08_s1_56,U2OS-03,4,E08,s1,RAB40B,treated,U2OS,,train
9805,U2OS-03_4_E08_s1_58,U2OS-03,4,E08,s1,RAB40B,treated,U2OS,,train
9806,U2OS-03_4_E08_s1_59,U2OS-03,4,E08,s1,RAB40B,treated,U2OS,,train
9807,U2OS-03_4_E08_s1_60,U2OS-03,4,E08,s1,RAB40B,treated,U2OS,,train
9808,U2OS-03_4_E08_s1_64,U2OS-03,4,E08,s1,RAB40B,treated,U2OS,,train
9809,U2OS-03_4_E08_s1_65,U2OS-03,4,E08,s1,RAB40B,treated,U2OS,,train
9810,U2OS-03_4_E08_s1_67,U2OS-03,4,E08,s1,RAB40B,treated,U2OS,,train
9811,U2OS-03_4_E08_s1_68,U2OS-03,4,E08,s1,RAB40B,treated,U2OS,,train
9812,U2OS-03_4_E08_s1_69,U2OS-03,4,E08,s1,RAB40B,treated,U2OS,,train
9813,U2OS-03_4_E08_s1_71,U2OS-03,4,E08,s1,RAB40B,treated,U2OS,,train
9814,U2OS-03_4_E08_s1_74,U2OS-03,4,E08,s1,RAB40B,treated,U2OS,,train
9815,U2OS-03_4_E08_s1_76,U2OS-03,4,E08,s1,RAB40B,treated,U2OS,,train
9816,U2OS-03_4_E08_s1_77,U2OS-03,4,E08,s1,RAB40B,treated,U2OS,,train
9817,U2OS-03_4_E08_s1_78,U2OS-03,4,E08,s1,RAB40B,treated,U2OS,,train
9818,U2OS-03_4_F05_s1_18,U2OS-03,4,F05,s1,ARL6IP5,treated,U2OS,,train
9819,U2OS-03_4_F05_s1_19,U2OS-03,4,F05,s1,ARL6IP5,treated,U2OS,,train
9820,U2OS-03_4_F05_s1_20,U2OS-03,4,F05,s1,ARL6IP5,treated,U2OS,,train
9821,U2OS-03_4_F05_s1_23,U2OS-03,4,F05,s1,ARL6IP5,treated,U2OS,,train
9822,U2OS-03_4_F05_s1_25,U2OS-03,4,F05,s1,ARL6IP5,treated,U2OS,,train
9823,U2OS-03_4_F05_s1_26,U2OS-03,4,F05,s1,ARL6IP5,treated,U2OS,,train
9824,U2OS-03_4_F05_s1_28,U2OS-03,4,F05,s1,ARL6IP5,treated,U2OS,,train
9825,U2OS-03_4_F05_s1_29,U2OS-03,4,F05,s1,ARL6IP5,treated,U2OS,,train
9826,U2OS-03_4_F05_s1_30,U2OS-03,4,F05,s1,ARL6IP5,treated,U2OS,,train
9827,U2OS-03_4_F05_s1_31,U2OS-03,4,F05,s1,ARL6IP5,treated,U2OS,,train
9828,U2OS-03_4_F05_s1_33,U2OS-03,4,F05,s1,ARL6IP5,treated,U2OS,,train
9829,U2OS-03_4_F05_s1_34,U2OS-03,4,F05,s1,ARL6IP5,treated,U2OS,,train
9830,U2OS-03_4_F05_s1_36,U2OS-03,4,F05,s1,ARL6IP5,treated,U2OS,,train
9831,U2OS-03_4_F05_s1_37,U2OS-03,4,F05,s1,ARL6IP5,treated,U2OS,,train
9832,U2OS-03_4_F05_s1_43,U2OS-03,4,F05,s1,ARL6IP5,treated,U2OS,,train
9833,U2OS-03_4_F05_s1_45,U2OS-03,4,F05,s1,ARL6IP5,treated,U2OS,,train
9834,U2OS-03_4_F05_s1_46,U2OS-03,4,F05,s1,ARL6IP5,treated,U2OS,,train
9835,U2OS-03_4_F05_s1_47,U2OS-03,4,F05,s1,ARL6IP5,treated,U2OS,,train
9836,U2OS-03_4_F05_s1_49,U2OS-03,4,F05,s1,ARL6IP5,treated,U2OS,,train
9837,U2OS-03_4_F05_s1_50,U2OS-03,4,F05,s1,ARL6IP5,treated,U2OS,,train
9838,U2OS-03_4_F05_s1_51,U2OS-03,4,F05,s1,ARL6IP5,treated,U2OS,,train
9839,U2OS-03_4_F05_s1_54,U2OS-03,4,F05,s1,ARL6IP5,treated,U2OS,,train
9840,U2OS-03_4_F05_s1_55,U2OS-03,4,F05,s1,ARL6IP5,treated,U2OS,,train
9841,U2OS-03_4_F05_s1_58,U2OS-03,4,F05,s1,ARL6IP5,treated,U2OS,,train
9842,U2OS-03_4_F05_s1_59,U2OS-03,4,F05,s1,ARL6IP5,treated,U2OS,,train
9843,U2OS-03_4_F05_s1_60,U2OS-03,4,F05,s1,ARL6IP5,treated,U2OS,,train
9844,U2OS-03_4_F05_s1_61,U2OS-03,4,F05,s1,ARL6IP5,treated,U2OS,,train
9845,U2OS-03_4_F05_s1_62,U2OS-03,4,F05,s1,ARL6IP5,treated,U2OS,,train
9846,U2OS-03_4_F05_s1_65,U2OS-03,4,F05,s1,ARL6IP5,treated,U2OS,,train
9847,U2OS-03_4_F05_s1_66,U2OS-03,4,F05,s1,ARL6IP5,treated,U2OS,,train
9848,U2OS-03_4_F05_s1_68,U2OS-03,4,F05,s1,ARL6IP5,treated,U2OS,,train
9849,U2OS-03_4_F05_s1_69,U2OS-03,4,F05,s1,ARL6IP5,treated,U2OS,,train
9850,U2OS-03_4_F05_s1_71,U2OS-03,4,F05,s1,ARL6IP5,treated,U2OS,,train
9851,U2OS-03_4_F05_s1_72,U2OS-03,4,F05,s1,ARL6IP5,treated,U2OS,,train
9852,U2OS-03_4_F05_s1_73,U2OS-03,4,F05,s1,ARL6IP5,treated,U2OS,,train
9853,U2OS-03_4_F05_s1_75,U2OS-03,4,F05,s1,ARL6IP5,treated,U2OS,,train
9854,U2OS-03_4_F05_s1_76,U2OS-03,4,F05,s1,ARL6IP5,treated,U2OS,,train
9855,U2OS-03_4_F05_s1_80,U2OS-03,4,F05,s1,ARL6IP5,treated,U2OS,,train
9856,U2OS-03_4_F05_s1_82,U2OS-03,4,F05,s1,ARL6IP5,treated,U2OS,,train
9857,U2OS-03_4_F05_s1_83,U2OS-03,4,F05,s1,ARL6IP5,treated,U2OS,,train
9858,U2OS-03_4_F08_s1_10,U2OS-03,4,F08,s1,SMC2,treated,U2OS,,train
9859,U2OS-03_4_F08_s1_12,U2OS-03,4,F08,s1,SMC2,treated,U2OS,,train
9860,U2OS-03_4_F08_s1_15,U2OS-03,4,F08,s1,SMC2,treated,U2OS,,train
9861,U2OS-03_4_F08_s1_17,U2OS-03,4,F08,s1,SMC2,treated,U2OS,,train
9862,U2OS-03_4_F08_s1_19,U2OS-03,4,F08,s1,SMC2,treated,U2OS,,train
9863,U2OS-03_4_F08_s1_20,U2OS-03,4,F08,s1,SMC2,treated,U2OS,,train
9864,U2OS-03_4_F08_s1_22,U2OS-03,4,F08,s1,SMC2,treated,U2OS,,train
9865,U2OS-03_4_F08_s1_24,U2OS-03,4,F08,s1,SMC2,treated,U2OS,,train
9866,U2OS-03_4_F08_s1_25,U2OS-03,4,F08,s1,SMC2,treated,U2OS,,train
9867,U2OS-03_4_F08_s1_26,U2OS-03,4,F08,s1,SMC2,treated,U2OS,,train
9868,U2OS-03_4_F08_s1_27,U2OS-03,4,F08,s1,SMC2,treated,U2OS,,train
9869,U2OS-03_4_F08_s1_28,U2OS-03,4,F08,s1,SMC2,treated,U2OS,,train
9870,U2OS-03_4_F08_s1_29,U2OS-03,4,F08,s1,SMC2,treated,U2OS,,train
9871,U2OS-03_4_F08_s1_31,U2OS-03,4,F08,s1,SMC2,treated,U2OS,,train
9872,U2OS-03_4_F08_s1_40,U2OS-03,4,F08,s1,SMC2,treated,U2OS,,train
9873,U2OS-03_4_F08_s1_42,U2OS-03,4,F08,s1,SMC2,treated,U2OS,,train
9874,U2OS-03_4_F08_s1_43,U2OS-03,4,F08,s1,SMC2,treated,U2OS,,train
9875,U2OS-03_4_F08_s1_44,U2OS-03,4,F08,s1,SMC2,treated,U2OS,,train
9876,U2OS-03_4_F08_s1_45,U2OS-03,4,F08,s1,SMC2,treated,U2OS,,train
9877,U2OS-03_4_F08_s1_47,U2OS-03,4,F08,s1,SMC2,treated,U2OS,,train
9878,U2OS-03_4_F08_s1_49,U2OS-03,4,F08,s1,SMC2,treated,U2OS,,train
9879,U2OS-03_4_F08_s1_51,U2OS-03,4,F08,s1,SMC2,treated,U2OS,,train
9880,U2OS-03_4_F08_s1_53,U2OS-03,4,F08,s1,SMC2,treated,U2OS,,train
9881,U2OS-03_4_F08_s1_57,U2OS-03,4,F08,s1,SMC2,treated,U2OS,,train
9882,U2OS-03_4_F08_s1_58,U2OS-03,4,F08,s1,SMC2,treated,U2OS,,train
9883,U2OS-03_4_F08_s1_60,U2OS-03,4,F08,s1,SMC2,treated,U2OS,,train
9884,U2OS-03_4_F08_s1_61,U2OS-03,4,F08,s1,SMC2,treated,U2OS,,train
9885,U2OS-03_4_F08_s1_63,U2OS-03,4,F08,s1,SMC2,treated,U2OS,,train
9886,U2OS-03_4_F08_s1_64,U2OS-03,4,F08,s1,SMC2,treated,U2OS,,train
9887,U2OS-03_4_F08_s1_65,U2OS-03,4,F08,s1,SMC2,treated,U2OS,,train
9888,U2OS-03_4_F08_s1_67,U2OS-03,4,F08,s1,SMC2,treated,U2OS,,train
9889,U2OS-03_4_F08_s1_68,U2OS-03,4,F08,s1,SMC2,treated,U2OS,,train
9890,U2OS-03_4_F08_s1_71,U2OS-03,4,F08,s1,SMC2,treated,U2OS,,train
9891,U2OS-03_4_F08_s1_72,U2OS-03,4,F08,s1,SMC2,treated,U2OS,,train
9892,U2OS-03_4_F08_s1_73,U2OS-03,4,F08,s1,SMC2,treated,U2OS,,train
9893,U2OS-03_4_F08_s1_75,U2OS-03,4,F08,s1,SMC2,treated,U2OS,,train
9894,U2OS-03_4_F08_s1_76,U2OS-03,4,F08,s1,SMC2,treated,U2OS,,train
9895,U2OS-03_4_F08_s1_78,U2OS-03,4,F08,s1,SMC2,treated,U2OS,,train
9896,U2OS-03_4_F08_s1_79,U2OS-03,4,F08,s1,SMC2,treated,U2OS,,train
9897,U2OS-03_4_F08_s1_80,U2OS-03,4,F08,s1,SMC2,treated,U2OS,,train
9898,U2OS-03_4_G11_s1_9,U2OS-03,4,G11,s1,CCL27,treated,U2OS,,train
9899,U2OS-03_4_G11_s1_10,U2OS-03,4,G11,s1,CCL27,treated,U2OS,,train
9900,U2OS-03_4_G11_s1_11,U2OS-03,4,G11,s1,CCL27,treated,U2OS,,train
9901,U2OS-03_4_G11_s1_14,U2OS-03,4,G11,s1,CCL27,treated,U2OS,,train
9902,U2OS-03_4_G11_s1_17,U2OS-03,4,G11,s1,CCL27,treated,U2OS,,train
9903,U2OS-03_4_G11_s1_18,U2OS-03,4,G11,s1,CCL27,treated,U2OS,,train
9904,U2OS-03_4_G11_s1_19,U2OS-03,4,G11,s1,CCL27,treated,U2OS,,train
9905,U2OS-03_4_G11_s1_20,U2OS-03,4,G11,s1,CCL27,treated,U2OS,,train
9906,U2OS-03_4_G11_s1_21,U2OS-03,4,G11,s1,CCL27,treated,U2OS,,train
9907,U2OS-03_4_G11_s1_22,U2OS-03,4,G11,s1,CCL27,treated,U2OS,,train
9908,U2OS-03_4_G11_s1_23,U2OS-03,4,G11,s1,CCL27,treated,U2OS,,train
9909,U2OS-03_4_G11_s1_24,U2OS-03,4,G11,s1,CCL27,treated,U2OS,,train
9910,U2OS-03_4_G11_s1_25,U2OS-03,4,G11,s1,CCL27,treated,U2OS,,train
9911,U2OS-03_4_G11_s1_26,U2OS-03,4,G11,s1,CCL27,treated,U2OS,,train
9912,U2OS-03_4_G11_s1_34,U2OS-03,4,G11,s1,CCL27,treated,U2OS,,train
9913,U2OS-03_4_G11_s1_35,U2OS-03,4,G11,s1,CCL27,treated,U2OS,,train
9914,U2OS-03_4_G11_s1_36,U2OS-03,4,G11,s1,CCL27,treated,U2OS,,train
9915,U2OS-03_4_G11_s1_38,U2OS-03,4,G11,s1,CCL27,treated,U2OS,,train
9916,U2OS-03_4_G11_s1_40,U2OS-03,4,G11,s1,CCL27,treated,U2OS,,train
9917,U2OS-03_4_G11_s1_41,U2OS-03,4,G11,s1,CCL27,treated,U2OS,,train
9918,U2OS-03_4_G11_s1_42,U2OS-03,4,G11,s1,CCL27,treated,U2OS,,train
9919,U2OS-03_4_G11_s1_44,U2OS-03,4,G11,s1,CCL27,treated,U2OS,,train
9920,U2OS-03_4_G11_s1_45,U2OS-03,4,G11,s1,CCL27,treated,U2OS,,train
9921,U2OS-03_4_G11_s1_46,U2OS-03,4,G11,s1,CCL27,treated,U2OS,,train
9922,U2OS-03_4_G11_s1_51,U2OS-03,4,G11,s1,CCL27,treated,U2OS,,train
9923,U2OS-03_4_G11_s1_52,U2OS-03,4,G11,s1,CCL27,treated,U2OS,,train
9924,U2OS-03_4_G11_s1_53,U2OS-03,4,G11,s1,CCL27,treated,U2OS,,train
9925,U2OS-03_4_G11_s1_54,U2OS-03,4,G11,s1,CCL27,treated,U2OS,,train
9926,U2OS-03_4_G11_s1_55,U2OS-03,4,G11,s1,CCL27,treated,U2OS,,train
9927,U2OS-03_4_G11_s1_56,U2OS-03,4,G11,s1,CCL27,treated,U2OS,,train
9928,U2OS-03_4_G11_s1_59,U2OS-03,4,G11,s1,CCL27,treated,U2OS,,train
9929,U2OS-03_4_G11_s1_60,U2OS-03,4,G11,s1,CCL27,treated,U2OS,,train
9930,U2OS-03_4_G11_s2_9,U2OS-03,4,G11,s2,CCL27,treated,U2OS,,train
9931,U2OS-03_4_G11_s2_11,U2OS-03,4,G11,s2,CCL27,treated,U2OS,,train
9932,U2OS-03_4_G11_s2_12,U2OS-03,4,G11,s2,CCL27,treated,U2OS,,train
9933,U2OS-03_4_G11_s2_14,U2OS-03,4,G11,s2,CCL27,treated,U2OS,,train
9934,U2OS-03_4_G11_s2_15,U2OS-03,4,G11,s2,CCL27,treated,U2OS,,train
9935,U2OS-03_4_G11_s2_18,U2OS-03,4,G11,s2,CCL27,treated,U2OS,,train
9936,U2OS-03_4_G11_s2_19,U2OS-03,4,G11,s2,CCL27,treated,U2OS,,train
9937,U2OS-03_4_G11_s2_21,U2OS-03,4,G11,s2,CCL27,treated,U2OS,,train
9938,U2OS-03_4_G18_s1_2,U2OS-03,4,G18,s1,TRIM3,treated,U2OS,,train
9939,U2OS-03_4_G18_s1_3,U2OS-03,4,G18,s1,TRIM3,treated,U2OS,,train
9940,U2OS-03_4_G18_s1_4,U2OS-03,4,G18,s1,TRIM3,treated,U2OS,,train
9941,U2OS-03_4_G18_s1_7,U2OS-03,4,G18,s1,TRIM3,treated,U2OS,,train
9942,U2OS-03_4_G18_s1_9,U2OS-03,4,G18,s1,TRIM3,treated,U2OS,,train
9943,U2OS-03_4_G18_s1_10,U2OS-03,4,G18,s1,TRIM3,treated,U2OS,,train
9944,U2OS-03_4_G18_s1_11,U2OS-03,4,G18,s1,TRIM3,treated,U2OS,,train
9945,U2OS-03_4_G18_s1_12,U2OS-03,4,G18,s1,TRIM3,treated,U2OS,,train
9946,U2OS-03_4_G18_s1_13,U2OS-03,4,G18,s1,TRIM3,treated,U2OS,,train
9947,U2OS-03_4_G18_s1_16,U2OS-03,4,G18,s1,TRIM3,treated,U2OS,,train
9948,U2OS-03_4_G18_s1_17,U2OS-03,4,G18,s1,TRIM3,treated,U2OS,,train
9949,U2OS-03_4_G18_s1_18,U2OS-03,4,G18,s1,TRIM3,treated,U2OS,,train
9950,U2OS-03_4_G18_s1_19,U2OS-03,4,G18,s1,TRIM3,treated,U2OS,,train
9951,U2OS-03_4_G18_s1_20,U2OS-03,4,G18,s1,TRIM3,treated,U2OS,,train
9952,U2OS-03_4_G18_s1_25,U2OS-03,4,G18,s1,TRIM3,treated,U2OS,,train
9953,U2OS-03_4_G18_s1_26,U2OS-03,4,G18,s1,TRIM3,treated,U2OS,,train
9954,U2OS-03_4_G18_s1_27,U2OS-03,4,G18,s1,TRIM3,treated,U2OS,,train
9955,U2OS-03_4_G18_s1_28,U2OS-03,4,G18,s1,TRIM3,treated,U2OS,,train
9956,U2OS-03_4_G18_s1_29,U2OS-03,4,G18,s1,TRIM3,treated,U2OS,,train
9957,U2OS-03_4_G18_s1_30,U2OS-03,4,G18,s1,TRIM3,treated,U2OS,,train
9958,U2OS-03_4_G18_s1_31,U2OS-03,4,G18,s1,TRIM3,treated,U2OS,,train
9959,U2OS-03_4_G18_s1_33,U2OS-03,4,G18,s1,TRIM3,treated,U2OS,,train
9960,U2OS-03_4_G18_s1_34,U2OS-03,4,G18,s1,TRIM3,treated,U2OS,,train
9961,U2OS-03_4_G18_s1_35,U2OS-03,4,G18,s1,TRIM3,treated,U2OS,,train
9962,U2OS-03_4_G18_s1_36,U2OS-03,4,G18,s1,TRIM3,treated,U2OS,,train
9963,U2OS-03_4_G18_s1_37,U2OS-03,4,G18,s1,TRIM3,treated,U2OS,,train
9964,U2OS-03_4_G18_s1_38,U2OS-03,4,G18,s1,TRIM3,treated,U2OS,,train
9965,U2OS-03_4_G18_s1_39,U2OS-03,4,G18,s1,TRIM3,treated,U2OS,,train
9966,U2OS-03_4_G18_s1_40,U2OS-03,4,G18,s1,TRIM3,treated,U2OS,,train
9967,U2OS-03_4_G18_s2_3,U2OS-03,4,G18,s2,TRIM3,treated,U2OS,,train
9968,U2OS-03_4_G18_s2_10,U2OS-03,4,G18,s2,TRIM3,treated,U2OS,,train
9969,U2OS-03_4_G18_s2_11,U2OS-03,4,G18,s2,TRIM3,treated,U2OS,,train
9970,U2OS-03_4_G18_s2_13,U2OS-03,4,G18,s2,TRIM3,treated,U2OS,,train
9971,U2OS-03_4_G18_s2_14,U2OS-03,4,G18,s2,TRIM3,treated,U2OS,,train
9972,U2OS-03_4_G18_s2_15,U2OS-03,4,G18,s2,TRIM3,treated,U2OS,,train
9973,U2OS-03_4_G18_s2_17,U2OS-03,4,G18,s2,TRIM3,treated,U2OS,,train
9974,U2OS-03_4_G18_s2_18,U2OS-03,4,G18,s2,TRIM3,treated,U2OS,,train
9975,U2OS-03_4_G18_s2_20,U2OS-03,4,G18,s2,TRIM3,treated,U2OS,,train
9976,U2OS-03_4_G18_s2_21,U2OS-03,4,G18,s2,TRIM3,treated,U2OS,,train
9977,U2OS-03_4_G18_s2_22,U2OS-03,4,G18,s2,TRIM3,treated,U2OS,,train
9978,U2OS-03_4_H12_s1_13,U2OS-03,4,H12,s1,IL24,treated,U2OS,,train
9979,U2OS-03_4_H12_s1_14,U2OS-03,4,H12,s1,IL24,treated,U2OS,,train
9980,U2OS-03_4_H12_s1_15,U2OS-03,4,H12,s1,IL24,treated,U2OS,,train
9981,U2OS-03_4_H12_s1_18,U2OS-03,4,H12,s1,IL24,treated,U2OS,,train
9982,U2OS-03_4_H12_s1_20,U2OS-03,4,H12,s1,IL24,treated,U2OS,,train
9983,U2OS-03_4_H12_s1_22,U2OS-03,4,H12,s1,IL24,treated,U2OS,,train
9984,U2OS-03_4_H12_s1_23,U2OS-03,4,H12,s1,IL24,treated,U2OS,,train
9985,U2OS-03_4_H12_s1_24,U2OS-03,4,H12,s1,IL24,treated,U2OS,,train
9986,U2OS-03_4_H12_s1_25,U2OS-03,4,H12,s1,IL24,treated,U2OS,,train
9987,U2OS-03_4_H12_s1_26,U2OS-03,4,H12,s1,IL24,treated,U2OS,,train
9988,U2OS-03_4_H12_s1_27,U2OS-03,4,H12,s1,IL24,treated,U2OS,,train
9989,U2OS-03_4_H12_s1_28,U2OS-03,4,H12,s1,IL24,treated,U2OS,,train
9990,U2OS-03_4_H12_s1_29,U2OS-03,4,H12,s1,IL24,treated,U2OS,,train
9991,U2OS-03_4_H12_s1_31,U2OS-03,4,H12,s1,IL24,treated,U2OS,,train
9992,U2OS-03_4_H12_s1_37,U2OS-03,4,H12,s1,IL24,treated,U2OS,,train
9993,U2OS-03_4_H12_s1_38,U2OS-03,4,H12,s1,IL24,treated,U2OS,,train
9994,U2OS-03_4_H12_s1_39,U2OS-03,4,H12,s1,IL24,treated,U2OS,,train
9995,U2OS-03_4_H12_s1_40,U2OS-03,4,H12,s1,IL24,treated,U2OS,,train
9996,U2OS-03_4_H12_s1_41,U2OS-03,4,H12,s1,IL24,treated,U2OS,,train
9997,U2OS-03_4_H12_s1_44,U2OS-03,4,H12,s1,IL24,treated,U2OS,,train
9998,U2OS-03_4_H12_s1_46,U2OS-03,4,H12,s1,IL24,treated,U2OS,,train
9999,U2OS-03_4_H12_s1_48,U2OS-03,4,H12,s1,IL24,treated,U2OS,,train
10000,U2OS-03_4_H12_s1_49,U2OS-03,4,H12,s1,IL24,treated,U2OS,,train
10001,U2OS-03_4_H12_s1_50,U2OS-03,4,H12,s1,IL24,treated,U2OS,,train
10002,U2OS-03_4_H12_s1_51,U2OS-03,4,H12,s1,IL24,treated,U2OS,,train
10003,U2OS-03_4_H12_s1_52,U2OS-03,4,H12,s1,IL24,treated,U2OS,,train
10004,U2OS-03_4_H12_s1_53,U2OS-03,4,H12,s1,IL24,treated,U2OS,,train
10005,U2OS-03_4_H12_s1_55,U2OS-03,4,H12,s1,IL24,treated,U2OS,,train
10006,U2OS-03_4_H12_s1_56,U2OS-03,4,H12,s1,IL24,treated,U2OS,,train
10007,U2OS-03_4_H12_s1_57,U2OS-03,4,H12,s1,IL24,treated,U2OS,,train
10008,U2OS-03_4_H12_s1_59,U2OS-03,4,H12,s1,IL24,treated,U2OS,,train
10009,U2OS-03_4_H12_s1_60,U2OS-03,4,H12,s1,IL24,treated,U2OS,,train
10010,U2OS-03_4_H12_s1_64,U2OS-03,4,H12,s1,IL24,treated,U2OS,,train
10011,U2OS-03_4_H12_s1_65,U2OS-03,4,H12,s1,IL24,treated,U2OS,,train
10012,U2OS-03_4_H12_s1_66,U2OS-03,4,H12,s1,IL24,treated,U2OS,,train
10013,U2OS-03_4_H12_s1_69,U2OS-03,4,H12,s1,IL24,treated,U2OS,,train
10014,U2OS-03_4_H12_s1_71,U2OS-03,4,H12,s1,IL24,treated,U2OS,,train
10015,U2OS-03_4_H12_s1_73,U2OS-03,4,H12,s1,IL24,treated,U2OS,,train
10016,U2OS-03_4_H12_s1_74,U2OS-03,4,H12,s1,IL24,treated,U2OS,,train
10017,U2OS-03_4_H12_s1_75,U2OS-03,4,H12,s1,IL24,treated,U2OS,,train
10018,U2OS-03_4_I16_s1_9,U2OS-03,4,I16,s1,PAICS,treated,U2OS,,train
10019,U2OS-03_4_I16_s1_11,U2OS-03,4,I16,s1,PAICS,treated,U2OS,,train
10020,U2OS-03_4_I16_s1_13,U2OS-03,4,I16,s1,PAICS,treated,U2OS,,train
10021,U2OS-03_4_I16_s1_16,U2OS-03,4,I16,s1,PAICS,treated,U2OS,,train
10022,U2OS-03_4_I16_s1_19,U2OS-03,4,I16,s1,PAICS,treated,U2OS,,train
10023,U2OS-03_4_I16_s1_20,U2OS-03,4,I16,s1,PAICS,treated,U2OS,,train
10024,U2OS-03_4_I16_s1_21,U2OS-03,4,I16,s1,PAICS,treated,U2OS,,train
10025,U2OS-03_4_I16_s1_23,U2OS-03,4,I16,s1,PAICS,treated,U2OS,,train
10026,U2OS-03_4_I16_s1_24,U2OS-03,4,I16,s1,PAICS,treated,U2OS,,train
10027,U2OS-03_4_I16_s1_25,U2OS-03,4,I16,s1,PAICS,treated,U2OS,,train
10028,U2OS-03_4_I16_s1_26,U2OS-03,4,I16,s1,PAICS,treated,U2OS,,train
10029,U2OS-03_4_I16_s1_27,U2OS-03,4,I16,s1,PAICS,treated,U2OS,,train
10030,U2OS-03_4_I16_s1_28,U2OS-03,4,I16,s1,PAICS,treated,U2OS,,train
10031,U2OS-03_4_I16_s1_29,U2OS-03,4,I16,s1,PAICS,treated,U2OS,,train
10032,U2OS-03_4_I16_s1_36,U2OS-03,4,I16,s1,PAICS,treated,U2OS,,train
10033,U2OS-03_4_I16_s1_38,U2OS-03,4,I16,s1,PAICS,treated,U2OS,,train
10034,U2OS-03_4_I16_s1_39,U2OS-03,4,I16,s1,PAICS,treated,U2OS,,train
10035,U2OS-03_4_I16_s1_40,U2OS-03,4,I16,s1,PAICS,treated,U2OS,,train
10036,U2OS-03_4_I16_s1_41,U2OS-03,4,I16,s1,PAICS,treated,U2OS,,train
10037,U2OS-03_4_I16_s1_43,U2OS-03,4,I16,s1,PAICS,treated,U2OS,,train
10038,U2OS-03_4_I16_s1_44,U2OS-03,4,I16,s1,PAICS,treated,U2OS,,train
10039,U2OS-03_4_I16_s1_46,U2OS-03,4,I16,s1,PAICS,treated,U2OS,,train
10040,U2OS-03_4_I16_s1_47,U2OS-03,4,I16,s1,PAICS,treated,U2OS,,train
10041,U2OS-03_4_I16_s1_48,U2OS-03,4,I16,s1,PAICS,treated,U2OS,,train
10042,U2OS-03_4_I16_s1_49,U2OS-03,4,I16,s1,PAICS,treated,U2OS,,train
10043,U2OS-03_4_I16_s1_50,U2OS-03,4,I16,s1,PAICS,treated,U2OS,,train
10044,U2OS-03_4_I16_s1_51,U2OS-03,4,I16,s1,PAICS,treated,U2OS,,train
10045,U2OS-03_4_I16_s1_52,U2OS-03,4,I16,s1,PAICS,treated,U2OS,,train
10046,U2OS-03_4_I16_s1_53,U2OS-03,4,I16,s1,PAICS,treated,U2OS,,train
10047,U2OS-03_4_I16_s1_54,U2OS-03,4,I16,s1,PAICS,treated,U2OS,,train
10048,U2OS-03_4_I16_s1_58,U2OS-03,4,I16,s1,PAICS,treated,U2OS,,train
10049,U2OS-03_4_I16_s1_59,U2OS-03,4,I16,s1,PAICS,treated,U2OS,,train
10050,U2OS-03_4_I16_s1_62,U2OS-03,4,I16,s1,PAICS,treated,U2OS,,train
10051,U2OS-03_4_I16_s1_64,U2OS-03,4,I16,s1,PAICS,treated,U2OS,,train
10052,U2OS-03_4_I16_s1_65,U2OS-03,4,I16,s1,PAICS,treated,U2OS,,train
10053,U2OS-03_4_I16_s1_67,U2OS-03,4,I16,s1,PAICS,treated,U2OS,,train
10054,U2OS-03_4_I16_s1_68,U2OS-03,4,I16,s1,PAICS,treated,U2OS,,train
10055,U2OS-03_4_I16_s1_71,U2OS-03,4,I16,s1,PAICS,treated,U2OS,,train
10056,U2OS-03_4_I16_s1_72,U2OS-03,4,I16,s1,PAICS,treated,U2OS,,train
10057,U2OS-03_4_I16_s1_73,U2OS-03,4,I16,s1,PAICS,treated,U2OS,,train
10058,U2OS-03_4_I18_s1_9,U2OS-03,4,I18,s1,SIVA1,treated,U2OS,,train
10059,U2OS-03_4_I18_s1_12,U2OS-03,4,I18,s1,SIVA1,treated,U2OS,,train
10060,U2OS-03_4_I18_s1_13,U2OS-03,4,I18,s1,SIVA1,treated,U2OS,,train
10061,U2OS-03_4_I18_s1_15,U2OS-03,4,I18,s1,SIVA1,treated,U2OS,,train
10062,U2OS-03_4_I18_s1_17,U2OS-03,4,I18,s1,SIVA1,treated,U2OS,,train
10063,U2OS-03_4_I18_s1_18,U2OS-03,4,I18,s1,SIVA1,treated,U2OS,,train
10064,U2OS-03_4_I18_s1_19,U2OS-03,4,I18,s1,SIVA1,treated,U2OS,,train
10065,U2OS-03_4_I18_s1_21,U2OS-03,4,I18,s1,SIVA1,treated,U2OS,,train
10066,U2OS-03_4_I18_s1_22,U2OS-03,4,I18,s1,SIVA1,treated,U2OS,,train
10067,U2OS-03_4_I18_s1_23,U2OS-03,4,I18,s1,SIVA1,treated,U2OS,,train
10068,U2OS-03_4_I18_s1_24,U2OS-03,4,I18,s1,SIVA1,treated,U2OS,,train
10069,U2OS-03_4_I18_s1_25,U2OS-03,4,I18,s1,SIVA1,treated,U2OS,,train
10070,U2OS-03_4_I18_s1_26,U2OS-03,4,I18,s1,SIVA1,treated,U2OS,,train
10071,U2OS-03_4_I18_s1_28,U2OS-03,4,I18,s1,SIVA1,treated,U2OS,,train
10072,U2OS-03_4_I18_s1_33,U2OS-03,4,I18,s1,SIVA1,treated,U2OS,,train
10073,U2OS-03_4_I18_s1_34,U2OS-03,4,I18,s1,SIVA1,treated,U2OS,,train
10074,U2OS-03_4_I18_s1_35,U2OS-03,4,I18,s1,SIVA1,treated,U2OS,,train
10075,U2OS-03_4_I18_s1_36,U2OS-03,4,I18,s1,SIVA1,treated,U2OS,,train
10076,U2OS-03_4_I18_s1_38,U2OS-03,4,I18,s1,SIVA1,treated,U2OS,,train
10077,U2OS-03_4_I18_s1_39,U2OS-03,4,I18,s1,SIVA1,treated,U2OS,,train
10078,U2OS-03_4_I18_s1_40,U2OS-03,4,I18,s1,SIVA1,treated,U2OS,,train
10079,U2OS-03_4_I18_s1_42,U2OS-03,4,I18,s1,SIVA1,treated,U2OS,,train
10080,U2OS-03_4_I18_s1_44,U2OS-03,4,I18,s1,SIVA1,treated,U2OS,,train
10081,U2OS-03_4_I18_s1_45,U2OS-03,4,I18,s1,SIVA1,treated,U2OS,,train
10082,U2OS-03_4_I18_s1_46,U2OS-03,4,I18,s1,SIVA1,treated,U2OS,,train
10083,U2OS-03_4_I18_s1_47,U2OS-03,4,I18,s1,SIVA1,treated,U2OS,,train
10084,U2OS-03_4_I18_s1_48,U2OS-03,4,I18,s1,SIVA1,treated,U2OS,,train
10085,U2OS-03_4_I18_s1_49,U2OS-03,4,I18,s1,SIVA1,treated,U2OS,,train
10086,U2OS-03_4_I18_s1_50,U2OS-03,4,I18,s1,SIVA1,treated,U2OS,,train
10087,U2OS-03_4_I18_s1_52,U2OS-03,4,I18,s1,SIVA1,treated,U2OS,,train
10088,U2OS-03_4_I18_s1_54,U2OS-03,4,I18,s1,SIVA1,treated,U2OS,,train
10089,U2OS-03_4_I18_s1_56,U2OS-03,4,I18,s1,SIVA1,treated,U2OS,,train
10090,U2OS-03_4_I18_s1_58,U2OS-03,4,I18,s1,SIVA1,treated,U2OS,,train
10091,U2OS-03_4_I18_s1_59,U2OS-03,4,I18,s1,SIVA1,treated,U2OS,,train
10092,U2OS-03_4_I18_s1_60,U2OS-03,4,I18,s1,SIVA1,treated,U2OS,,train
10093,U2OS-03_4_I18_s1_62,U2OS-03,4,I18,s1,SIVA1,treated,U2OS,,train
10094,U2OS-03_4_I18_s1_63,U2OS-03,4,I18,s1,SIVA1,treated,U2OS,,train
10095,U2OS-03_4_I18_s1_66,U2OS-03,4,I18,s1,SIVA1,treated,U2OS,,train
10096,U2OS-03_4_I18_s1_67,U2OS-03,4,I18,s1,SIVA1,treated,U2OS,,train
10097,U2OS-03_4_I18_s1_68,U2OS-03,4,I18,s1,SIVA1,treated,U2OS,,train
10098,U2OS-03_4_I21_s1_15,U2OS-03,4,I21,s1,ECI2,treated,U2OS,,train
10099,U2OS-03_4_I21_s1_16,U2OS-03,4,I21,s1,ECI2,treated,U2OS,,train
10100,U2OS-03_4_I21_s1_18,U2OS-03,4,I21,s1,ECI2,treated,U2OS,,train
10101,U2OS-03_4_I21_s1_21,U2OS-03,4,I21,s1,ECI2,treated,U2OS,,train
10102,U2OS-03_4_I21_s1_23,U2OS-03,4,I21,s1,ECI2,treated,U2OS,,train
10103,U2OS-03_4_I21_s1_25,U2OS-03,4,I21,s1,ECI2,treated,U2OS,,train
10104,U2OS-03_4_I21_s1_26,U2OS-03,4,I21,s1,ECI2,treated,U2OS,,train
10105,U2OS-03_4_I21_s1_27,U2OS-03,4,I21,s1,ECI2,treated,U2OS,,train
10106,U2OS-03_4_I21_s1_28,U2OS-03,4,I21,s1,ECI2,treated,U2OS,,train
10107,U2OS-03_4_I21_s1_29,U2OS-03,4,I21,s1,ECI2,treated,U2OS,,train
10108,U2OS-03_4_I21_s1_30,U2OS-03,4,I21,s1,ECI2,treated,U2OS,,train
10109,U2OS-03_4_I21_s1_31,U2OS-03,4,I21,s1,ECI2,treated,U2OS,,train
10110,U2OS-03_4_I21_s1_34,U2OS-03,4,I21,s1,ECI2,treated,U2OS,,train
10111,U2OS-03_4_I21_s1_36,U2OS-03,4,I21,s1,ECI2,treated,U2OS,,train
10112,U2OS-03_4_I21_s1_42,U2OS-03,4,I21,s1,ECI2,treated,U2OS,,train
10113,U2OS-03_4_I21_s1_44,U2OS-03,4,I21,s1,ECI2,treated,U2OS,,train
10114,U2OS-03_4_I21_s1_45,U2OS-03,4,I21,s1,ECI2,treated,U2OS,,train
10115,U2OS-03_4_I21_s1_46,U2OS-03,4,I21,s1,ECI2,treated,U2OS,,train
10116,U2OS-03_4_I21_s1_47,U2OS-03,4,I21,s1,ECI2,treated,U2OS,,train
10117,U2OS-03_4_I21_s1_49,U2OS-03,4,I21,s1,ECI2,treated,U2OS,,train
10118,U2OS-03_4_I21_s1_50,U2OS-03,4,I21,s1,ECI2,treated,U2OS,,train
10119,U2OS-03_4_I21_s1_53,U2OS-03,4,I21,s1,ECI2,treated,U2OS,,train
10120,U2OS-03_4_I21_s1_56,U2OS-03,4,I21,s1,ECI2,treated,U2OS,,train
10121,U2OS-03_4_I21_s1_57,U2OS-03,4,I21,s1,ECI2,treated,U2OS,,train
10122,U2OS-03_4_I21_s1_58,U2OS-03,4,I21,s1,ECI2,treated,U2OS,,train
10123,U2OS-03_4_I21_s1_60,U2OS-03,4,I21,s1,ECI2,treated,U2OS,,train
10124,U2OS-03_4_I21_s1_61,U2OS-03,4,I21,s1,ECI2,treated,U2OS,,train
10125,U2OS-03_4_I21_s1_62,U2OS-03,4,I21,s1,ECI2,treated,U2OS,,train
10126,U2OS-03_4_I21_s1_63,U2OS-03,4,I21,s1,ECI2,treated,U2OS,,train
10127,U2OS-03_4_I21_s1_64,U2OS-03,4,I21,s1,ECI2,treated,U2OS,,train
10128,U2OS-03_4_I21_s1_66,U2OS-03,4,I21,s1,ECI2,treated,U2OS,,train
10129,U2OS-03_4_I21_s1_67,U2OS-03,4,I21,s1,ECI2,treated,U2OS,,train
10130,U2OS-03_4_I21_s1_70,U2OS-03,4,I21,s1,ECI2,treated,U2OS,,train
10131,U2OS-03_4_I21_s1_71,U2OS-03,4,I21,s1,ECI2,treated,U2OS,,train
10132,U2OS-03_4_I21_s1_72,U2OS-03,4,I21,s1,ECI2,treated,U2OS,,train
10133,U2OS-03_4_I21_s1_74,U2OS-03,4,I21,s1,ECI2,treated,U2OS,,train
10134,U2OS-03_4_I21_s1_75,U2OS-03,4,I21,s1,ECI2,treated,U2OS,,train
10135,U2OS-03_4_I21_s1_78,U2OS-03,4,I21,s1,ECI2,treated,U2OS,,train
10136,U2OS-03_4_I21_s1_79,U2OS-03,4,I21,s1,ECI2,treated,U2OS,,train
10137,U2OS-03_4_I21_s1_81,U2OS-03,4,I21,s1,ECI2,treated,U2OS,,train
10138,U2OS-03_4_J16_s1_16,U2OS-03,4,J16,s1,CDIPT,treated,U2OS,,train
10139,U2OS-03_4_J16_s1_18,U2OS-03,4,J16,s1,CDIPT,treated,U2OS,,train
10140,U2OS-03_4_J16_s1_21,U2OS-03,4,J16,s1,CDIPT,treated,U2OS,,train
10141,U2OS-03_4_J16_s1_23,U2OS-03,4,J16,s1,CDIPT,treated,U2OS,,train
10142,U2OS-03_4_J16_s1_25,U2OS-03,4,J16,s1,CDIPT,treated,U2OS,,train
10143,U2OS-03_4_J16_s1_27,U2OS-03,4,J16,s1,CDIPT,treated,U2OS,,train
10144,U2OS-03_4_J16_s1_28,U2OS-03,4,J16,s1,CDIPT,treated,U2OS,,train
10145,U2OS-03_4_J16_s1_29,U2OS-03,4,J16,s1,CDIPT,treated,U2OS,,train
10146,U2OS-03_4_J16_s1_30,U2OS-03,4,J16,s1,CDIPT,treated,U2OS,,train
10147,U2OS-03_4_J16_s1_32,U2OS-03,4,J16,s1,CDIPT,treated,U2OS,,train
10148,U2OS-03_4_J16_s1_33,U2OS-03,4,J16,s1,CDIPT,treated,U2OS,,train
10149,U2OS-03_4_J16_s1_35,U2OS-03,4,J16,s1,CDIPT,treated,U2OS,,train
10150,U2OS-03_4_J16_s1_36,U2OS-03,4,J16,s1,CDIPT,treated,U2OS,,train
10151,U2OS-03_4_J16_s1_37,U2OS-03,4,J16,s1,CDIPT,treated,U2OS,,train
10152,U2OS-03_4_J16_s1_43,U2OS-03,4,J16,s1,CDIPT,treated,U2OS,,train
10153,U2OS-03_4_J16_s1_44,U2OS-03,4,J16,s1,CDIPT,treated,U2OS,,train
10154,U2OS-03_4_J16_s1_45,U2OS-03,4,J16,s1,CDIPT,treated,U2OS,,train
10155,U2OS-03_4_J16_s1_47,U2OS-03,4,J16,s1,CDIPT,treated,U2OS,,train
10156,U2OS-03_4_J16_s1_48,U2OS-03,4,J16,s1,CDIPT,treated,U2OS,,train
10157,U2OS-03_4_J16_s1_49,U2OS-03,4,J16,s1,CDIPT,treated,U2OS,,train
10158,U2OS-03_4_J16_s1_50,U2OS-03,4,J16,s1,CDIPT,treated,U2OS,,train
10159,U2OS-03_4_J16_s1_53,U2OS-03,4,J16,s1,CDIPT,treated,U2OS,,train
10160,U2OS-03_4_J16_s1_54,U2OS-03,4,J16,s1,CDIPT,treated,U2OS,,train
10161,U2OS-03_4_J16_s1_55,U2OS-03,4,J16,s1,CDIPT,treated,U2OS,,train
10162,U2OS-03_4_J16_s1_56,U2OS-03,4,J16,s1,CDIPT,treated,U2OS,,train
10163,U2OS-03_4_J16_s1_58,U2OS-03,4,J16,s1,CDIPT,treated,U2OS,,train
10164,U2OS-03_4_J16_s1_59,U2OS-03,4,J16,s1,CDIPT,treated,U2OS,,train
10165,U2OS-03_4_J16_s1_60,U2OS-03,4,J16,s1,CDIPT,treated,U2OS,,train
10166,U2OS-03_4_J16_s1_61,U2OS-03,4,J16,s1,CDIPT,treated,U2OS,,train
10167,U2OS-03_4_J16_s1_63,U2OS-03,4,J16,s1,CDIPT,treated,U2OS,,train
10168,U2OS-03_4_J16_s1_67,U2OS-03,4,J16,s1,CDIPT,treated,U2OS,,train
10169,U2OS-03_4_J16_s1_69,U2OS-03,4,J16,s1,CDIPT,treated,U2OS,,train
10170,U2OS-03_4_J16_s1_71,U2OS-03,4,J16,s1,CDIPT,treated,U2OS,,train
10171,U2OS-03_4_J16_s1_72,U2OS-03,4,J16,s1,CDIPT,treated,U2OS,,train
10172,U2OS-03_4_J16_s1_73,U2OS-03,4,J16,s1,CDIPT,treated,U2OS,,train
10173,U2OS-03_4_J16_s1_75,U2OS-03,4,J16,s1,CDIPT,treated,U2OS,,train
10174,U2OS-03_4_J16_s1_76,U2OS-03,4,J16,s1,CDIPT,treated,U2OS,,train
10175,U2OS-03_4_J16_s1_78,U2OS-03,4,J16,s1,CDIPT,treated,U2OS,,train
10176,U2OS-03_4_J16_s1_79,U2OS-03,4,J16,s1,CDIPT,treated,U2OS,,train
10177,U2OS-03_4_J16_s1_80,U2OS-03,4,J16,s1,CDIPT,treated,U2OS,,train
10178,U2OS-03_4_K04_s1_8,U2OS-03,4,K04,s1,SMNDC1,treated,U2OS,,train
10179,U2OS-03_4_K04_s1_9,U2OS-03,4,K04,s1,SMNDC1,treated,U2OS,,train
10180,U2OS-03_4_K04_s1_10,U2OS-03,4,K04,s1,SMNDC1,treated,U2OS,,train
10181,U2OS-03_4_K04_s1_12,U2OS-03,4,K04,s1,SMNDC1,treated,U2OS,,train
10182,U2OS-03_4_K04_s1_15,U2OS-03,4,K04,s1,SMNDC1,treated,U2OS,,train
10183,U2OS-03_4_K04_s1_17,U2OS-03,4,K04,s1,SMNDC1,treated,U2OS,,train
10184,U2OS-03_4_K04_s1_18,U2OS-03,4,K04,s1,SMNDC1,treated,U2OS,,train
10185,U2OS-03_4_K04_s1_19,U2OS-03,4,K04,s1,SMNDC1,treated,U2OS,,train
10186,U2OS-03_4_K04_s1_20,U2OS-03,4,K04,s1,SMNDC1,treated,U2OS,,train
10187,U2OS-03_4_K04_s1_21,U2OS-03,4,K04,s1,SMNDC1,treated,U2OS,,train
10188,U2OS-03_4_K04_s1_22,U2OS-03,4,K04,s1,SMNDC1,treated,U2OS,,train
10189,U2OS-03_4_K04_s1_23,U2OS-03,4,K04,s1,SMNDC1,treated,U2OS,,train
10190,U2OS-03_4_K04_s1_24,U2OS-03,4,K04,s1,SMNDC1,treated,U2OS,,train
10191,U2OS-03_4_K04_s1_25,U2OS-03,4,K04,s1,SMNDC1,treated,U2OS,,train
10192,U2OS-03_4_K04_s1_30,U2OS-03,4,K04,s1,SMNDC1,treated,U2OS,,train
10193,U2OS-03_4_K04_s1_31,U2OS-03,4,K04,s1,SMNDC1,treated,U2OS,,train
10194,U2OS-03_4_K04_s1_32,U2OS-03,4,K04,s1,SMNDC1,treated,U2OS,,train
10195,U2OS-03_4_K04_s1_33,U2OS-03,4,K04,s1,SMNDC1,treated,U2OS,,train
10196,U2OS-03_4_K04_s1_34,U2OS-03,4,K04,s1,SMNDC1,treated,U2OS,,train
10197,U2OS-03_4_K04_s1_35,U2OS-03,4,K04,s1,SMNDC1,treated,U2OS,,train
10198,U2OS-03_4_K04_s1_36,U2OS-03,4,K04,s1,SMNDC1,treated,U2OS,,train
10199,U2OS-03_4_K04_s1_38,U2OS-03,4,K04,s1,SMNDC1,treated,U2OS,,train
10200,U2OS-03_4_K04_s1_39,U2OS-03,4,K04,s1,SMNDC1,treated,U2OS,,train
10201,U2OS-03_4_K04_s1_40,U2OS-03,4,K04,s1,SMNDC1,treated,U2OS,,train
10202,U2OS-03_4_K04_s1_41,U2OS-03,4,K04,s1,SMNDC1,treated,U2OS,,train
10203,U2OS-03_4_K04_s1_42,U2OS-03,4,K04,s1,SMNDC1,treated,U2OS,,train
10204,U2OS-03_4_K04_s1_43,U2OS-03,4,K04,s1,SMNDC1,treated,U2OS,,train
10205,U2OS-03_4_K04_s1_46,U2OS-03,4,K04,s1,SMNDC1,treated,U2OS,,train
10206,U2OS-03_4_K04_s1_47,U2OS-03,4,K04,s1,SMNDC1,treated,U2OS,,train
10207,U2OS-03_4_K04_s1_48,U2OS-03,4,K04,s1,SMNDC1,treated,U2OS,,train
10208,U2OS-03_4_K04_s1_50,U2OS-03,4,K04,s1,SMNDC1,treated,U2OS,,train
10209,U2OS-03_4_K04_s1_51,U2OS-03,4,K04,s1,SMNDC1,treated,U2OS,,train
10210,U2OS-03_4_K04_s1_56,U2OS-03,4,K04,s1,SMNDC1,treated,U2OS,,train
10211,U2OS-03_4_K04_s1_57,U2OS-03,4,K04,s1,SMNDC1,treated,U2OS,,train
10212,U2OS-03_4_K04_s1_58,U2OS-03,4,K04,s1,SMNDC1,treated,U2OS,,train
10213,U2OS-03_4_K04_s1_60,U2OS-03,4,K04,s1,SMNDC1,treated,U2OS,,train
10214,U2OS-03_4_K04_s1_61,U2OS-03,4,K04,s1,SMNDC1,treated,U2OS,,train
10215,U2OS-03_4_K04_s1_63,U2OS-03,4,K04,s1,SMNDC1,treated,U2OS,,train
10216,U2OS-03_4_K04_s1_64,U2OS-03,4,K04,s1,SMNDC1,treated,U2OS,,train
10217,U2OS-03_4_K04_s1_65,U2OS-03,4,K04,s1,SMNDC1,treated,U2OS,,train
10218,U2OS-03_4_K05_s1_18,U2OS-03,4,K05,s1,ALG3,treated,U2OS,,train
10219,U2OS-03_4_K05_s1_19,U2OS-03,4,K05,s1,ALG3,treated,U2OS,,train
10220,U2OS-03_4_K05_s1_20,U2OS-03,4,K05,s1,ALG3,treated,U2OS,,train
10221,U2OS-03_4_K05_s1_24,U2OS-03,4,K05,s1,ALG3,treated,U2OS,,train
10222,U2OS-03_4_K05_s1_26,U2OS-03,4,K05,s1,ALG3,treated,U2OS,,train
10223,U2OS-03_4_K05_s1_27,U2OS-03,4,K05,s1,ALG3,treated,U2OS,,train
10224,U2OS-03_4_K05_s1_28,U2OS-03,4,K05,s1,ALG3,treated,U2OS,,train
10225,U2OS-03_4_K05_s1_31,U2OS-03,4,K05,s1,ALG3,treated,U2OS,,train
10226,U2OS-03_4_K05_s1_32,U2OS-03,4,K05,s1,ALG3,treated,U2OS,,train
10227,U2OS-03_4_K05_s1_34,U2OS-03,4,K05,s1,ALG3,treated,U2OS,,train
10228,U2OS-03_4_K05_s1_35,U2OS-03,4,K05,s1,ALG3,treated,U2OS,,train
10229,U2OS-03_4_K05_s1_36,U2OS-03,4,K05,s1,ALG3,treated,U2OS,,train
10230,U2OS-03_4_K05_s1_37,U2OS-03,4,K05,s1,ALG3,treated,U2OS,,train
10231,U2OS-03_4_K05_s1_38,U2OS-03,4,K05,s1,ALG3,treated,U2OS,,train
10232,U2OS-03_4_K05_s1_43,U2OS-03,4,K05,s1,ALG3,treated,U2OS,,train
10233,U2OS-03_4_K05_s1_45,U2OS-03,4,K05,s1,ALG3,treated,U2OS,,train
10234,U2OS-03_4_K05_s1_47,U2OS-03,4,K05,s1,ALG3,treated,U2OS,,train
10235,U2OS-03_4_K05_s1_48,U2OS-03,4,K05,s1,ALG3,treated,U2OS,,train
10236,U2OS-03_4_K05_s1_49,U2OS-03,4,K05,s1,ALG3,treated,U2OS,,train
10237,U2OS-03_4_K05_s1_50,U2OS-03,4,K05,s1,ALG3,treated,U2OS,,train
10238,U2OS-03_4_K05_s1_51,U2OS-03,4,K05,s1,ALG3,treated,U2OS,,train
10239,U2OS-03_4_K05_s1_54,U2OS-03,4,K05,s1,ALG3,treated,U2OS,,train
10240,U2OS-03_4_K05_s1_55,U2OS-03,4,K05,s1,ALG3,treated,U2OS,,train
10241,U2OS-03_4_K05_s1_57,U2OS-03,4,K05,s1,ALG3,treated,U2OS,,train
10242,U2OS-03_4_K05_s1_58,U2OS-03,4,K05,s1,ALG3,treated,U2OS,,train
10243,U2OS-03_4_K05_s1_61,U2OS-03,4,K05,s1,ALG3,treated,U2OS,,train
10244,U2OS-03_4_K05_s1_62,U2OS-03,4,K05,s1,ALG3,treated,U2OS,,train
10245,U2OS-03_4_K05_s1_63,U2OS-03,4,K05,s1,ALG3,treated,U2OS,,train
10246,U2OS-03_4_K05_s1_64,U2OS-03,4,K05,s1,ALG3,treated,U2OS,,train
10247,U2OS-03_4_K05_s1_65,U2OS-03,4,K05,s1,ALG3,treated,U2OS,,train
10248,U2OS-03_4_K05_s1_67,U2OS-03,4,K05,s1,ALG3,treated,U2OS,,train
10249,U2OS-03_4_K05_s1_68,U2OS-03,4,K05,s1,ALG3,treated,U2OS,,train
10250,U2OS-03_4_K05_s1_71,U2OS-03,4,K05,s1,ALG3,treated,U2OS,,train
10251,U2OS-03_4_K05_s1_73,U2OS-03,4,K05,s1,ALG3,treated,U2OS,,train
10252,U2OS-03_4_K05_s1_74,U2OS-03,4,K05,s1,ALG3,treated,U2OS,,train
10253,U2OS-03_4_K05_s1_76,U2OS-03,4,K05,s1,ALG3,treated,U2OS,,train
10254,U2OS-03_4_K05_s1_78,U2OS-03,4,K05,s1,ALG3,treated,U2OS,,train
10255,U2OS-03_4_K05_s1_80,U2OS-03,4,K05,s1,ALG3,treated,U2OS,,train
10256,U2OS-03_4_K05_s1_81,U2OS-03,4,K05,s1,ALG3,treated,U2OS,,train
10257,U2OS-03_4_K05_s1_83,U2OS-03,4,K05,s1,ALG3,treated,U2OS,,train
10258,U2OS-03_4_K16_s1_6,U2OS-03,4,K16,s1,IRX5,treated,U2OS,,train
10259,U2OS-03_4_K16_s1_7,U2OS-03,4,K16,s1,IRX5,treated,U2OS,,train
10260,U2OS-03_4_K16_s1_8,U2OS-03,4,K16,s1,IRX5,treated,U2OS,,train
10261,U2OS-03_4_K16_s1_12,U2OS-03,4,K16,s1,IRX5,treated,U2OS,,train
10262,U2OS-03_4_K16_s1_15,U2OS-03,4,K16,s1,IRX5,treated,U2OS,,train
10263,U2OS-03_4_K16_s1_16,U2OS-03,4,K16,s1,IRX5,treated,U2OS,,train
10264,U2OS-03_4_K16_s1_17,U2OS-03,4,K16,s1,IRX5,treated,U2OS,,train
10265,U2OS-03_4_K16_s1_18,U2OS-03,4,K16,s1,IRX5,treated,U2OS,,train
10266,U2OS-03_4_K16_s1_19,U2OS-03,4,K16,s1,IRX5,treated,U2OS,,train
10267,U2OS-03_4_K16_s1_20,U2OS-03,4,K16,s1,IRX5,treated,U2OS,,train
10268,U2OS-03_4_K16_s1_21,U2OS-03,4,K16,s1,IRX5,treated,U2OS,,train
10269,U2OS-03_4_K16_s1_26,U2OS-03,4,K16,s1,IRX5,treated,U2OS,,train
10270,U2OS-03_4_K16_s1_28,U2OS-03,4,K16,s1,IRX5,treated,U2OS,,train
10271,U2OS-03_4_K16_s1_31,U2OS-03,4,K16,s1,IRX5,treated,U2OS,,train
10272,U2OS-03_4_K16_s1_36,U2OS-03,4,K16,s1,IRX5,treated,U2OS,,train
10273,U2OS-03_4_K16_s1_37,U2OS-03,4,K16,s1,IRX5,treated,U2OS,,train
10274,U2OS-03_4_K16_s1_39,U2OS-03,4,K16,s1,IRX5,treated,U2OS,,train
10275,U2OS-03_4_K16_s1_40,U2OS-03,4,K16,s1,IRX5,treated,U2OS,,train
10276,U2OS-03_4_K16_s1_41,U2OS-03,4,K16,s1,IRX5,treated,U2OS,,train
10277,U2OS-03_4_K16_s2_5,U2OS-03,4,K16,s2,IRX5,treated,U2OS,,train
10278,U2OS-03_4_K16_s2_6,U2OS-03,4,K16,s2,IRX5,treated,U2OS,,train
10279,U2OS-03_4_K16_s2_11,U2OS-03,4,K16,s2,IRX5,treated,U2OS,,train
10280,U2OS-03_4_K16_s2_12,U2OS-03,4,K16,s2,IRX5,treated,U2OS,,train
10281,U2OS-03_4_K16_s2_14,U2OS-03,4,K16,s2,IRX5,treated,U2OS,,train
10282,U2OS-03_4_K16_s2_15,U2OS-03,4,K16,s2,IRX5,treated,U2OS,,train
10283,U2OS-03_4_K16_s2_17,U2OS-03,4,K16,s2,IRX5,treated,U2OS,,train
10284,U2OS-03_4_K16_s2_18,U2OS-03,4,K16,s2,IRX5,treated,U2OS,,train
10285,U2OS-03_4_K16_s2_19,U2OS-03,4,K16,s2,IRX5,treated,U2OS,,train
10286,U2OS-03_4_K16_s2_20,U2OS-03,4,K16,s2,IRX5,treated,U2OS,,train
10287,U2OS-03_4_K16_s2_21,U2OS-03,4,K16,s2,IRX5,treated,U2OS,,train
10288,U2OS-03_4_K16_s2_24,U2OS-03,4,K16,s2,IRX5,treated,U2OS,,train
10289,U2OS-03_4_K16_s2_25,U2OS-03,4,K16,s2,IRX5,treated,U2OS,,train
10290,U2OS-03_4_K16_s2_27,U2OS-03,4,K16,s2,IRX5,treated,U2OS,,train
10291,U2OS-03_4_K16_s2_28,U2OS-03,4,K16,s2,IRX5,treated,U2OS,,train
10292,U2OS-03_4_K16_s2_30,U2OS-03,4,K16,s2,IRX5,treated,U2OS,,train
10293,U2OS-03_4_K16_s2_32,U2OS-03,4,K16,s2,IRX5,treated,U2OS,,train
10294,U2OS-03_4_K16_s2_33,U2OS-03,4,K16,s2,IRX5,treated,U2OS,,train
10295,U2OS-03_4_K16_s2_35,U2OS-03,4,K16,s2,IRX5,treated,U2OS,,train
10296,U2OS-03_4_K16_s2_36,U2OS-03,4,K16,s2,IRX5,treated,U2OS,,train
10297,U2OS-03_4_K16_s2_37,U2OS-03,4,K16,s2,IRX5,treated,U2OS,,train
10298,U2OS-03_4_L03_s1_2,U2OS-03,4,L03,s1,MXD4,treated,U2OS,,train
10299,U2OS-03_4_L03_s1_4,U2OS-03,4,L03,s1,MXD4,treated,U2OS,,train
10300,U2OS-03_4_L03_s1_6,U2OS-03,4,L03,s1,MXD4,treated,U2OS,,train
10301,U2OS-03_4_L03_s1_8,U2OS-03,4,L03,s1,MXD4,treated,U2OS,,train
10302,U2OS-03_4_L03_s1_10,U2OS-03,4,L03,s1,MXD4,treated,U2OS,,train
10303,U2OS-03_4_L03_s1_12,U2OS-03,4,L03,s1,MXD4,treated,U2OS,,train
10304,U2OS-03_4_L03_s1_13,U2OS-03,4,L03,s1,MXD4,treated,U2OS,,train
10305,U2OS-03_4_L03_s1_14,U2OS-03,4,L03,s1,MXD4,treated,U2OS,,train
10306,U2OS-03_4_L03_s1_15,U2OS-03,4,L03,s1,MXD4,treated,U2OS,,train
10307,U2OS-03_4_L03_s1_16,U2OS-03,4,L03,s1,MXD4,treated,U2OS,,train
10308,U2OS-03_4_L03_s1_17,U2OS-03,4,L03,s1,MXD4,treated,U2OS,,train
10309,U2OS-03_4_L03_s1_18,U2OS-03,4,L03,s1,MXD4,treated,U2OS,,train
10310,U2OS-03_4_L03_s1_20,U2OS-03,4,L03,s1,MXD4,treated,U2OS,,train
10311,U2OS-03_4_L03_s1_21,U2OS-03,4,L03,s1,MXD4,treated,U2OS,,train
10312,U2OS-03_4_L03_s1_26,U2OS-03,4,L03,s1,MXD4,treated,U2OS,,train
10313,U2OS-03_4_L03_s1_27,U2OS-03,4,L03,s1,MXD4,treated,U2OS,,train
10314,U2OS-03_4_L03_s1_28,U2OS-03,4,L03,s1,MXD4,treated,U2OS,,train
10315,U2OS-03_4_L03_s1_29,U2OS-03,4,L03,s1,MXD4,treated,U2OS,,train
10316,U2OS-03_4_L03_s1_30,U2OS-03,4,L03,s1,MXD4,treated,U2OS,,train
10317,U2OS-03_4_L03_s1_31,U2OS-03,4,L03,s1,MXD4,treated,U2OS,,train
10318,U2OS-03_4_L03_s1_33,U2OS-03,4,L03,s1,MXD4,treated,U2OS,,train
10319,U2OS-03_4_L03_s1_35,U2OS-03,4,L03,s1,MXD4,treated,U2OS,,train
10320,U2OS-03_4_L03_s1_36,U2OS-03,4,L03,s1,MXD4,treated,U2OS,,train
10321,U2OS-03_4_L03_s1_37,U2OS-03,4,L03,s1,MXD4,treated,U2OS,,train
10322,U2OS-03_4_L03_s1_38,U2OS-03,4,L03,s1,MXD4,treated,U2OS,,train
10323,U2OS-03_4_L03_s1_39,U2OS-03,4,L03,s1,MXD4,treated,U2OS,,train
10324,U2OS-03_4_L03_s1_40,U2OS-03,4,L03,s1,MXD4,treated,U2OS,,train
10325,U2OS-03_4_L03_s1_41,U2OS-03,4,L03,s1,MXD4,treated,U2OS,,train
10326,U2OS-03_4_L03_s1_42,U2OS-03,4,L03,s1,MXD4,treated,U2OS,,train
10327,U2OS-03_4_L03_s1_43,U2OS-03,4,L03,s1,MXD4,treated,U2OS,,train
10328,U2OS-03_4_L03_s1_46,U2OS-03,4,L03,s1,MXD4,treated,U2OS,,train
10329,U2OS-03_4_L03_s1_49,U2OS-03,4,L03,s1,MXD4,treated,U2OS,,train
10330,U2OS-03_4_L03_s1_51,U2OS-03,4,L03,s1,MXD4,treated,U2OS,,train
10331,U2OS-03_4_L03_s1_52,U2OS-03,4,L03,s1,MXD4,treated,U2OS,,train
10332,U2OS-03_4_L03_s1_53,U2OS-03,4,L03,s1,MXD4,treated,U2OS,,train
10333,U2OS-03_4_L03_s2_5,U2OS-03,4,L03,s2,MXD4,treated,U2OS,,train
10334,U2OS-03_4_L03_s2_6,U2OS-03,4,L03,s2,MXD4,treated,U2OS,,train
10335,U2OS-03_4_L03_s2_12,U2OS-03,4,L03,s2,MXD4,treated,U2OS,,train
10336,U2OS-03_4_L03_s2_13,U2OS-03,4,L03,s2,MXD4,treated,U2OS,,train
10337,U2OS-03_4_L03_s2_17,U2OS-03,4,L03,s2,MXD4,treated,U2OS,,train
10338,U2OS-03_4_L09_s1_13,U2OS-03,4,L09,s1,ABCC4,treated,U2OS,,train
10339,U2OS-03_4_L09_s1_17,U2OS-03,4,L09,s1,ABCC4,treated,U2OS,,train
10340,U2OS-03_4_L09_s1_20,U2OS-03,4,L09,s1,ABCC4,treated,U2OS,,train
10341,U2OS-03_4_L09_s1_22,U2OS-03,4,L09,s1,ABCC4,treated,U2OS,,train
10342,U2OS-03_4_L09_s1_24,U2OS-03,4,L09,s1,ABCC4,treated,U2OS,,train
10343,U2OS-03_4_L09_s1_25,U2OS-03,4,L09,s1,ABCC4,treated,U2OS,,train
10344,U2OS-03_4_L09_s1_26,U2OS-03,4,L09,s1,ABCC4,treated,U2OS,,train
10345,U2OS-03_4_L09_s1_27,U2OS-03,4,L09,s1,ABCC4,treated,U2OS,,train
10346,U2OS-03_4_L09_s1_28,U2OS-03,4,L09,s1,ABCC4,treated,U2OS,,train
10347,U2OS-03_4_L09_s1_29,U2OS-03,4,L09,s1,ABCC4,treated,U2OS,,train
10348,U2OS-03_4_L09_s1_30,U2OS-03,4,L09,s1,ABCC4,treated,U2OS,,train
10349,U2OS-03_4_L09_s1_31,U2OS-03,4,L09,s1,ABCC4,treated,U2OS,,train
10350,U2OS-03_4_L09_s1_32,U2OS-03,4,L09,s1,ABCC4,treated,U2OS,,train
10351,U2OS-03_4_L09_s1_34,U2OS-03,4,L09,s1,ABCC4,treated,U2OS,,train
10352,U2OS-03_4_L09_s1_38,U2OS-03,4,L09,s1,ABCC4,treated,U2OS,,train
10353,U2OS-03_4_L09_s1_39,U2OS-03,4,L09,s1,ABCC4,treated,U2OS,,train
10354,U2OS-03_4_L09_s1_40,U2OS-03,4,L09,s1,ABCC4,treated,U2OS,,train
10355,U2OS-03_4_L09_s1_41,U2OS-03,4,L09,s1,ABCC4,treated,U2OS,,train
10356,U2OS-03_4_L09_s1_43,U2OS-03,4,L09,s1,ABCC4,treated,U2OS,,train
10357,U2OS-03_4_L09_s1_44,U2OS-03,4,L09,s1,ABCC4,treated,U2OS,,train
10358,U2OS-03_4_L09_s1_45,U2OS-03,4,L09,s1,ABCC4,treated,U2OS,,train
10359,U2OS-03_4_L09_s1_47,U2OS-03,4,L09,s1,ABCC4,treated,U2OS,,train
10360,U2OS-03_4_L09_s1_48,U2OS-03,4,L09,s1,ABCC4,treated,U2OS,,train
10361,U2OS-03_4_L09_s1_50,U2OS-03,4,L09,s1,ABCC4,treated,U2OS,,train
10362,U2OS-03_4_L09_s1_51,U2OS-03,4,L09,s1,ABCC4,treated,U2OS,,train
10363,U2OS-03_4_L09_s1_52,U2OS-03,4,L09,s1,ABCC4,treated,U2OS,,train
10364,U2OS-03_4_L09_s1_54,U2OS-03,4,L09,s1,ABCC4,treated,U2OS,,train
10365,U2OS-03_4_L09_s1_55,U2OS-03,4,L09,s1,ABCC4,treated,U2OS,,train
10366,U2OS-03_4_L09_s1_57,U2OS-03,4,L09,s1,ABCC4,treated,U2OS,,train
10367,U2OS-03_4_L09_s1_58,U2OS-03,4,L09,s1,ABCC4,treated,U2OS,,train
10368,U2OS-03_4_L09_s1_60,U2OS-03,4,L09,s1,ABCC4,treated,U2OS,,train
10369,U2OS-03_4_L09_s1_62,U2OS-03,4,L09,s1,ABCC4,treated,U2OS,,train
10370,U2OS-03_4_L09_s1_65,U2OS-03,4,L09,s1,ABCC4,treated,U2OS,,train
10371,U2OS-03_4_L09_s1_66,U2OS-03,4,L09,s1,ABCC4,treated,U2OS,,train
10372,U2OS-03_4_L09_s1_67,U2OS-03,4,L09,s1,ABCC4,treated,U2OS,,train
10373,U2OS-03_4_L09_s1_72,U2OS-03,4,L09,s1,ABCC4,treated,U2OS,,train
10374,U2OS-03_4_L09_s1_73,U2OS-03,4,L09,s1,ABCC4,treated,U2OS,,train
10375,U2OS-03_4_L09_s1_78,U2OS-03,4,L09,s1,ABCC4,treated,U2OS,,train
10376,U2OS-03_4_L09_s1_79,U2OS-03,4,L09,s1,ABCC4,treated,U2OS,,train
10377,U2OS-03_4_L09_s1_80,U2OS-03,4,L09,s1,ABCC4,treated,U2OS,,train
10378,U2OS-03_4_L21_s1_0,U2OS-03,4,L21,s1,UQCR11,treated,U2OS,,train
10379,U2OS-03_4_L21_s1_10,U2OS-03,4,L21,s1,UQCR11,treated,U2OS,,train
10380,U2OS-03_4_L21_s1_12,U2OS-03,4,L21,s1,UQCR11,treated,U2OS,,train
10381,U2OS-03_4_L21_s1_14,U2OS-03,4,L21,s1,UQCR11,treated,U2OS,,train
10382,U2OS-03_4_L21_s1_17,U2OS-03,4,L21,s1,UQCR11,treated,U2OS,,train
10383,U2OS-03_4_L21_s1_18,U2OS-03,4,L21,s1,UQCR11,treated,U2OS,,train
10384,U2OS-03_4_L21_s1_19,U2OS-03,4,L21,s1,UQCR11,treated,U2OS,,train
10385,U2OS-03_4_L21_s1_20,U2OS-03,4,L21,s1,UQCR11,treated,U2OS,,train
10386,U2OS-03_4_L21_s1_21,U2OS-03,4,L21,s1,UQCR11,treated,U2OS,,train
10387,U2OS-03_4_L21_s1_23,U2OS-03,4,L21,s1,UQCR11,treated,U2OS,,train
10388,U2OS-03_4_L21_s1_24,U2OS-03,4,L21,s1,UQCR11,treated,U2OS,,train
10389,U2OS-03_4_L21_s1_25,U2OS-03,4,L21,s1,UQCR11,treated,U2OS,,train
10390,U2OS-03_4_L21_s1_26,U2OS-03,4,L21,s1,UQCR11,treated,U2OS,,train
10391,U2OS-03_4_L21_s1_27,U2OS-03,4,L21,s1,UQCR11,treated,U2OS,,train
10392,U2OS-03_4_L21_s1_31,U2OS-03,4,L21,s1,UQCR11,treated,U2OS,,train
10393,U2OS-03_4_L21_s1_33,U2OS-03,4,L21,s1,UQCR11,treated,U2OS,,train
10394,U2OS-03_4_L21_s1_34,U2OS-03,4,L21,s1,UQCR11,treated,U2OS,,train
10395,U2OS-03_4_L21_s1_35,U2OS-03,4,L21,s1,UQCR11,treated,U2OS,,train
10396,U2OS-03_4_L21_s1_36,U2OS-03,4,L21,s1,UQCR11,treated,U2OS,,train
10397,U2OS-03_4_L21_s1_38,U2OS-03,4,L21,s1,UQCR11,treated,U2OS,,train
10398,U2OS-03_4_L21_s1_39,U2OS-03,4,L21,s1,UQCR11,treated,U2OS,,train
10399,U2OS-03_4_L21_s1_41,U2OS-03,4,L21,s1,UQCR11,treated,U2OS,,train
10400,U2OS-03_4_L21_s1_43,U2OS-03,4,L21,s1,UQCR11,treated,U2OS,,train
10401,U2OS-03_4_L21_s1_44,U2OS-03,4,L21,s1,UQCR11,treated,U2OS,,train
10402,U2OS-03_4_L21_s1_45,U2OS-03,4,L21,s1,UQCR11,treated,U2OS,,train
10403,U2OS-03_4_L21_s1_46,U2OS-03,4,L21,s1,UQCR11,treated,U2OS,,train
10404,U2OS-03_4_L21_s1_47,U2OS-03,4,L21,s1,UQCR11,treated,U2OS,,train
10405,U2OS-03_4_L21_s1_48,U2OS-03,4,L21,s1,UQCR11,treated,U2OS,,train
10406,U2OS-03_4_L21_s1_49,U2OS-03,4,L21,s1,UQCR11,treated,U2OS,,train
10407,U2OS-03_4_L21_s1_50,U2OS-03,4,L21,s1,UQCR11,treated,U2OS,,train
10408,U2OS-03_4_L21_s1_55,U2OS-03,4,L21,s1,UQCR11,treated,U2OS,,train
10409,U2OS-03_4_L21_s1_56,U2OS-03,4,L21,s1,UQCR11,treated,U2OS,,train
10410,U2OS-03_4_L21_s1_58,U2OS-03,4,L21,s1,UQCR11,treated,U2OS,,train
10411,U2OS-03_4_L21_s1_59,U2OS-03,4,L21,s1,UQCR11,treated,U2OS,,train
10412,U2OS-03_4_L21_s1_61,U2OS-03,4,L21,s1,UQCR11,treated,U2OS,,train
10413,U2OS-03_4_L21_s1_63,U2OS-03,4,L21,s1,UQCR11,treated,U2OS,,train
10414,U2OS-03_4_L21_s1_65,U2OS-03,4,L21,s1,UQCR11,treated,U2OS,,train
10415,U2OS-03_4_L21_s1_68,U2OS-03,4,L21,s1,UQCR11,treated,U2OS,,train
10416,U2OS-03_4_L21_s1_69,U2OS-03,4,L21,s1,UQCR11,treated,U2OS,,train
10417,U2OS-03_4_L21_s1_70,U2OS-03,4,L21,s1,UQCR11,treated,U2OS,,train
10418,U2OS-03_4_N22_s1_1,U2OS-03,4,N22,s1,RRAGB,treated,U2OS,,train
10419,U2OS-03_4_N22_s1_2,U2OS-03,4,N22,s1,RRAGB,treated,U2OS,,train
10420,U2OS-03_4_N22_s1_4,U2OS-03,4,N22,s1,RRAGB,treated,U2OS,,train
10421,U2OS-03_4_N22_s1_8,U2OS-03,4,N22,s1,RRAGB,treated,U2OS,,train
10422,U2OS-03_4_N22_s1_11,U2OS-03,4,N22,s1,RRAGB,treated,U2OS,,train
10423,U2OS-03_4_N22_s1_12,U2OS-03,4,N22,s1,RRAGB,treated,U2OS,,train
10424,U2OS-03_4_N22_s1_13,U2OS-03,4,N22,s1,RRAGB,treated,U2OS,,train
10425,U2OS-03_4_N22_s1_14,U2OS-03,4,N22,s1,RRAGB,treated,U2OS,,train
10426,U2OS-03_4_N22_s1_15,U2OS-03,4,N22,s1,RRAGB,treated,U2OS,,train
10427,U2OS-03_4_N22_s1_16,U2OS-03,4,N22,s1,RRAGB,treated,U2OS,,train
10428,U2OS-03_4_N22_s1_17,U2OS-03,4,N22,s1,RRAGB,treated,U2OS,,train
10429,U2OS-03_4_N22_s1_18,U2OS-03,4,N22,s1,RRAGB,treated,U2OS,,train
10430,U2OS-03_4_N22_s1_19,U2OS-03,4,N22,s1,RRAGB,treated,U2OS,,train
10431,U2OS-03_4_N22_s1_20,U2OS-03,4,N22,s1,RRAGB,treated,U2OS,,train
10432,U2OS-03_4_N22_s1_24,U2OS-03,4,N22,s1,RRAGB,treated,U2OS,,train
10433,U2OS-03_4_N22_s1_25,U2OS-03,4,N22,s1,RRAGB,treated,U2OS,,train
10434,U2OS-03_4_N22_s1_27,U2OS-03,4,N22,s1,RRAGB,treated,U2OS,,train
10435,U2OS-03_4_N22_s1_28,U2OS-03,4,N22,s1,RRAGB,treated,U2OS,,train
10436,U2OS-03_4_N22_s1_31,U2OS-03,4,N22,s1,RRAGB,treated,U2OS,,train
10437,U2OS-03_4_N22_s1_33,U2OS-03,4,N22,s1,RRAGB,treated,U2OS,,train
10438,U2OS-03_4_N22_s1_35,U2OS-03,4,N22,s1,RRAGB,treated,U2OS,,train
10439,U2OS-03_4_N22_s2_7,U2OS-03,4,N22,s2,RRAGB,treated,U2OS,,train
10440,U2OS-03_4_N22_s2_8,U2OS-03,4,N22,s2,RRAGB,treated,U2OS,,train
10441,U2OS-03_4_N22_s2_9,U2OS-03,4,N22,s2,RRAGB,treated,U2OS,,train
10442,U2OS-03_4_N22_s2_11,U2OS-03,4,N22,s2,RRAGB,treated,U2OS,,train
10443,U2OS-03_4_N22_s2_13,U2OS-03,4,N22,s2,RRAGB,treated,U2OS,,train
10444,U2OS-03_4_N22_s2_14,U2OS-03,4,N22,s2,RRAGB,treated,U2OS,,train
10445,U2OS-03_4_N22_s2_16,U2OS-03,4,N22,s2,RRAGB,treated,U2OS,,train
10446,U2OS-03_4_N22_s2_17,U2OS-03,4,N22,s2,RRAGB,treated,U2OS,,train
10447,U2OS-03_4_N22_s2_18,U2OS-03,4,N22,s2,RRAGB,treated,U2OS,,train
10448,U2OS-03_4_N22_s2_22,U2OS-03,4,N22,s2,RRAGB,treated,U2OS,,train
10449,U2OS-03_4_N22_s2_23,U2OS-03,4,N22,s2,RRAGB,treated,U2OS,,train
10450,U2OS-03_4_N22_s2_25,U2OS-03,4,N22,s2,RRAGB,treated,U2OS,,train
10451,U2OS-03_4_N22_s2_27,U2OS-03,4,N22,s2,RRAGB,treated,U2OS,,train
10452,U2OS-03_4_N22_s2_28,U2OS-03,4,N22,s2,RRAGB,treated,U2OS,,train
10453,U2OS-03_4_N22_s2_33,U2OS-03,4,N22,s2,RRAGB,treated,U2OS,,train
10454,U2OS-03_4_N22_s2_35,U2OS-03,4,N22,s2,RRAGB,treated,U2OS,,train
10455,U2OS-03_4_N22_s2_38,U2OS-03,4,N22,s2,RRAGB,treated,U2OS,,train
10456,U2OS-03_4_N22_s2_40,U2OS-03,4,N22,s2,RRAGB,treated,U2OS,,train
10457,U2OS-03_4_N22_s2_42,U2OS-03,4,N22,s2,RRAGB,treated,U2OS,,train
10458,U2OS-03_4_O21_s1_5,U2OS-03,4,O21,s1,YAP1,treated,U2OS,,train
10459,U2OS-03_4_O21_s1_7,U2OS-03,4,O21,s1,YAP1,treated,U2OS,,train
10460,U2OS-03_4_O21_s1_8,U2OS-03,4,O21,s1,YAP1,treated,U2OS,,train
10461,U2OS-03_4_O21_s1_10,U2OS-03,4,O21,s1,YAP1,treated,U2OS,,train
10462,U2OS-03_4_O21_s1_12,U2OS-03,4,O21,s1,YAP1,treated,U2OS,,train
10463,U2OS-03_4_O21_s1_13,U2OS-03,4,O21,s1,YAP1,treated,U2OS,,train
10464,U2OS-03_4_O21_s1_14,U2OS-03,4,O21,s1,YAP1,treated,U2OS,,train
10465,U2OS-03_4_O21_s1_16,U2OS-03,4,O21,s1,YAP1,treated,U2OS,,train
10466,U2OS-03_4_O21_s1_17,U2OS-03,4,O21,s1,YAP1,treated,U2OS,,train
10467,U2OS-03_4_O21_s1_18,U2OS-03,4,O21,s1,YAP1,treated,U2OS,,train
10468,U2OS-03_4_O21_s1_20,U2OS-03,4,O21,s1,YAP1,treated,U2OS,,train
10469,U2OS-03_4_O21_s1_21,U2OS-03,4,O21,s1,YAP1,treated,U2OS,,train
10470,U2OS-03_4_O21_s1_22,U2OS-03,4,O21,s1,YAP1,treated,U2OS,,train
10471,U2OS-03_4_O21_s1_23,U2OS-03,4,O21,s1,YAP1,treated,U2OS,,train
10472,U2OS-03_4_O21_s1_28,U2OS-03,4,O21,s1,YAP1,treated,U2OS,,train
10473,U2OS-03_4_O21_s1_29,U2OS-03,4,O21,s1,YAP1,treated,U2OS,,train
10474,U2OS-03_4_O21_s1_31,U2OS-03,4,O21,s1,YAP1,treated,U2OS,,train
10475,U2OS-03_4_O21_s1_32,U2OS-03,4,O21,s1,YAP1,treated,U2OS,,train
10476,U2OS-03_4_O21_s1_33,U2OS-03,4,O21,s1,YAP1,treated,U2OS,,train
10477,U2OS-03_4_O21_s1_34,U2OS-03,4,O21,s1,YAP1,treated,U2OS,,train
10478,U2OS-03_4_O21_s1_35,U2OS-03,4,O21,s1,YAP1,treated,U2OS,,train
10479,U2OS-03_4_O21_s1_39,U2OS-03,4,O21,s1,YAP1,treated,U2OS,,train
10480,U2OS-03_4_O21_s1_40,U2OS-03,4,O21,s1,YAP1,treated,U2OS,,train
10481,U2OS-03_4_O21_s1_42,U2OS-03,4,O21,s1,YAP1,treated,U2OS,,train
10482,U2OS-03_4_O21_s1_43,U2OS-03,4,O21,s1,YAP1,treated,U2OS,,train
10483,U2OS-03_4_O21_s1_46,U2OS-03,4,O21,s1,YAP1,treated,U2OS,,train
10484,U2OS-03_4_O21_s1_47,U2OS-03,4,O21,s1,YAP1,treated,U2OS,,train
10485,U2OS-03_4_O21_s2_8,U2OS-03,4,O21,s2,YAP1,treated,U2OS,,train
10486,U2OS-03_4_O21_s2_9,U2OS-03,4,O21,s2,YAP1,treated,U2OS,,train
10487,U2OS-03_4_O21_s2_11,U2OS-03,4,O21,s2,YAP1,treated,U2OS,,train
10488,U2OS-03_4_O21_s2_13,U2OS-03,4,O21,s2,YAP1,treated,U2OS,,train
10489,U2OS-03_4_O21_s2_14,U2OS-03,4,O21,s2,YAP1,treated,U2OS,,train
10490,U2OS-03_4_O21_s2_16,U2OS-03,4,O21,s2,YAP1,treated,U2OS,,train
10491,U2OS-03_4_O21_s2_17,U2OS-03,4,O21,s2,YAP1,treated,U2OS,,train
10492,U2OS-03_4_O21_s2_18,U2OS-03,4,O21,s2,YAP1,treated,U2OS,,train
10493,U2OS-03_4_O21_s2_20,U2OS-03,4,O21,s2,YAP1,treated,U2OS,,train
10494,U2OS-03_4_O21_s2_21,U2OS-03,4,O21,s2,YAP1,treated,U2OS,,train
10495,U2OS-03_4_O21_s2_25,U2OS-03,4,O21,s2,YAP1,treated,U2OS,,train
10496,U2OS-03_4_O21_s2_26,U2OS-03,4,O21,s2,YAP1,treated,U2OS,,train
10497,U2OS-03_4_O21_s2_27,U2OS-03,4,O21,s2,YAP1,treated,U2OS,,train
10498,U2OS-03_2_B02_s1_9,U2OS-03,2,B02,s1,UNTREATED,negative_control,U2OS,,train
10499,U2OS-03_2_B02_s1_11,U2OS-03,2,B02,s1,UNTREATED,negative_control,U2OS,,train
10500,U2OS-03_2_B02_s1_14,U2OS-03,2,B02,s1,UNTREATED,negative_control,U2OS,,train
10501,U2OS-03_2_B02_s1_17,U2OS-03,2,B02,s1,UNTREATED,negative_control,U2OS,,train
10502,U2OS-03_2_B02_s1_20,U2OS-03,2,B02,s1,UNTREATED,negative_control,U2OS,,train
10503,U2OS-03_2_B02_s1_21,U2OS-03,2,B02,s1,UNTREATED,negative_control,U2OS,,train
10504,U2OS-03_2_B02_s1_22,U2OS-03,2,B02,s1,UNTREATED,negative_control,U2OS,,train
10505,U2OS-03_2_B02_s1_23,U2OS-03,2,B02,s1,UNTREATED,negative_control,U2OS,,train
10506,U2OS-03_2_B02_s1_25,U2OS-03,2,B02,s1,UNTREATED,negative_control,U2OS,,train
10507,U2OS-03_2_B02_s1_27,U2OS-03,2,B02,s1,UNTREATED,negative_control,U2OS,,train
10508,U2OS-03_2_B02_s1_29,U2OS-03,2,B02,s1,UNTREATED,negative_control,U2OS,,train
10509,U2OS-03_2_B02_s1_30,U2OS-03,2,B02,s1,UNTREATED,negative_control,U2OS,,train
10510,U2OS-03_2_B02_s1_31,U2OS-03,2,B02,s1,UNTREATED,negative_control,U2OS,,train
10511,U2OS-03_2_B02_s1_32,U2OS-03,2,B02,s1,UNTREATED,negative_control,U2OS,,train
10512,U2OS-03_2_B02_s1_36,U2OS-03,2,B02,s1,UNTREATED,negative_control,U2OS,,train
10513,U2OS-03_2_B02_s1_37,U2OS-03,2,B02,s1,UNTREATED,negative_control,U2OS,,train
10514,U2OS-03_2_B02_s1_38,U2OS-03,2,B02,s1,UNTREATED,negative_control,U2OS,,train
10515,U2OS-03_2_B02_s1_39,U2OS-03,2,B02,s1,UNTREATED,negative_control,U2OS,,train
10516,U2OS-03_2_B02_s1_42,U2OS-03,2,B02,s1,UNTREATED,negative_control,U2OS,,train
10517,U2OS-03_2_B02_s1_43,U2OS-03,2,B02,s1,UNTREATED,negative_control,U2OS,,train
10518,U2OS-03_2_B02_s1_44,U2OS-03,2,B02,s1,UNTREATED,negative_control,U2OS,,train
10519,U2OS-03_2_B02_s1_47,U2OS-03,2,B02,s1,UNTREATED,negative_control,U2OS,,train
10520,U2OS-03_2_B02_s1_48,U2OS-03,2,B02,s1,UNTREATED,negative_control,U2OS,,train
10521,U2OS-03_2_B02_s1_49,U2OS-03,2,B02,s1,UNTREATED,negative_control,U2OS,,train
10522,U2OS-03_2_B02_s1_50,U2OS-03,2,B02,s1,UNTREATED,negative_control,U2OS,,train
10523,U2OS-03_2_B02_s1_51,U2OS-03,2,B02,s1,UNTREATED,negative_control,U2OS,,train
10524,U2OS-03_2_B02_s1_55,U2OS-03,2,B02,s1,UNTREATED,negative_control,U2OS,,train
10525,U2OS-03_2_B02_s1_56,U2OS-03,2,B02,s1,UNTREATED,negative_control,U2OS,,train
10526,U2OS-03_2_B02_s1_57,U2OS-03,2,B02,s1,UNTREATED,negative_control,U2OS,,train
10527,U2OS-03_2_B02_s1_58,U2OS-03,2,B02,s1,UNTREATED,negative_control,U2OS,,train
10528,U2OS-03_2_B02_s1_61,U2OS-03,2,B02,s1,UNTREATED,negative_control,U2OS,,train
10529,U2OS-03_2_B02_s1_62,U2OS-03,2,B02,s1,UNTREATED,negative_control,U2OS,,train
10530,U2OS-03_2_B02_s1_66,U2OS-03,2,B02,s1,UNTREATED,negative_control,U2OS,,train
10531,U2OS-03_2_B02_s1_67,U2OS-03,2,B02,s1,UNTREATED,negative_control,U2OS,,train
10532,U2OS-03_2_B02_s1_68,U2OS-03,2,B02,s1,UNTREATED,negative_control,U2OS,,train
10533,U2OS-03_2_B02_s1_71,U2OS-03,2,B02,s1,UNTREATED,negative_control,U2OS,,train
10534,U2OS-03_2_B02_s1_72,U2OS-03,2,B02,s1,UNTREATED,negative_control,U2OS,,train
10535,U2OS-03_2_B02_s1_74,U2OS-03,2,B02,s1,UNTREATED,negative_control,U2OS,,train
10536,U2OS-03_2_B02_s1_76,U2OS-03,2,B02,s1,UNTREATED,negative_control,U2OS,,train
10537,U2OS-03_2_B02_s1_77,U2OS-03,2,B02,s1,UNTREATED,negative_control,U2OS,,train
10538,U2OS-03_2_C08_s1_8,U2OS-03,2,C08,s1,NAA40,treated,U2OS,,train
10539,U2OS-03_2_C08_s1_9,U2OS-03,2,C08,s1,NAA40,treated,U2OS,,train
10540,U2OS-03_2_C08_s1_10,U2OS-03,2,C08,s1,NAA40,treated,U2OS,,train
10541,U2OS-03_2_C08_s1_14,U2OS-03,2,C08,s1,NAA40,treated,U2OS,,train
10542,U2OS-03_2_C08_s1_16,U2OS-03,2,C08,s1,NAA40,treated,U2OS,,train
10543,U2OS-03_2_C08_s1_17,U2OS-03,2,C08,s1,NAA40,treated,U2OS,,train
10544,U2OS-03_2_C08_s1_18,U2OS-03,2,C08,s1,NAA40,treated,U2OS,,train
10545,U2OS-03_2_C08_s1_19,U2OS-03,2,C08,s1,NAA40,treated,U2OS,,train
10546,U2OS-03_2_C08_s1_20,U2OS-03,2,C08,s1,NAA40,treated,U2OS,,train
10547,U2OS-03_2_C08_s1_21,U2OS-03,2,C08,s1,NAA40,treated,U2OS,,train
10548,U2OS-03_2_C08_s1_25,U2OS-03,2,C08,s1,NAA40,treated,U2OS,,train
10549,U2OS-03_2_C08_s1_26,U2OS-03,2,C08,s1,NAA40,treated,U2OS,,train
10550,U2OS-03_2_C08_s1_27,U2OS-03,2,C08,s1,NAA40,treated,U2OS,,train
10551,U2OS-03_2_C08_s1_28,U2OS-03,2,C08,s1,NAA40,treated,U2OS,,train
10552,U2OS-03_2_C08_s1_33,U2OS-03,2,C08,s1,NAA40,treated,U2OS,,train
10553,U2OS-03_2_C08_s1_34,U2OS-03,2,C08,s1,NAA40,treated,U2OS,,train
10554,U2OS-03_2_C08_s1_35,U2OS-03,2,C08,s1,NAA40,treated,U2OS,,train
10555,U2OS-03_2_C08_s1_36,U2OS-03,2,C08,s1,NAA40,treated,U2OS,,train
10556,U2OS-03_2_C08_s1_37,U2OS-03,2,C08,s1,NAA40,treated,U2OS,,train
10557,U2OS-03_2_C08_s1_38,U2OS-03,2,C08,s1,NAA40,treated,U2OS,,train
10558,U2OS-03_2_C08_s1_40,U2OS-03,2,C08,s1,NAA40,treated,U2OS,,train
10559,U2OS-03_2_C08_s1_42,U2OS-03,2,C08,s1,NAA40,treated,U2OS,,train
10560,U2OS-03_2_C08_s1_43,U2OS-03,2,C08,s1,NAA40,treated,U2OS,,train
10561,U2OS-03_2_C08_s1_44,U2OS-03,2,C08,s1,NAA40,treated,U2OS,,train
10562,U2OS-03_2_C08_s1_45,U2OS-03,2,C08,s1,NAA40,treated,U2OS,,train
10563,U2OS-03_2_C08_s1_46,U2OS-03,2,C08,s1,NAA40,treated,U2OS,,train
10564,U2OS-03_2_C08_s1_47,U2OS-03,2,C08,s1,NAA40,treated,U2OS,,train
10565,U2OS-03_2_C08_s1_48,U2OS-03,2,C08,s1,NAA40,treated,U2OS,,train
10566,U2OS-03_2_C08_s2_9,U2OS-03,2,C08,s2,NAA40,treated,U2OS,,train
10567,U2OS-03_2_C08_s2_10,U2OS-03,2,C08,s2,NAA40,treated,U2OS,,train
10568,U2OS-03_2_C08_s2_12,U2OS-03,2,C08,s2,NAA40,treated,U2OS,,train
10569,U2OS-03_2_C08_s2_13,U2OS-03,2,C08,s2,NAA40,treated,U2OS,,train
10570,U2OS-03_2_C08_s2_16,U2OS-03,2,C08,s2,NAA40,treated,U2OS,,train
10571,U2OS-03_2_C08_s2_17,U2OS-03,2,C08,s2,NAA40,treated,U2OS,,train
10572,U2OS-03_2_C08_s2_20,U2OS-03,2,C08,s2,NAA40,treated,U2OS,,train
10573,U2OS-03_2_C08_s2_22,U2OS-03,2,C08,s2,NAA40,treated,U2OS,,train
10574,U2OS-03_2_C08_s2_24,U2OS-03,2,C08,s2,NAA40,treated,U2OS,,train
10575,U2OS-03_2_C08_s2_27,U2OS-03,2,C08,s2,NAA40,treated,U2OS,,train
10576,U2OS-03_2_C08_s2_28,U2OS-03,2,C08,s2,NAA40,treated,U2OS,,train
10577,U2OS-03_2_C08_s2_30,U2OS-03,2,C08,s2,NAA40,treated,U2OS,,train
10578,U2OS-03_2_C18_s1_12,U2OS-03,2,C18,s1,BICC1,treated,U2OS,,train
10579,U2OS-03_2_C18_s1_14,U2OS-03,2,C18,s1,BICC1,treated,U2OS,,train
10580,U2OS-03_2_C18_s1_15,U2OS-03,2,C18,s1,BICC1,treated,U2OS,,train
10581,U2OS-03_2_C18_s1_18,U2OS-03,2,C18,s1,BICC1,treated,U2OS,,train
10582,U2OS-03_2_C18_s1_21,U2OS-03,2,C18,s1,BICC1,treated,U2OS,,train
10583,U2OS-03_2_C18_s1_22,U2OS-03,2,C18,s1,BICC1,treated,U2OS,,train
10584,U2OS-03_2_C18_s1_23,U2OS-03,2,C18,s1,BICC1,treated,U2OS,,train
10585,U2OS-03_2_C18_s1_24,U2OS-03,2,C18,s1,BICC1,treated,U2OS,,train
10586,U2OS-03_2_C18_s1_25,U2OS-03,2,C18,s1,BICC1,treated,U2OS,,train
10587,U2OS-03_2_C18_s1_26,U2OS-03,2,C18,s1,BICC1,treated,U2OS,,train
10588,U2OS-03_2_C18_s1_27,U2OS-03,2,C18,s1,BICC1,treated,U2OS,,train
10589,U2OS-03_2_C18_s1_29,U2OS-03,2,C18,s1,BICC1,treated,U2OS,,train
10590,U2OS-03_2_C18_s1_31,U2OS-03,2,C18,s1,BICC1,treated,U2OS,,train
10591,U2OS-03_2_C18_s1_32,U2OS-03,2,C18,s1,BICC1,treated,U2OS,,train
10592,U2OS-03_2_C18_s1_37,U2OS-03,2,C18,s1,BICC1,treated,U2OS,,train
10593,U2OS-03_2_C18_s1_38,U2OS-03,2,C18,s1,BICC1,treated,U2OS,,train
10594,U2OS-03_2_C18_s1_39,U2OS-03,2,C18,s1,BICC1,treated,U2OS,,train
10595,U2OS-03_2_C18_s1_42,U2OS-03,2,C18,s1,BICC1,treated,U2OS,,train
10596,U2OS-03_2_C18_s1_43,U2OS-03,2,C18,s1,BICC1,treated,U2OS,,train
10597,U2OS-03_2_C18_s1_45,U2OS-03,2,C18,s1,BICC1,treated,U2OS,,train
10598,U2OS-03_2_C18_s1_46,U2OS-03,2,C18,s1,BICC1,treated,U2OS,,train
10599,U2OS-03_2_C18_s1_48,U2OS-03,2,C18,s1,BICC1,treated,U2OS,,train
10600,U2OS-03_2_C18_s1_49,U2OS-03,2,C18,s1,BICC1,treated,U2OS,,train
10601,U2OS-03_2_C18_s1_51,U2OS-03,2,C18,s1,BICC1,treated,U2OS,,train
10602,U2OS-03_2_C18_s1_52,U2OS-03,2,C18,s1,BICC1,treated,U2OS,,train
10603,U2OS-03_2_C18_s1_53,U2OS-03,2,C18,s1,BICC1,treated,U2OS,,train
10604,U2OS-03_2_C18_s1_54,U2OS-03,2,C18,s1,BICC1,treated,U2OS,,train
10605,U2OS-03_2_C18_s1_56,U2OS-03,2,C18,s1,BICC1,treated,U2OS,,train
10606,U2OS-03_2_C18_s1_58,U2OS-03,2,C18,s1,BICC1,treated,U2OS,,train
10607,U2OS-03_2_C18_s1_59,U2OS-03,2,C18,s1,BICC1,treated,U2OS,,train
10608,U2OS-03_2_C18_s1_61,U2OS-03,2,C18,s1,BICC1,treated,U2OS,,train
10609,U2OS-03_2_C18_s1_62,U2OS-03,2,C18,s1,BICC1,treated,U2OS,,train
10610,U2OS-03_2_C18_s1_67,U2OS-03,2,C18,s1,BICC1,treated,U2OS,,train
10611,U2OS-03_2_C18_s1_69,U2OS-03,2,C18,s1,BICC1,treated,U2OS,,train
10612,U2OS-03_2_C18_s1_70,U2OS-03,2,C18,s1,BICC1,treated,U2OS,,train
10613,U2OS-03_2_C18_s1_72,U2OS-03,2,C18,s1,BICC1,treated,U2OS,,train
10614,U2OS-03_2_C18_s1_73,U2OS-03,2,C18,s1,BICC1,treated,U2OS,,train
10615,U2OS-03_2_C18_s1_75,U2OS-03,2,C18,s1,BICC1,treated,U2OS,,train
10616,U2OS-03_2_C18_s1_77,U2OS-03,2,C18,s1,BICC1,treated,U2OS,,train
10617,U2OS-03_2_C18_s1_78,U2OS-03,2,C18,s1,BICC1,treated,U2OS,,train
10618,U2OS-03_2_D21_s1_12,U2OS-03,2,D21,s1,TRIM55,treated,U2OS,,train
10619,U2OS-03_2_D21_s1_13,U2OS-03,2,D21,s1,TRIM55,treated,U2OS,,train
10620,U2OS-03_2_D21_s1_14,U2OS-03,2,D21,s1,TRIM55,treated,U2OS,,train
10621,U2OS-03_2_D21_s1_16,U2OS-03,2,D21,s1,TRIM55,treated,U2OS,,train
10622,U2OS-03_2_D21_s1_18,U2OS-03,2,D21,s1,TRIM55,treated,U2OS,,train
10623,U2OS-03_2_D21_s1_19,U2OS-03,2,D21,s1,TRIM55,treated,U2OS,,train
10624,U2OS-03_2_D21_s1_20,U2OS-03,2,D21,s1,TRIM55,treated,U2OS,,train
10625,U2OS-03_2_D21_s1_21,U2OS-03,2,D21,s1,TRIM55,treated,U2OS,,train
10626,U2OS-03_2_D21_s1_22,U2OS-03,2,D21,s1,TRIM55,treated,U2OS,,train
10627,U2OS-03_2_D21_s1_24,U2OS-03,2,D21,s1,TRIM55,treated,U2OS,,train
10628,U2OS-03_2_D21_s1_25,U2OS-03,2,D21,s1,TRIM55,treated,U2OS,,train
10629,U2OS-03_2_D21_s1_27,U2OS-03,2,D21,s1,TRIM55,treated,U2OS,,train
10630,U2OS-03_2_D21_s1_28,U2OS-03,2,D21,s1,TRIM55,treated,U2OS,,train
10631,U2OS-03_2_D21_s1_29,U2OS-03,2,D21,s1,TRIM55,treated,U2OS,,train
10632,U2OS-03_2_D21_s1_34,U2OS-03,2,D21,s1,TRIM55,treated,U2OS,,train
10633,U2OS-03_2_D21_s1_36,U2OS-03,2,D21,s1,TRIM55,treated,U2OS,,train
10634,U2OS-03_2_D21_s1_37,U2OS-03,2,D21,s1,TRIM55,treated,U2OS,,train
10635,U2OS-03_2_D21_s1_38,U2OS-03,2,D21,s1,TRIM55,treated,U2OS,,train
10636,U2OS-03_2_D21_s1_39,U2OS-03,2,D21,s1,TRIM55,treated,U2OS,,train
10637,U2OS-03_2_D21_s1_41,U2OS-03,2,D21,s1,TRIM55,treated,U2OS,,train
10638,U2OS-03_2_D21_s1_43,U2OS-03,2,D21,s1,TRIM55,treated,U2OS,,train
10639,U2OS-03_2_D21_s1_46,U2OS-03,2,D21,s1,TRIM55,treated,U2OS,,train
10640,U2OS-03_2_D21_s1_47,U2OS-03,2,D21,s1,TRIM55,treated,U2OS,,train
10641,U2OS-03_2_D21_s1_49,U2OS-03,2,D21,s1,TRIM55,treated,U2OS,,train
10642,U2OS-03_2_D21_s1_50,U2OS-03,2,D21,s1,TRIM55,treated,U2OS,,train
10643,U2OS-03_2_D21_s1_51,U2OS-03,2,D21,s1,TRIM55,treated,U2OS,,train
10644,U2OS-03_2_D21_s1_52,U2OS-03,2,D21,s1,TRIM55,treated,U2OS,,train
10645,U2OS-03_2_D21_s1_53,U2OS-03,2,D21,s1,TRIM55,treated,U2OS,,train
10646,U2OS-03_2_D21_s1_54,U2OS-03,2,D21,s1,TRIM55,treated,U2OS,,train
10647,U2OS-03_2_D21_s1_55,U2OS-03,2,D21,s1,TRIM55,treated,U2OS,,train
10648,U2OS-03_2_D21_s1_58,U2OS-03,2,D21,s1,TRIM55,treated,U2OS,,train
10649,U2OS-03_2_D21_s1_60,U2OS-03,2,D21,s1,TRIM55,treated,U2OS,,train
10650,U2OS-03_2_D21_s2_16,U2OS-03,2,D21,s2,TRIM55,treated,U2OS,,train
10651,U2OS-03_2_D21_s2_17,U2OS-03,2,D21,s2,TRIM55,treated,U2OS,,train
10652,U2OS-03_2_D21_s2_18,U2OS-03,2,D21,s2,TRIM55,treated,U2OS,,train
10653,U2OS-03_2_D21_s2_21,U2OS-03,2,D21,s2,TRIM55,treated,U2OS,,train
10654,U2OS-03_2_D21_s2_22,U2OS-03,2,D21,s2,TRIM55,treated,U2OS,,train
10655,U2OS-03_2_D21_s2_24,U2OS-03,2,D21,s2,TRIM55,treated,U2OS,,train
10656,U2OS-03_2_D21_s2_25,U2OS-03,2,D21,s2,TRIM55,treated,U2OS,,train
10657,U2OS-03_2_D21_s2_27,U2OS-03,2,D21,s2,TRIM55,treated,U2OS,,train
10658,U2OS-03_2_E20_s1_13,U2OS-03,2,E20,s1,EPPK1,treated,U2OS,,train
10659,U2OS-03_2_E20_s1_15,U2OS-03,2,E20,s1,EPPK1,treated,U2OS,,train
10660,U2OS-03_2_E20_s1_16,U2OS-03,2,E20,s1,EPPK1,treated,U2OS,,train
10661,U2OS-03_2_E20_s1_18,U2OS-03,2,E20,s1,EPPK1,treated,U2OS,,train
10662,U2OS-03_2_E20_s1_20,U2OS-03,2,E20,s1,EPPK1,treated,U2OS,,train
10663,U2OS-03_2_E20_s1_21,U2OS-03,2,E20,s1,EPPK1,treated,U2OS,,train
10664,U2OS-03_2_E20_s1_22,U2OS-03,2,E20,s1,EPPK1,treated,U2OS,,train
10665,U2OS-03_2_E20_s1_23,U2OS-03,2,E20,s1,EPPK1,treated,U2OS,,train
10666,U2OS-03_2_E20_s1_26,U2OS-03,2,E20,s1,EPPK1,treated,U2OS,,train
10667,U2OS-03_2_E20_s1_27,U2OS-03,2,E20,s1,EPPK1,treated,U2OS,,train
10668,U2OS-03_2_E20_s1_28,U2OS-03,2,E20,s1,EPPK1,treated,U2OS,,train
10669,U2OS-03_2_E20_s1_29,U2OS-03,2,E20,s1,EPPK1,treated,U2OS,,train
10670,U2OS-03_2_E20_s1_30,U2OS-03,2,E20,s1,EPPK1,treated,U2OS,,train
10671,U2OS-03_2_E20_s1_31,U2OS-03,2,E20,s1,EPPK1,treated,U2OS,,train
10672,U2OS-03_2_E20_s1_36,U2OS-03,2,E20,s1,EPPK1,treated,U2OS,,train
10673,U2OS-03_2_E20_s1_37,U2OS-03,2,E20,s1,EPPK1,treated,U2OS,,train
10674,U2OS-03_2_E20_s1_39,U2OS-03,2,E20,s1,EPPK1,treated,U2OS,,train
10675,U2OS-03_2_E20_s1_40,U2OS-03,2,E20,s1,EPPK1,treated,U2OS,,train
10676,U2OS-03_2_E20_s1_42,U2OS-03,2,E20,s1,EPPK1,treated,U2OS,,train
10677,U2OS-03_2_E20_s1_44,U2OS-03,2,E20,s1,EPPK1,treated,U2OS,,train
10678,U2OS-03_2_E20_s1_50,U2OS-03,2,E20,s1,EPPK1,treated,U2OS,,train
10679,U2OS-03_2_E20_s1_52,U2OS-03,2,E20,s1,EPPK1,treated,U2OS,,train
10680,U2OS-03_2_E20_s1_53,U2OS-03,2,E20,s1,EPPK1,treated,U2OS,,train
10681,U2OS-03_2_E20_s1_54,U2OS-03,2,E20,s1,EPPK1,treated,U2OS,,train
10682,U2OS-03_2_E20_s1_55,U2OS-03,2,E20,s1,EPPK1,treated,U2OS,,train
10683,U2OS-03_2_E20_s1_57,U2OS-03,2,E20,s1,EPPK1,treated,U2OS,,train
10684,U2OS-03_2_E20_s1_58,U2OS-03,2,E20,s1,EPPK1,treated,U2OS,,train
10685,U2OS-03_2_E20_s1_59,U2OS-03,2,E20,s1,EPPK1,treated,U2OS,,train
10686,U2OS-03_2_E20_s1_60,U2OS-03,2,E20,s1,EPPK1,treated,U2OS,,train
10687,U2OS-03_2_E20_s1_61,U2OS-03,2,E20,s1,EPPK1,treated,U2OS,,train
10688,U2OS-03_2_E20_s1_63,U2OS-03,2,E20,s1,EPPK1,treated,U2OS,,train
10689,U2OS-03_2_E20_s1_64,U2OS-03,2,E20,s1,EPPK1,treated,U2OS,,train
10690,U2OS-03_2_E20_s1_69,U2OS-03,2,E20,s1,EPPK1,treated,U2OS,,train
10691,U2OS-03_2_E20_s1_70,U2OS-03,2,E20,s1,EPPK1,treated,U2OS,,train
10692,U2OS-03_2_E20_s1_71,U2OS-03,2,E20,s1,EPPK1,treated,U2OS,,train
10693,U2OS-03_2_E20_s1_73,U2OS-03,2,E20,s1,EPPK1,treated,U2OS,,train
10694,U2OS-03_2_E20_s1_76,U2OS-03,2,E20,s1,EPPK1,treated,U2OS,,train
10695,U2OS-03_2_E20_s1_79,U2OS-03,2,E20,s1,EPPK1,treated,U2OS,,train
10696,U2OS-03_2_E20_s1_80,U2OS-03,2,E20,s1,EPPK1,treated,U2OS,,train
10697,U2OS-03_2_E20_s1_81,U2OS-03,2,E20,s1,EPPK1,treated,U2OS,,train
10698,U2OS-03_2_F05_s1_9,U2OS-03,2,F05,s1,RASSF5,treated,U2OS,,train
10699,U2OS-03_2_F05_s1_11,U2OS-03,2,F05,s1,RASSF5,treated,U2OS,,train
10700,U2OS-03_2_F05_s1_12,U2OS-03,2,F05,s1,RASSF5,treated,U2OS,,train
10701,U2OS-03_2_F05_s1_14,U2OS-03,2,F05,s1,RASSF5,treated,U2OS,,train
10702,U2OS-03_2_F05_s1_18,U2OS-03,2,F05,s1,RASSF5,treated,U2OS,,train
10703,U2OS-03_2_F05_s1_19,U2OS-03,2,F05,s1,RASSF5,treated,U2OS,,train
10704,U2OS-03_2_F05_s1_20,U2OS-03,2,F05,s1,RASSF5,treated,U2OS,,train
10705,U2OS-03_2_F05_s1_21,U2OS-03,2,F05,s1,RASSF5,treated,U2OS,,train
10706,U2OS-03_2_F05_s1_23,U2OS-03,2,F05,s1,RASSF5,treated,U2OS,,train
10707,U2OS-03_2_F05_s1_24,U2OS-03,2,F05,s1,RASSF5,treated,U2OS,,train
10708,U2OS-03_2_F05_s1_26,U2OS-03,2,F05,s1,RASSF5,treated,U2OS,,train
10709,U2OS-03_2_F05_s1_27,U2OS-03,2,F05,s1,RASSF5,treated,U2OS,,train
10710,U2OS-03_2_F05_s1_28,U2OS-03,2,F05,s1,RASSF5,treated,U2OS,,train
10711,U2OS-03_2_F05_s1_29,U2OS-03,2,F05,s1,RASSF5,treated,U2OS,,train
10712,U2OS-03_2_F05_s1_33,U2OS-03,2,F05,s1,RASSF5,treated,U2OS,,train
10713,U2OS-03_2_F05_s1_34,U2OS-03,2,F05,s1,RASSF5,treated,U2OS,,train
10714,U2OS-03_2_F05_s1_35,U2OS-03,2,F05,s1,RASSF5,treated,U2OS,,train
10715,U2OS-03_2_F05_s1_36,U2OS-03,2,F05,s1,RASSF5,treated,U2OS,,train
10716,U2OS-03_2_F05_s1_38,U2OS-03,2,F05,s1,RASSF5,treated,U2OS,,train
10717,U2OS-03_2_F05_s1_40,U2OS-03,2,F05,s1,RASSF5,treated,U2OS,,train
10718,U2OS-03_2_F05_s1_41,U2OS-03,2,F05,s1,RASSF5,treated,U2OS,,train
10719,U2OS-03_2_F05_s1_44,U2OS-03,2,F05,s1,RASSF5,treated,U2OS,,train
10720,U2OS-03_2_F05_s1_45,U2OS-03,2,F05,s1,RASSF5,treated,U2OS,,train
10721,U2OS-03_2_F05_s1_48,U2OS-03,2,F05,s1,RASSF5,treated,U2OS,,train
10722,U2OS-03_2_F05_s1_49,U2OS-03,2,F05,s1,RASSF5,treated,U2OS,,train
10723,U2OS-03_2_F05_s1_50,U2OS-03,2,F05,s1,RASSF5,treated,U2OS,,train
10724,U2OS-03_2_F05_s1_52,U2OS-03,2,F05,s1,RASSF5,treated,U2OS,,train
10725,U2OS-03_2_F05_s1_53,U2OS-03,2,F05,s1,RASSF5,treated,U2OS,,train
10726,U2OS-03_2_F05_s1_54,U2OS-03,2,F05,s1,RASSF5,treated,U2OS,,train
10727,U2OS-03_2_F05_s1_55,U2OS-03,2,F05,s1,RASSF5,treated,U2OS,,train
10728,U2OS-03_2_F05_s1_57,U2OS-03,2,F05,s1,RASSF5,treated,U2OS,,train
10729,U2OS-03_2_F05_s1_58,U2OS-03,2,F05,s1,RASSF5,treated,U2OS,,train
10730,U2OS-03_2_F05_s1_61,U2OS-03,2,F05,s1,RASSF5,treated,U2OS,,train
10731,U2OS-03_2_F05_s1_62,U2OS-03,2,F05,s1,RASSF5,treated,U2OS,,train
10732,U2OS-03_2_F05_s1_64,U2OS-03,2,F05,s1,RASSF5,treated,U2OS,,train
10733,U2OS-03_2_F05_s1_66,U2OS-03,2,F05,s1,RASSF5,treated,U2OS,,train
10734,U2OS-03_2_F05_s1_67,U2OS-03,2,F05,s1,RASSF5,treated,U2OS,,train
10735,U2OS-03_2_F05_s1_69,U2OS-03,2,F05,s1,RASSF5,treated,U2OS,,train
10736,U2OS-03_2_F05_s1_70,U2OS-03,2,F05,s1,RASSF5,treated,U2OS,,train
10737,U2OS-03_2_F05_s1_71,U2OS-03,2,F05,s1,RASSF5,treated,U2OS,,train
10738,U2OS-03_2_F14_s1_9,U2OS-03,2,F14,s1,NT5C1A,treated,U2OS,,train
10739,U2OS-03_2_F14_s1_10,U2OS-03,2,F14,s1,NT5C1A,treated,U2OS,,train
10740,U2OS-03_2_F14_s1_11,U2OS-03,2,F14,s1,NT5C1A,treated,U2OS,,train
10741,U2OS-03_2_F14_s1_14,U2OS-03,2,F14,s1,NT5C1A,treated,U2OS,,train
10742,U2OS-03_2_F14_s1_16,U2OS-03,2,F14,s1,NT5C1A,treated,U2OS,,train
10743,U2OS-03_2_F14_s1_17,U2OS-03,2,F14,s1,NT5C1A,treated,U2OS,,train
10744,U2OS-03_2_F14_s1_21,U2OS-03,2,F14,s1,NT5C1A,treated,U2OS,,train
10745,U2OS-03_2_F14_s1_23,U2OS-03,2,F14,s1,NT5C1A,treated,U2OS,,train
10746,U2OS-03_2_F14_s1_24,U2OS-03,2,F14,s1,NT5C1A,treated,U2OS,,train
10747,U2OS-03_2_F14_s1_25,U2OS-03,2,F14,s1,NT5C1A,treated,U2OS,,train
10748,U2OS-03_2_F14_s1_26,U2OS-03,2,F14,s1,NT5C1A,treated,U2OS,,train
10749,U2OS-03_2_F14_s1_27,U2OS-03,2,F14,s1,NT5C1A,treated,U2OS,,train
10750,U2OS-03_2_F14_s1_28,U2OS-03,2,F14,s1,NT5C1A,treated,U2OS,,train
10751,U2OS-03_2_F14_s1_29,U2OS-03,2,F14,s1,NT5C1A,treated,U2OS,,train
10752,U2OS-03_2_F14_s1_34,U2OS-03,2,F14,s1,NT5C1A,treated,U2OS,,train
10753,U2OS-03_2_F14_s1_35,U2OS-03,2,F14,s1,NT5C1A,treated,U2OS,,train
10754,U2OS-03_2_F14_s1_36,U2OS-03,2,F14,s1,NT5C1A,treated,U2OS,,train
10755,U2OS-03_2_F14_s1_37,U2OS-03,2,F14,s1,NT5C1A,treated,U2OS,,train
10756,U2OS-03_2_F14_s1_38,U2OS-03,2,F14,s1,NT5C1A,treated,U2OS,,train
10757,U2OS-03_2_F14_s1_39,U2OS-03,2,F14,s1,NT5C1A,treated,U2OS,,train
10758,U2OS-03_2_F14_s1_40,U2OS-03,2,F14,s1,NT5C1A,treated,U2OS,,train
10759,U2OS-03_2_F14_s1_42,U2OS-03,2,F14,s1,NT5C1A,treated,U2OS,,train
10760,U2OS-03_2_F14_s1_43,U2OS-03,2,F14,s1,NT5C1A,treated,U2OS,,train
10761,U2OS-03_2_F14_s1_44,U2OS-03,2,F14,s1,NT5C1A,treated,U2OS,,train
10762,U2OS-03_2_F14_s1_45,U2OS-03,2,F14,s1,NT5C1A,treated,U2OS,,train
10763,U2OS-03_2_F14_s1_46,U2OS-03,2,F14,s1,NT5C1A,treated,U2OS,,train
10764,U2OS-03_2_F14_s1_47,U2OS-03,2,F14,s1,NT5C1A,treated,U2OS,,train
10765,U2OS-03_2_F14_s1_48,U2OS-03,2,F14,s1,NT5C1A,treated,U2OS,,train
10766,U2OS-03_2_F14_s1_49,U2OS-03,2,F14,s1,NT5C1A,treated,U2OS,,train
10767,U2OS-03_2_F14_s1_50,U2OS-03,2,F14,s1,NT5C1A,treated,U2OS,,train
10768,U2OS-03_2_F14_s1_53,U2OS-03,2,F14,s1,NT5C1A,treated,U2OS,,train
10769,U2OS-03_2_F14_s1_55,U2OS-03,2,F14,s1,NT5C1A,treated,U2OS,,train
10770,U2OS-03_2_F14_s1_58,U2OS-03,2,F14,s1,NT5C1A,treated,U2OS,,train
10771,U2OS-03_2_F14_s1_59,U2OS-03,2,F14,s1,NT5C1A,treated,U2OS,,train
10772,U2OS-03_2_F14_s1_60,U2OS-03,2,F14,s1,NT5C1A,treated,U2OS,,train
10773,U2OS-03_2_F14_s1_62,U2OS-03,2,F14,s1,NT5C1A,treated,U2OS,,train
10774,U2OS-03_2_F14_s1_63,U2OS-03,2,F14,s1,NT5C1A,treated,U2OS,,train
10775,U2OS-03_2_F14_s1_65,U2OS-03,2,F14,s1,NT5C1A,treated,U2OS,,train
10776,U2OS-03_2_F14_s1_66,U2OS-03,2,F14,s1,NT5C1A,treated,U2OS,,train
10777,U2OS-03_2_F14_s1_69,U2OS-03,2,F14,s1,NT5C1A,treated,U2OS,,train
10778,U2OS-03_2_F16_s1_8,U2OS-03,2,F16,s1,SPNS1,treated,U2OS,,train
10779,U2OS-03_2_F16_s1_18,U2OS-03,2,F16,s1,SPNS1,treated,U2OS,,train
10780,U2OS-03_2_F16_s1_19,U2OS-03,2,F16,s1,SPNS1,treated,U2OS,,train
10781,U2OS-03_2_F16_s1_21,U2OS-03,2,F16,s1,SPNS1,treated,U2OS,,train
10782,U2OS-03_2_F16_s1_23,U2OS-03,2,F16,s1,SPNS1,treated,U2OS,,train
10783,U2OS-03_2_F16_s1_24,U2OS-03,2,F16,s1,SPNS1,treated,U2OS,,train
10784,U2OS-03_2_F16_s1_25,U2OS-03,2,F16,s1,SPNS1,treated,U2OS,,train
10785,U2OS-03_2_F16_s1_26,U2OS-03,2,F16,s1,SPNS1,treated,U2OS,,train
10786,U2OS-03_2_F16_s1_28,U2OS-03,2,F16,s1,SPNS1,treated,U2OS,,train
10787,U2OS-03_2_F16_s1_29,U2OS-03,2,F16,s1,SPNS1,treated,U2OS,,train
10788,U2OS-03_2_F16_s1_30,U2OS-03,2,F16,s1,SPNS1,treated,U2OS,,train
10789,U2OS-03_2_F16_s1_32,U2OS-03,2,F16,s1,SPNS1,treated,U2OS,,train
10790,U2OS-03_2_F16_s1_33,U2OS-03,2,F16,s1,SPNS1,treated,U2OS,,train
10791,U2OS-03_2_F16_s1_34,U2OS-03,2,F16,s1,SPNS1,treated,U2OS,,train
10792,U2OS-03_2_F16_s1_38,U2OS-03,2,F16,s1,SPNS1,treated,U2OS,,train
10793,U2OS-03_2_F16_s1_40,U2OS-03,2,F16,s1,SPNS1,treated,U2OS,,train
10794,U2OS-03_2_F16_s1_41,U2OS-03,2,F16,s1,SPNS1,treated,U2OS,,train
10795,U2OS-03_2_F16_s1_43,U2OS-03,2,F16,s1,SPNS1,treated,U2OS,,train
10796,U2OS-03_2_F16_s1_45,U2OS-03,2,F16,s1,SPNS1,treated,U2OS,,train
10797,U2OS-03_2_F16_s1_46,U2OS-03,2,F16,s1,SPNS1,treated,U2OS,,train
10798,U2OS-03_2_F16_s1_47,U2OS-03,2,F16,s1,SPNS1,treated,U2OS,,train
10799,U2OS-03_2_F16_s1_49,U2OS-03,2,F16,s1,SPNS1,treated,U2OS,,train
10800,U2OS-03_2_F16_s1_50,U2OS-03,2,F16,s1,SPNS1,treated,U2OS,,train
10801,U2OS-03_2_F16_s1_51,U2OS-03,2,F16,s1,SPNS1,treated,U2OS,,train
10802,U2OS-03_2_F16_s1_53,U2OS-03,2,F16,s1,SPNS1,treated,U2OS,,train
10803,U2OS-03_2_F16_s1_54,U2OS-03,2,F16,s1,SPNS1,treated,U2OS,,train
10804,U2OS-03_2_F16_s1_56,U2OS-03,2,F16,s1,SPNS1,treated,U2OS,,train
10805,U2OS-03_2_F16_s1_57,U2OS-03,2,F16,s1,SPNS1,treated,U2OS,,train
10806,U2OS-03_2_F16_s1_58,U2OS-03,2,F16,s1,SPNS1,treated,U2OS,,train
10807,U2OS-03_2_F16_s1_62,U2OS-03,2,F16,s1,SPNS1,treated,U2OS,,train
10808,U2OS-03_2_F16_s1_64,U2OS-03,2,F16,s1,SPNS1,treated,U2OS,,train
10809,U2OS-03_2_F16_s2_10,U2OS-03,2,F16,s2,SPNS1,treated,U2OS,,train
10810,U2OS-03_2_F16_s2_13,U2OS-03,2,F16,s2,SPNS1,treated,U2OS,,train
10811,U2OS-03_2_F16_s2_14,U2OS-03,2,F16,s2,SPNS1,treated,U2OS,,train
10812,U2OS-03_2_F16_s2_15,U2OS-03,2,F16,s2,SPNS1,treated,U2OS,,train
10813,U2OS-03_2_F16_s2_20,U2OS-03,2,F16,s2,SPNS1,treated,U2OS,,train
10814,U2OS-03_2_F16_s2_22,U2OS-03,2,F16,s2,SPNS1,treated,U2OS,,train
10815,U2OS-03_2_F16_s2_26,U2OS-03,2,F16,s2,SPNS1,treated,U2OS,,train
10816,U2OS-03_2_F16_s2_27,U2OS-03,2,F16,s2,SPNS1,treated,U2OS,,train
10817,U2OS-03_2_F16_s2_28,U2OS-03,2,F16,s2,SPNS1,treated,U2OS,,train
10818,U2OS-03_2_G08_s1_12,U2OS-03,2,G08,s1,SPIRE2,treated,U2OS,,train
10819,U2OS-03_2_G08_s1_16,U2OS-03,2,G08,s1,SPIRE2,treated,U2OS,,train
10820,U2OS-03_2_G08_s1_18,U2OS-03,2,G08,s1,SPIRE2,treated,U2OS,,train
10821,U2OS-03_2_G08_s1_20,U2OS-03,2,G08,s1,SPIRE2,treated,U2OS,,train
10822,U2OS-03_2_G08_s1_22,U2OS-03,2,G08,s1,SPIRE2,treated,U2OS,,train
10823,U2OS-03_2_G08_s1_23,U2OS-03,2,G08,s1,SPIRE2,treated,U2OS,,train
10824,U2OS-03_2_G08_s1_24,U2OS-03,2,G08,s1,SPIRE2,treated,U2OS,,train
10825,U2OS-03_2_G08_s1_25,U2OS-03,2,G08,s1,SPIRE2,treated,U2OS,,train
10826,U2OS-03_2_G08_s1_27,U2OS-03,2,G08,s1,SPIRE2,treated,U2OS,,train
10827,U2OS-03_2_G08_s1_28,U2OS-03,2,G08,s1,SPIRE2,treated,U2OS,,train
10828,U2OS-03_2_G08_s1_31,U2OS-03,2,G08,s1,SPIRE2,treated,U2OS,,train
10829,U2OS-03_2_G08_s1_32,U2OS-03,2,G08,s1,SPIRE2,treated,U2OS,,train
10830,U2OS-03_2_G08_s1_33,U2OS-03,2,G08,s1,SPIRE2,treated,U2OS,,train
10831,U2OS-03_2_G08_s1_34,U2OS-03,2,G08,s1,SPIRE2,treated,U2OS,,train
10832,U2OS-03_2_G08_s1_39,U2OS-03,2,G08,s1,SPIRE2,treated,U2OS,,train
10833,U2OS-03_2_G08_s1_40,U2OS-03,2,G08,s1,SPIRE2,treated,U2OS,,train
10834,U2OS-03_2_G08_s1_41,U2OS-03,2,G08,s1,SPIRE2,treated,U2OS,,train
10835,U2OS-03_2_G08_s1_42,U2OS-03,2,G08,s1,SPIRE2,treated,U2OS,,train
10836,U2OS-03_2_G08_s1_43,U2OS-03,2,G08,s1,SPIRE2,treated,U2OS,,train
10837,U2OS-03_2_G08_s1_44,U2OS-03,2,G08,s1,SPIRE2,treated,U2OS,,train
10838,U2OS-03_2_G08_s1_45,U2OS-03,2,G08,s1,SPIRE2,treated,U2OS,,train
10839,U2OS-03_2_G08_s1_51,U2OS-03,2,G08,s1,SPIRE2,treated,U2OS,,train
10840,U2OS-03_2_G08_s1_52,U2OS-03,2,G08,s1,SPIRE2,treated,U2OS,,train
10841,U2OS-03_2_G08_s1_53,U2OS-03,2,G08,s1,SPIRE2,treated,U2OS,,train
10842,U2OS-03_2_G08_s1_54,U2OS-03,2,G08,s1,SPIRE2,treated,U2OS,,train
10843,U2OS-03_2_G08_s1_55,U2OS-03,2,G08,s1,SPIRE2,treated,U2OS,,train
10844,U2OS-03_2_G08_s1_56,U2OS-03,2,G08,s1,SPIRE2,treated,U2OS,,train
10845,U2OS-03_2_G08_s1_57,U2OS-03,2,G08,s1,SPIRE2,treated,U2OS,,train
10846,U2OS-03_2_G08_s1_58,U2OS-03,2,G08,s1,SPIRE2,treated,U2OS,,train
10847,U2OS-03_2_G08_s1_60,U2OS-03,2,G08,s1,SPIRE2,treated,U2OS,,train
10848,U2OS-03_2_G08_s1_62,U2OS-03,2,G08,s1,SPIRE2,treated,U2OS,,train
10849,U2OS-03_2_G08_s1_64,U2OS-03,2,G08,s1,SPIRE2,treated,U2OS,,train
10850,U2OS-03_2_G08_s1_68,U2OS-03,2,G08,s1,SPIRE2,treated,U2OS,,train
10851,U2OS-03_2_G08_s1_69,U2OS-03,2,G08,s1,SPIRE2,treated,U2OS,,train
10852,U2OS-03_2_G08_s1_70,U2OS-03,2,G08,s1,SPIRE2,treated,U2OS,,train
10853,U2OS-03_2_G08_s1_73,U2OS-03,2,G08,s1,SPIRE2,treated,U2OS,,train
10854,U2OS-03_2_G08_s1_74,U2OS-03,2,G08,s1,SPIRE2,treated,U2OS,,train
10855,U2OS-03_2_G08_s1_76,U2OS-03,2,G08,s1,SPIRE2,treated,U2OS,,train
10856,U2OS-03_2_G08_s1_77,U2OS-03,2,G08,s1,SPIRE2,treated,U2OS,,train
10857,U2OS-03_2_G08_s1_78,U2OS-03,2,G08,s1,SPIRE2,treated,U2OS,,train
10858,U2OS-03_2_H02_s1_11,U2OS-03,2,H02,s1,NAA50,treated,U2OS,,train
10859,U2OS-03_2_H02_s1_13,U2OS-03,2,H02,s1,NAA50,treated,U2OS,,train
10860,U2OS-03_2_H02_s1_14,U2OS-03,2,H02,s1,NAA50,treated,U2OS,,train
10861,U2OS-03_2_H02_s1_18,U2OS-03,2,H02,s1,NAA50,treated,U2OS,,train
10862,U2OS-03_2_H02_s1_20,U2OS-03,2,H02,s1,NAA50,treated,U2OS,,train
10863,U2OS-03_2_H02_s1_21,U2OS-03,2,H02,s1,NAA50,treated,U2OS,,train
10864,U2OS-03_2_H02_s1_22,U2OS-03,2,H02,s1,NAA50,treated,U2OS,,train
10865,U2OS-03_2_H02_s1_23,U2OS-03,2,H02,s1,NAA50,treated,U2OS,,train
10866,U2OS-03_2_H02_s1_24,U2OS-03,2,H02,s1,NAA50,treated,U2OS,,train
10867,U2OS-03_2_H02_s1_26,U2OS-03,2,H02,s1,NAA50,treated,U2OS,,train
10868,U2OS-03_2_H02_s1_28,U2OS-03,2,H02,s1,NAA50,treated,U2OS,,train
10869,U2OS-03_2_H02_s1_29,U2OS-03,2,H02,s1,NAA50,treated,U2OS,,train
10870,U2OS-03_2_H02_s1_30,U2OS-03,2,H02,s1,NAA50,treated,U2OS,,train
10871,U2OS-03_2_H02_s1_31,U2OS-03,2,H02,s1,NAA50,treated,U2OS,,train
10872,U2OS-03_2_H02_s1_36,U2OS-03,2,H02,s1,NAA50,treated,U2OS,,train
10873,U2OS-03_2_H02_s1_39,U2OS-03,2,H02,s1,NAA50,treated,U2OS,,train
10874,U2OS-03_2_H02_s1_41,U2OS-03,2,H02,s1,NAA50,treated,U2OS,,train
10875,U2OS-03_2_H02_s1_42,U2OS-03,2,H02,s1,NAA50,treated,U2OS,,train
10876,U2OS-03_2_H02_s1_43,U2OS-03,2,H02,s1,NAA50,treated,U2OS,,train
10877,U2OS-03_2_H02_s1_44,U2OS-03,2,H02,s1,NAA50,treated,U2OS,,train
10878,U2OS-03_2_H02_s1_45,U2OS-03,2,H02,s1,NAA50,treated,U2OS,,train
10879,U2OS-03_2_H02_s1_48,U2OS-03,2,H02,s1,NAA50,treated,U2OS,,train
10880,U2OS-03_2_H02_s1_49,U2OS-03,2,H02,s1,NAA50,treated,U2OS,,train
10881,U2OS-03_2_H02_s1_51,U2OS-03,2,H02,s1,NAA50,treated,U2OS,,train
10882,U2OS-03_2_H02_s1_52,U2OS-03,2,H02,s1,NAA50,treated,U2OS,,train
10883,U2OS-03_2_H02_s1_53,U2OS-03,2,H02,s1,NAA50,treated,U2OS,,train
10884,U2OS-03_2_H02_s1_54,U2OS-03,2,H02,s1,NAA50,treated,U2OS,,train
10885,U2OS-03_2_H02_s1_57,U2OS-03,2,H02,s1,NAA50,treated,U2OS,,train
10886,U2OS-03_2_H02_s1_58,U2OS-03,2,H02,s1,NAA50,treated,U2OS,,train
10887,U2OS-03_2_H02_s1_59,U2OS-03,2,H02,s1,NAA50,treated,U2OS,,train
10888,U2OS-03_2_H02_s1_61,U2OS-03,2,H02,s1,NAA50,treated,U2OS,,train
10889,U2OS-03_2_H02_s1_62,U2OS-03,2,H02,s1,NAA50,treated,U2OS,,train
10890,U2OS-03_2_H02_s1_65,U2OS-03,2,H02,s1,NAA50,treated,U2OS,,train
10891,U2OS-03_2_H02_s1_66,U2OS-03,2,H02,s1,NAA50,treated,U2OS,,train
10892,U2OS-03_2_H02_s1_70,U2OS-03,2,H02,s1,NAA50,treated,U2OS,,train
10893,U2OS-03_2_H02_s1_74,U2OS-03,2,H02,s1,NAA50,treated,U2OS,,train
10894,U2OS-03_2_H02_s2_9,U2OS-03,2,H02,s2,NAA50,treated,U2OS,,train
10895,U2OS-03_2_H02_s2_12,U2OS-03,2,H02,s2,NAA50,treated,U2OS,,train
10896,U2OS-03_2_H02_s2_13,U2OS-03,2,H02,s2,NAA50,treated,U2OS,,train
10897,U2OS-03_2_H02_s2_14,U2OS-03,2,H02,s2,NAA50,treated,U2OS,,train
10898,U2OS-03_2_H09_s1_8,U2OS-03,2,H09,s1,ELOVL3,treated,U2OS,,train
10899,U2OS-03_2_H09_s1_10,U2OS-03,2,H09,s1,ELOVL3,treated,U2OS,,train
10900,U2OS-03_2_H09_s1_11,U2OS-03,2,H09,s1,ELOVL3,treated,U2OS,,train
10901,U2OS-03_2_H09_s1_14,U2OS-03,2,H09,s1,ELOVL3,treated,U2OS,,train
10902,U2OS-03_2_H09_s1_18,U2OS-03,2,H09,s1,ELOVL3,treated,U2OS,,train
10903,U2OS-03_2_H09_s1_20,U2OS-03,2,H09,s1,ELOVL3,treated,U2OS,,train
10904,U2OS-03_2_H09_s1_21,U2OS-03,2,H09,s1,ELOVL3,treated,U2OS,,train
10905,U2OS-03_2_H09_s1_22,U2OS-03,2,H09,s1,ELOVL3,treated,U2OS,,train
10906,U2OS-03_2_H09_s1_24,U2OS-03,2,H09,s1,ELOVL3,treated,U2OS,,train
10907,U2OS-03_2_H09_s1_25,U2OS-03,2,H09,s1,ELOVL3,treated,U2OS,,train
10908,U2OS-03_2_H09_s1_26,U2OS-03,2,H09,s1,ELOVL3,treated,U2OS,,train
10909,U2OS-03_2_H09_s1_27,U2OS-03,2,H09,s1,ELOVL3,treated,U2OS,,train
10910,U2OS-03_2_H09_s1_29,U2OS-03,2,H09,s1,ELOVL3,treated,U2OS,,train
10911,U2OS-03_2_H09_s1_30,U2OS-03,2,H09,s1,ELOVL3,treated,U2OS,,train
10912,U2OS-03_2_H09_s1_36,U2OS-03,2,H09,s1,ELOVL3,treated,U2OS,,train
10913,U2OS-03_2_H09_s1_38,U2OS-03,2,H09,s1,ELOVL3,treated,U2OS,,train
10914,U2OS-03_2_H09_s1_39,U2OS-03,2,H09,s1,ELOVL3,treated,U2OS,,train
10915,U2OS-03_2_H09_s1_40,U2OS-03,2,H09,s1,ELOVL3,treated,U2OS,,train
10916,U2OS-03_2_H09_s1_41,U2OS-03,2,H09,s1,ELOVL3,treated,U2OS,,train
10917,U2OS-03_2_H09_s1_42,U2OS-03,2,H09,s1,ELOVL3,treated,U2OS,,train
10918,U2OS-03_2_H09_s1_43,U2OS-03,2,H09,s1,ELOVL3,treated,U2OS,,train
10919,U2OS-03_2_H09_s1_46,U2OS-03,2,H09,s1,ELOVL3,treated,U2OS,,train
10920,U2OS-03_2_H09_s1_48,U2OS-03,2,H09,s1,ELOVL3,treated,U2OS,,train
10921,U2OS-03_2_H09_s1_49,U2OS-03,2,H09,s1,ELOVL3,treated,U2OS,,train
10922,U2OS-03_2_H09_s1_51,U2OS-03,2,H09,s1,ELOVL3,treated,U2OS,,train
10923,U2OS-03_2_H09_s1_52,U2OS-03,2,H09,s1,ELOVL3,treated,U2OS,,train
10924,U2OS-03_2_H09_s1_54,U2OS-03,2,H09,s1,ELOVL3,treated,U2OS,,train
10925,U2OS-03_2_H09_s1_55,U2OS-03,2,H09,s1,ELOVL3,treated,U2OS,,train
10926,U2OS-03_2_H09_s1_56,U2OS-03,2,H09,s1,ELOVL3,treated,U2OS,,train
10927,U2OS-03_2_H09_s1_58,U2OS-03,2,H09,s1,ELOVL3,treated,U2OS,,train
10928,U2OS-03_2_H09_s1_62,U2OS-03,2,H09,s1,ELOVL3,treated,U2OS,,train
10929,U2OS-03_2_H09_s1_63,U2OS-03,2,H09,s1,ELOVL3,treated,U2OS,,train
10930,U2OS-03_2_H09_s2_4,U2OS-03,2,H09,s2,ELOVL3,treated,U2OS,,train
10931,U2OS-03_2_H09_s2_5,U2OS-03,2,H09,s2,ELOVL3,treated,U2OS,,train
10932,U2OS-03_2_H09_s2_8,U2OS-03,2,H09,s2,ELOVL3,treated,U2OS,,train
10933,U2OS-03_2_H09_s2_11,U2OS-03,2,H09,s2,ELOVL3,treated,U2OS,,train
10934,U2OS-03_2_H09_s2_14,U2OS-03,2,H09,s2,ELOVL3,treated,U2OS,,train
10935,U2OS-03_2_H09_s2_16,U2OS-03,2,H09,s2,ELOVL3,treated,U2OS,,train
10936,U2OS-03_2_H09_s2_19,U2OS-03,2,H09,s2,ELOVL3,treated,U2OS,,train
10937,U2OS-03_2_H09_s2_20,U2OS-03,2,H09,s2,ELOVL3,treated,U2OS,,train
10938,U2OS-03_2_H14_s1_5,U2OS-03,2,H14,s1,ACSS1,treated,U2OS,,train
10939,U2OS-03_2_H14_s1_12,U2OS-03,2,H14,s1,ACSS1,treated,U2OS,,train
10940,U2OS-03_2_H14_s1_13,U2OS-03,2,H14,s1,ACSS1,treated,U2OS,,train
10941,U2OS-03_2_H14_s1_16,U2OS-03,2,H14,s1,ACSS1,treated,U2OS,,train
10942,U2OS-03_2_H14_s1_20,U2OS-03,2,H14,s1,ACSS1,treated,U2OS,,train
10943,U2OS-03_2_H14_s1_21,U2OS-03,2,H14,s1,ACSS1,treated,U2OS,,train
10944,U2OS-03_2_H14_s1_22,U2OS-03,2,H14,s1,ACSS1,treated,U2OS,,train
10945,U2OS-03_2_H14_s1_23,U2OS-03,2,H14,s1,ACSS1,treated,U2OS,,train
10946,U2OS-03_2_H14_s1_24,U2OS-03,2,H14,s1,ACSS1,treated,U2OS,,train
10947,U2OS-03_2_H14_s1_27,U2OS-03,2,H14,s1,ACSS1,treated,U2OS,,train
10948,U2OS-03_2_H14_s1_29,U2OS-03,2,H14,s1,ACSS1,treated,U2OS,,train
10949,U2OS-03_2_H14_s1_30,U2OS-03,2,H14,s1,ACSS1,treated,U2OS,,train
10950,U2OS-03_2_H14_s1_31,U2OS-03,2,H14,s1,ACSS1,treated,U2OS,,train
10951,U2OS-03_2_H14_s1_32,U2OS-03,2,H14,s1,ACSS1,treated,U2OS,,train
10952,U2OS-03_2_H14_s1_38,U2OS-03,2,H14,s1,ACSS1,treated,U2OS,,train
10953,U2OS-03_2_H14_s1_40,U2OS-03,2,H14,s1,ACSS1,treated,U2OS,,train
10954,U2OS-03_2_H14_s1_41,U2OS-03,2,H14,s1,ACSS1,treated,U2OS,,train
10955,U2OS-03_2_H14_s1_42,U2OS-03,2,H14,s1,ACSS1,treated,U2OS,,train
10956,U2OS-03_2_H14_s1_43,U2OS-03,2,H14,s1,ACSS1,treated,U2OS,,train
10957,U2OS-03_2_H14_s1_46,U2OS-03,2,H14,s1,ACSS1,treated,U2OS,,train
10958,U2OS-03_2_H14_s1_47,U2OS-03,2,H14,s1,ACSS1,treated,U2OS,,train
10959,U2OS-03_2_H14_s1_50,U2OS-03,2,H14,s1,ACSS1,treated,U2OS,,train
10960,U2OS-03_2_H14_s1_51,U2OS-03,2,H14,s1,ACSS1,treated,U2OS,,train
10961,U2OS-03_2_H14_s1_52,U2OS-03,2,H14,s1,ACSS1,treated,U2OS,,train
10962,U2OS-03_2_H14_s1_57,U2OS-03,2,H14,s1,ACSS1,treated,U2OS,,train
10963,U2OS-03_2_H14_s1_58,U2OS-03,2,H14,s1,ACSS1,treated,U2OS,,train
10964,U2OS-03_2_H14_s1_60,U2OS-03,2,H14,s1,ACSS1,treated,U2OS,,train
10965,U2OS-03_2_H14_s1_61,U2OS-03,2,H14,s1,ACSS1,treated,U2OS,,train
10966,U2OS-03_2_H14_s1_62,U2OS-03,2,H14,s1,ACSS1,treated,U2OS,,train
10967,U2OS-03_2_H14_s1_63,U2OS-03,2,H14,s1,ACSS1,treated,U2OS,,train
10968,U2OS-03_2_H14_s1_66,U2OS-03,2,H14,s1,ACSS1,treated,U2OS,,train
10969,U2OS-03_2_H14_s1_67,U2OS-03,2,H14,s1,ACSS1,treated,U2OS,,train
10970,U2OS-03_2_H14_s1_71,U2OS-03,2,H14,s1,ACSS1,treated,U2OS,,train
10971,U2OS-03_2_H14_s1_72,U2OS-03,2,H14,s1,ACSS1,treated,U2OS,,train
10972,U2OS-03_2_H14_s1_73,U2OS-03,2,H14,s1,ACSS1,treated,U2OS,,train
10973,U2OS-03_2_H14_s1_75,U2OS-03,2,H14,s1,ACSS1,treated,U2OS,,train
10974,U2OS-03_2_H14_s1_76,U2OS-03,2,H14,s1,ACSS1,treated,U2OS,,train
10975,U2OS-03_2_H14_s1_80,U2OS-03,2,H14,s1,ACSS1,treated,U2OS,,train
10976,U2OS-03_2_H14_s1_81,U2OS-03,2,H14,s1,ACSS1,treated,U2OS,,train
10977,U2OS-03_2_H14_s1_82,U2OS-03,2,H14,s1,ACSS1,treated,U2OS,,train
10978,U2OS-03_2_I05_s1_14,U2OS-03,2,I05,s1,SLITRK2,treated,U2OS,,train
10979,U2OS-03_2_I05_s1_19,U2OS-03,2,I05,s1,SLITRK2,treated,U2OS,,train
10980,U2OS-03_2_I05_s1_21,U2OS-03,2,I05,s1,SLITRK2,treated,U2OS,,train
10981,U2OS-03_2_I05_s1_25,U2OS-03,2,I05,s1,SLITRK2,treated,U2OS,,train
10982,U2OS-03_2_I05_s1_28,U2OS-03,2,I05,s1,SLITRK2,treated,U2OS,,train
10983,U2OS-03_2_I05_s1_29,U2OS-03,2,I05,s1,SLITRK2,treated,U2OS,,train
10984,U2OS-03_2_I05_s1_31,U2OS-03,2,I05,s1,SLITRK2,treated,U2OS,,train
10985,U2OS-03_2_I05_s1_32,U2OS-03,2,I05,s1,SLITRK2,treated,U2OS,,train
10986,U2OS-03_2_I05_s1_33,U2OS-03,2,I05,s1,SLITRK2,treated,U2OS,,train
10987,U2OS-03_2_I05_s1_34,U2OS-03,2,I05,s1,SLITRK2,treated,U2OS,,train
10988,U2OS-03_2_I05_s1_35,U2OS-03,2,I05,s1,SLITRK2,treated,U2OS,,train
10989,U2OS-03_2_I05_s1_38,U2OS-03,2,I05,s1,SLITRK2,treated,U2OS,,train
10990,U2OS-03_2_I05_s1_39,U2OS-03,2,I05,s1,SLITRK2,treated,U2OS,,train
10991,U2OS-03_2_I05_s1_40,U2OS-03,2,I05,s1,SLITRK2,treated,U2OS,,train
10992,U2OS-03_2_I05_s1_44,U2OS-03,2,I05,s1,SLITRK2,treated,U2OS,,train
10993,U2OS-03_2_I05_s1_47,U2OS-03,2,I05,s1,SLITRK2,treated,U2OS,,train
10994,U2OS-03_2_I05_s1_48,U2OS-03,2,I05,s1,SLITRK2,treated,U2OS,,train
10995,U2OS-03_2_I05_s1_50,U2OS-03,2,I05,s1,SLITRK2,treated,U2OS,,train
10996,U2OS-03_2_I05_s1_51,U2OS-03,2,I05,s1,SLITRK2,treated,U2OS,,train
10997,U2OS-03_2_I05_s1_53,U2OS-03,2,I05,s1,SLITRK2,treated,U2OS,,train
10998,U2OS-03_2_I05_s1_55,U2OS-03,2,I05,s1,SLITRK2,treated,U2OS,,train
10999,U2OS-03_2_I05_s1_57,U2OS-03,2,I05,s1,SLITRK2,treated,U2OS,,train
11000,U2OS-03_2_I05_s1_59,U2OS-03,2,I05,s1,SLITRK2,treated,U2OS,,train
11001,U2OS-03_2_I05_s1_60,U2OS-03,2,I05,s1,SLITRK2,treated,U2OS,,train
11002,U2OS-03_2_I05_s1_63,U2OS-03,2,I05,s1,SLITRK2,treated,U2OS,,train
11003,U2OS-03_2_I05_s1_64,U2OS-03,2,I05,s1,SLITRK2,treated,U2OS,,train
11004,U2OS-03_2_I05_s1_66,U2OS-03,2,I05,s1,SLITRK2,treated,U2OS,,train
11005,U2OS-03_2_I05_s1_67,U2OS-03,2,I05,s1,SLITRK2,treated,U2OS,,train
11006,U2OS-03_2_I05_s1_68,U2OS-03,2,I05,s1,SLITRK2,treated,U2OS,,train
11007,U2OS-03_2_I05_s1_69,U2OS-03,2,I05,s1,SLITRK2,treated,U2OS,,train
11008,U2OS-03_2_I05_s1_72,U2OS-03,2,I05,s1,SLITRK2,treated,U2OS,,train
11009,U2OS-03_2_I05_s1_73,U2OS-03,2,I05,s1,SLITRK2,treated,U2OS,,train
11010,U2OS-03_2_I05_s1_76,U2OS-03,2,I05,s1,SLITRK2,treated,U2OS,,train
11011,U2OS-03_2_I05_s1_77,U2OS-03,2,I05,s1,SLITRK2,treated,U2OS,,train
11012,U2OS-03_2_I05_s1_78,U2OS-03,2,I05,s1,SLITRK2,treated,U2OS,,train
11013,U2OS-03_2_I05_s1_82,U2OS-03,2,I05,s1,SLITRK2,treated,U2OS,,train
11014,U2OS-03_2_I05_s1_83,U2OS-03,2,I05,s1,SLITRK2,treated,U2OS,,train
11015,U2OS-03_2_I05_s1_85,U2OS-03,2,I05,s1,SLITRK2,treated,U2OS,,train
11016,U2OS-03_2_I05_s1_86,U2OS-03,2,I05,s1,SLITRK2,treated,U2OS,,train
11017,U2OS-03_2_I05_s1_87,U2OS-03,2,I05,s1,SLITRK2,treated,U2OS,,train
11018,U2OS-03_2_I12_s1_5,U2OS-03,2,I12,s1,CDADC1,treated,U2OS,,train
11019,U2OS-03_2_I12_s1_6,U2OS-03,2,I12,s1,CDADC1,treated,U2OS,,train
11020,U2OS-03_2_I12_s1_7,U2OS-03,2,I12,s1,CDADC1,treated,U2OS,,train
11021,U2OS-03_2_I12_s1_9,U2OS-03,2,I12,s1,CDADC1,treated,U2OS,,train
11022,U2OS-03_2_I12_s1_11,U2OS-03,2,I12,s1,CDADC1,treated,U2OS,,train
11023,U2OS-03_2_I12_s1_13,U2OS-03,2,I12,s1,CDADC1,treated,U2OS,,train
11024,U2OS-03_2_I12_s1_14,U2OS-03,2,I12,s1,CDADC1,treated,U2OS,,train
11025,U2OS-03_2_I12_s1_16,U2OS-03,2,I12,s1,CDADC1,treated,U2OS,,train
11026,U2OS-03_2_I12_s1_17,U2OS-03,2,I12,s1,CDADC1,treated,U2OS,,train
11027,U2OS-03_2_I12_s1_18,U2OS-03,2,I12,s1,CDADC1,treated,U2OS,,train
11028,U2OS-03_2_I12_s1_19,U2OS-03,2,I12,s1,CDADC1,treated,U2OS,,train
11029,U2OS-03_2_I12_s1_21,U2OS-03,2,I12,s1,CDADC1,treated,U2OS,,train
11030,U2OS-03_2_I12_s1_22,U2OS-03,2,I12,s1,CDADC1,treated,U2OS,,train
11031,U2OS-03_2_I12_s1_23,U2OS-03,2,I12,s1,CDADC1,treated,U2OS,,train
11032,U2OS-03_2_I12_s1_27,U2OS-03,2,I12,s1,CDADC1,treated,U2OS,,train
11033,U2OS-03_2_I12_s1_28,U2OS-03,2,I12,s1,CDADC1,treated,U2OS,,train
11034,U2OS-03_2_I12_s1_29,U2OS-03,2,I12,s1,CDADC1,treated,U2OS,,train
11035,U2OS-03_2_I12_s1_31,U2OS-03,2,I12,s1,CDADC1,treated,U2OS,,train
11036,U2OS-03_2_I12_s1_33,U2OS-03,2,I12,s1,CDADC1,treated,U2OS,,train
11037,U2OS-03_2_I12_s1_36,U2OS-03,2,I12,s1,CDADC1,treated,U2OS,,train
11038,U2OS-03_2_I12_s1_37,U2OS-03,2,I12,s1,CDADC1,treated,U2OS,,train
11039,U2OS-03_2_I12_s1_39,U2OS-03,2,I12,s1,CDADC1,treated,U2OS,,train
11040,U2OS-03_2_I12_s1_40,U2OS-03,2,I12,s1,CDADC1,treated,U2OS,,train
11041,U2OS-03_2_I12_s1_41,U2OS-03,2,I12,s1,CDADC1,treated,U2OS,,train
11042,U2OS-03_2_I12_s1_42,U2OS-03,2,I12,s1,CDADC1,treated,U2OS,,train
11043,U2OS-03_2_I12_s1_43,U2OS-03,2,I12,s1,CDADC1,treated,U2OS,,train
11044,U2OS-03_2_I12_s1_44,U2OS-03,2,I12,s1,CDADC1,treated,U2OS,,train
11045,U2OS-03_2_I12_s1_46,U2OS-03,2,I12,s1,CDADC1,treated,U2OS,,train
11046,U2OS-03_2_I12_s1_47,U2OS-03,2,I12,s1,CDADC1,treated,U2OS,,train
11047,U2OS-03_2_I12_s1_48,U2OS-03,2,I12,s1,CDADC1,treated,U2OS,,train
11048,U2OS-03_2_I12_s1_50,U2OS-03,2,I12,s1,CDADC1,treated,U2OS,,train
11049,U2OS-03_2_I12_s1_51,U2OS-03,2,I12,s1,CDADC1,treated,U2OS,,train
11050,U2OS-03_2_I12_s1_53,U2OS-03,2,I12,s1,CDADC1,treated,U2OS,,train
11051,U2OS-03_2_I12_s1_55,U2OS-03,2,I12,s1,CDADC1,treated,U2OS,,train
11052,U2OS-03_2_I12_s1_56,U2OS-03,2,I12,s1,CDADC1,treated,U2OS,,train
11053,U2OS-03_2_I12_s1_62,U2OS-03,2,I12,s1,CDADC1,treated,U2OS,,train
11054,U2OS-03_2_I12_s1_63,U2OS-03,2,I12,s1,CDADC1,treated,U2OS,,train
11055,U2OS-03_2_I12_s1_65,U2OS-03,2,I12,s1,CDADC1,treated,U2OS,,train
11056,U2OS-03_2_I12_s1_66,U2OS-03,2,I12,s1,CDADC1,treated,U2OS,,train
11057,U2OS-03_2_I12_s1_68,U2OS-03,2,I12,s1,CDADC1,treated,U2OS,,train
11058,U2OS-03_2_I16_s1_11,U2OS-03,2,I16,s1,COL21A1,treated,U2OS,,train
11059,U2OS-03_2_I16_s1_13,U2OS-03,2,I16,s1,COL21A1,treated,U2OS,,train
11060,U2OS-03_2_I16_s1_15,U2OS-03,2,I16,s1,COL21A1,treated,U2OS,,train
11061,U2OS-03_2_I16_s1_18,U2OS-03,2,I16,s1,COL21A1,treated,U2OS,,train
11062,U2OS-03_2_I16_s1_20,U2OS-03,2,I16,s1,COL21A1,treated,U2OS,,train
11063,U2OS-03_2_I16_s1_22,U2OS-03,2,I16,s1,COL21A1,treated,U2OS,,train
11064,U2OS-03_2_I16_s1_23,U2OS-03,2,I16,s1,COL21A1,treated,U2OS,,train
11065,U2OS-03_2_I16_s1_24,U2OS-03,2,I16,s1,COL21A1,treated,U2OS,,train
11066,U2OS-03_2_I16_s1_25,U2OS-03,2,I16,s1,COL21A1,treated,U2OS,,train
11067,U2OS-03_2_I16_s1_26,U2OS-03,2,I16,s1,COL21A1,treated,U2OS,,train
11068,U2OS-03_2_I16_s1_27,U2OS-03,2,I16,s1,COL21A1,treated,U2OS,,train
11069,U2OS-03_2_I16_s1_28,U2OS-03,2,I16,s1,COL21A1,treated,U2OS,,train
11070,U2OS-03_2_I16_s1_29,U2OS-03,2,I16,s1,COL21A1,treated,U2OS,,train
11071,U2OS-03_2_I16_s1_31,U2OS-03,2,I16,s1,COL21A1,treated,U2OS,,train
11072,U2OS-03_2_I16_s1_35,U2OS-03,2,I16,s1,COL21A1,treated,U2OS,,train
11073,U2OS-03_2_I16_s1_36,U2OS-03,2,I16,s1,COL21A1,treated,U2OS,,train
11074,U2OS-03_2_I16_s1_37,U2OS-03,2,I16,s1,COL21A1,treated,U2OS,,train
11075,U2OS-03_2_I16_s1_39,U2OS-03,2,I16,s1,COL21A1,treated,U2OS,,train
11076,U2OS-03_2_I16_s1_40,U2OS-03,2,I16,s1,COL21A1,treated,U2OS,,train
11077,U2OS-03_2_I16_s1_41,U2OS-03,2,I16,s1,COL21A1,treated,U2OS,,train
11078,U2OS-03_2_I16_s1_42,U2OS-03,2,I16,s1,COL21A1,treated,U2OS,,train
11079,U2OS-03_2_I16_s1_44,U2OS-03,2,I16,s1,COL21A1,treated,U2OS,,train
11080,U2OS-03_2_I16_s1_45,U2OS-03,2,I16,s1,COL21A1,treated,U2OS,,train
11081,U2OS-03_2_I16_s1_46,U2OS-03,2,I16,s1,COL21A1,treated,U2OS,,train
11082,U2OS-03_2_I16_s1_47,U2OS-03,2,I16,s1,COL21A1,treated,U2OS,,train
11083,U2OS-03_2_I16_s1_48,U2OS-03,2,I16,s1,COL21A1,treated,U2OS,,train
11084,U2OS-03_2_I16_s1_49,U2OS-03,2,I16,s1,COL21A1,treated,U2OS,,train
11085,U2OS-03_2_I16_s1_50,U2OS-03,2,I16,s1,COL21A1,treated,U2OS,,train
11086,U2OS-03_2_I16_s1_51,U2OS-03,2,I16,s1,COL21A1,treated,U2OS,,train
11087,U2OS-03_2_I16_s1_52,U2OS-03,2,I16,s1,COL21A1,treated,U2OS,,train
11088,U2OS-03_2_I16_s1_54,U2OS-03,2,I16,s1,COL21A1,treated,U2OS,,train
11089,U2OS-03_2_I16_s1_55,U2OS-03,2,I16,s1,COL21A1,treated,U2OS,,train
11090,U2OS-03_2_I16_s1_59,U2OS-03,2,I16,s1,COL21A1,treated,U2OS,,train
11091,U2OS-03_2_I16_s1_60,U2OS-03,2,I16,s1,COL21A1,treated,U2OS,,train
11092,U2OS-03_2_I16_s1_61,U2OS-03,2,I16,s1,COL21A1,treated,U2OS,,train
11093,U2OS-03_2_I16_s1_65,U2OS-03,2,I16,s1,COL21A1,treated,U2OS,,train
11094,U2OS-03_2_I16_s1_66,U2OS-03,2,I16,s1,COL21A1,treated,U2OS,,train
11095,U2OS-03_2_I16_s1_69,U2OS-03,2,I16,s1,COL21A1,treated,U2OS,,train
11096,U2OS-03_2_I16_s1_71,U2OS-03,2,I16,s1,COL21A1,treated,U2OS,,train
11097,U2OS-03_2_I16_s1_72,U2OS-03,2,I16,s1,COL21A1,treated,U2OS,,train
11098,U2OS-03_2_J09_s1_11,U2OS-03,2,J09,s1,NETO2,treated,U2OS,,train
11099,U2OS-03_2_J09_s1_13,U2OS-03,2,J09,s1,NETO2,treated,U2OS,,train
11100,U2OS-03_2_J09_s1_15,U2OS-03,2,J09,s1,NETO2,treated,U2OS,,train
11101,U2OS-03_2_J09_s1_17,U2OS-03,2,J09,s1,NETO2,treated,U2OS,,train
11102,U2OS-03_2_J09_s1_19,U2OS-03,2,J09,s1,NETO2,treated,U2OS,,train
11103,U2OS-03_2_J09_s1_20,U2OS-03,2,J09,s1,NETO2,treated,U2OS,,train
11104,U2OS-03_2_J09_s1_21,U2OS-03,2,J09,s1,NETO2,treated,U2OS,,train
11105,U2OS-03_2_J09_s1_24,U2OS-03,2,J09,s1,NETO2,treated,U2OS,,train
11106,U2OS-03_2_J09_s1_25,U2OS-03,2,J09,s1,NETO2,treated,U2OS,,train
11107,U2OS-03_2_J09_s1_26,U2OS-03,2,J09,s1,NETO2,treated,U2OS,,train
11108,U2OS-03_2_J09_s1_27,U2OS-03,2,J09,s1,NETO2,treated,U2OS,,train
11109,U2OS-03_2_J09_s1_28,U2OS-03,2,J09,s1,NETO2,treated,U2OS,,train
11110,U2OS-03_2_J09_s1_29,U2OS-03,2,J09,s1,NETO2,treated,U2OS,,train
11111,U2OS-03_2_J09_s1_30,U2OS-03,2,J09,s1,NETO2,treated,U2OS,,train
11112,U2OS-03_2_J09_s1_35,U2OS-03,2,J09,s1,NETO2,treated,U2OS,,train
11113,U2OS-03_2_J09_s1_36,U2OS-03,2,J09,s1,NETO2,treated,U2OS,,train
11114,U2OS-03_2_J09_s1_38,U2OS-03,2,J09,s1,NETO2,treated,U2OS,,train
11115,U2OS-03_2_J09_s1_39,U2OS-03,2,J09,s1,NETO2,treated,U2OS,,train
11116,U2OS-03_2_J09_s1_40,U2OS-03,2,J09,s1,NETO2,treated,U2OS,,train
11117,U2OS-03_2_J09_s1_41,U2OS-03,2,J09,s1,NETO2,treated,U2OS,,train
11118,U2OS-03_2_J09_s1_42,U2OS-03,2,J09,s1,NETO2,treated,U2OS,,train
11119,U2OS-03_2_J09_s1_45,U2OS-03,2,J09,s1,NETO2,treated,U2OS,,train
11120,U2OS-03_2_J09_s1_46,U2OS-03,2,J09,s1,NETO2,treated,U2OS,,train
11121,U2OS-03_2_J09_s1_48,U2OS-03,2,J09,s1,NETO2,treated,U2OS,,train
11122,U2OS-03_2_J09_s1_49,U2OS-03,2,J09,s1,NETO2,treated,U2OS,,train
11123,U2OS-03_2_J09_s1_50,U2OS-03,2,J09,s1,NETO2,treated,U2OS,,train
11124,U2OS-03_2_J09_s1_51,U2OS-03,2,J09,s1,NETO2,treated,U2OS,,train
11125,U2OS-03_2_J09_s1_53,U2OS-03,2,J09,s1,NETO2,treated,U2OS,,train
11126,U2OS-03_2_J09_s1_55,U2OS-03,2,J09,s1,NETO2,treated,U2OS,,train
11127,U2OS-03_2_J09_s1_57,U2OS-03,2,J09,s1,NETO2,treated,U2OS,,train
11128,U2OS-03_2_J09_s1_60,U2OS-03,2,J09,s1,NETO2,treated,U2OS,,train
11129,U2OS-03_2_J09_s1_61,U2OS-03,2,J09,s1,NETO2,treated,U2OS,,train
11130,U2OS-03_2_J09_s1_63,U2OS-03,2,J09,s1,NETO2,treated,U2OS,,train
11131,U2OS-03_2_J09_s1_64,U2OS-03,2,J09,s1,NETO2,treated,U2OS,,train
11132,U2OS-03_2_J09_s1_65,U2OS-03,2,J09,s1,NETO2,treated,U2OS,,train
11133,U2OS-03_2_J09_s1_67,U2OS-03,2,J09,s1,NETO2,treated,U2OS,,train
11134,U2OS-03_2_J09_s1_69,U2OS-03,2,J09,s1,NETO2,treated,U2OS,,train
11135,U2OS-03_2_J09_s1_72,U2OS-03,2,J09,s1,NETO2,treated,U2OS,,train
11136,U2OS-03_2_J09_s1_73,U2OS-03,2,J09,s1,NETO2,treated,U2OS,,train
11137,U2OS-03_2_J09_s1_74,U2OS-03,2,J09,s1,NETO2,treated,U2OS,,train
11138,U2OS-03_2_K21_s1_14,U2OS-03,2,K21,s1,KREMEN1,treated,U2OS,,train
11139,U2OS-03_2_K21_s1_17,U2OS-03,2,K21,s1,KREMEN1,treated,U2OS,,train
11140,U2OS-03_2_K21_s1_19,U2OS-03,2,K21,s1,KREMEN1,treated,U2OS,,train
11141,U2OS-03_2_K21_s1_22,U2OS-03,2,K21,s1,KREMEN1,treated,U2OS,,train
11142,U2OS-03_2_K21_s1_24,U2OS-03,2,K21,s1,KREMEN1,treated,U2OS,,train
11143,U2OS-03_2_K21_s1_25,U2OS-03,2,K21,s1,KREMEN1,treated,U2OS,,train
11144,U2OS-03_2_K21_s1_26,U2OS-03,2,K21,s1,KREMEN1,treated,U2OS,,train
11145,U2OS-03_2_K21_s1_27,U2OS-03,2,K21,s1,KREMEN1,treated,U2OS,,train
11146,U2OS-03_2_K21_s1_28,U2OS-03,2,K21,s1,KREMEN1,treated,U2OS,,train
11147,U2OS-03_2_K21_s1_30,U2OS-03,2,K21,s1,KREMEN1,treated,U2OS,,train
11148,U2OS-03_2_K21_s1_31,U2OS-03,2,K21,s1,KREMEN1,treated,U2OS,,train
11149,U2OS-03_2_K21_s1_32,U2OS-03,2,K21,s1,KREMEN1,treated,U2OS,,train
11150,U2OS-03_2_K21_s1_34,U2OS-03,2,K21,s1,KREMEN1,treated,U2OS,,train
11151,U2OS-03_2_K21_s1_35,U2OS-03,2,K21,s1,KREMEN1,treated,U2OS,,train
11152,U2OS-03_2_K21_s1_39,U2OS-03,2,K21,s1,KREMEN1,treated,U2OS,,train
11153,U2OS-03_2_K21_s1_40,U2OS-03,2,K21,s1,KREMEN1,treated,U2OS,,train
11154,U2OS-03_2_K21_s1_41,U2OS-03,2,K21,s1,KREMEN1,treated,U2OS,,train
11155,U2OS-03_2_K21_s1_42,U2OS-03,2,K21,s1,KREMEN1,treated,U2OS,,train
11156,U2OS-03_2_K21_s1_43,U2OS-03,2,K21,s1,KREMEN1,treated,U2OS,,train
11157,U2OS-03_2_K21_s1_45,U2OS-03,2,K21,s1,KREMEN1,treated,U2OS,,train
11158,U2OS-03_2_K21_s1_46,U2OS-03,2,K21,s1,KREMEN1,treated,U2OS,,train
11159,U2OS-03_2_K21_s1_48,U2OS-03,2,K21,s1,KREMEN1,treated,U2OS,,train
11160,U2OS-03_2_K21_s1_49,U2OS-03,2,K21,s1,KREMEN1,treated,U2OS,,train
11161,U2OS-03_2_K21_s1_50,U2OS-03,2,K21,s1,KREMEN1,treated,U2OS,,train
11162,U2OS-03_2_K21_s1_51,U2OS-03,2,K21,s1,KREMEN1,treated,U2OS,,train
11163,U2OS-03_2_K21_s1_52,U2OS-03,2,K21,s1,KREMEN1,treated,U2OS,,train
11164,U2OS-03_2_K21_s1_53,U2OS-03,2,K21,s1,KREMEN1,treated,U2OS,,train
11165,U2OS-03_2_K21_s1_54,U2OS-03,2,K21,s1,KREMEN1,treated,U2OS,,train
11166,U2OS-03_2_K21_s1_55,U2OS-03,2,K21,s1,KREMEN1,treated,U2OS,,train
11167,U2OS-03_2_K21_s1_57,U2OS-03,2,K21,s1,KREMEN1,treated,U2OS,,train
11168,U2OS-03_2_K21_s1_60,U2OS-03,2,K21,s1,KREMEN1,treated,U2OS,,train
11169,U2OS-03_2_K21_s1_61,U2OS-03,2,K21,s1,KREMEN1,treated,U2OS,,train
11170,U2OS-03_2_K21_s1_63,U2OS-03,2,K21,s1,KREMEN1,treated,U2OS,,train
11171,U2OS-03_2_K21_s1_64,U2OS-03,2,K21,s1,KREMEN1,treated,U2OS,,train
11172,U2OS-03_2_K21_s1_65,U2OS-03,2,K21,s1,KREMEN1,treated,U2OS,,train
11173,U2OS-03_2_K21_s1_67,U2OS-03,2,K21,s1,KREMEN1,treated,U2OS,,train
11174,U2OS-03_2_K21_s1_70,U2OS-03,2,K21,s1,KREMEN1,treated,U2OS,,train
11175,U2OS-03_2_K21_s1_72,U2OS-03,2,K21,s1,KREMEN1,treated,U2OS,,train
11176,U2OS-03_2_K21_s1_73,U2OS-03,2,K21,s1,KREMEN1,treated,U2OS,,train
11177,U2OS-03_2_K21_s1_74,U2OS-03,2,K21,s1,KREMEN1,treated,U2OS,,train
11178,U2OS-03_2_L04_s1_9,U2OS-03,2,L04,s1,DNAL1,treated,U2OS,,train
11179,U2OS-03_2_L04_s1_10,U2OS-03,2,L04,s1,DNAL1,treated,U2OS,,train
11180,U2OS-03_2_L04_s1_11,U2OS-03,2,L04,s1,DNAL1,treated,U2OS,,train
11181,U2OS-03_2_L04_s1_13,U2OS-03,2,L04,s1,DNAL1,treated,U2OS,,train
11182,U2OS-03_2_L04_s1_15,U2OS-03,2,L04,s1,DNAL1,treated,U2OS,,train
11183,U2OS-03_2_L04_s1_16,U2OS-03,2,L04,s1,DNAL1,treated,U2OS,,train
11184,U2OS-03_2_L04_s1_18,U2OS-03,2,L04,s1,DNAL1,treated,U2OS,,train
11185,U2OS-03_2_L04_s1_19,U2OS-03,2,L04,s1,DNAL1,treated,U2OS,,train
11186,U2OS-03_2_L04_s1_20,U2OS-03,2,L04,s1,DNAL1,treated,U2OS,,train
11187,U2OS-03_2_L04_s1_21,U2OS-03,2,L04,s1,DNAL1,treated,U2OS,,train
11188,U2OS-03_2_L04_s1_23,U2OS-03,2,L04,s1,DNAL1,treated,U2OS,,train
11189,U2OS-03_2_L04_s1_24,U2OS-03,2,L04,s1,DNAL1,treated,U2OS,,train
11190,U2OS-03_2_L04_s1_25,U2OS-03,2,L04,s1,DNAL1,treated,U2OS,,train
11191,U2OS-03_2_L04_s1_26,U2OS-03,2,L04,s1,DNAL1,treated,U2OS,,train
11192,U2OS-03_2_L04_s1_32,U2OS-03,2,L04,s1,DNAL1,treated,U2OS,,train
11193,U2OS-03_2_L04_s1_33,U2OS-03,2,L04,s1,DNAL1,treated,U2OS,,train
11194,U2OS-03_2_L04_s1_34,U2OS-03,2,L04,s1,DNAL1,treated,U2OS,,train
11195,U2OS-03_2_L04_s1_35,U2OS-03,2,L04,s1,DNAL1,treated,U2OS,,train
11196,U2OS-03_2_L04_s1_36,U2OS-03,2,L04,s1,DNAL1,treated,U2OS,,train
11197,U2OS-03_2_L04_s1_37,U2OS-03,2,L04,s1,DNAL1,treated,U2OS,,train
11198,U2OS-03_2_L04_s1_38,U2OS-03,2,L04,s1,DNAL1,treated,U2OS,,train
11199,U2OS-03_2_L04_s1_40,U2OS-03,2,L04,s1,DNAL1,treated,U2OS,,train
11200,U2OS-03_2_L04_s1_41,U2OS-03,2,L04,s1,DNAL1,treated,U2OS,,train
11201,U2OS-03_2_L04_s1_44,U2OS-03,2,L04,s1,DNAL1,treated,U2OS,,train
11202,U2OS-03_2_L04_s1_45,U2OS-03,2,L04,s1,DNAL1,treated,U2OS,,train
11203,U2OS-03_2_L04_s1_46,U2OS-03,2,L04,s1,DNAL1,treated,U2OS,,train
11204,U2OS-03_2_L04_s1_47,U2OS-03,2,L04,s1,DNAL1,treated,U2OS,,train
11205,U2OS-03_2_L04_s1_48,U2OS-03,2,L04,s1,DNAL1,treated,U2OS,,train
11206,U2OS-03_2_L04_s1_49,U2OS-03,2,L04,s1,DNAL1,treated,U2OS,,train
11207,U2OS-03_2_L04_s1_52,U2OS-03,2,L04,s1,DNAL1,treated,U2OS,,train
11208,U2OS-03_2_L04_s1_54,U2OS-03,2,L04,s1,DNAL1,treated,U2OS,,train
11209,U2OS-03_2_L04_s1_55,U2OS-03,2,L04,s1,DNAL1,treated,U2OS,,train
11210,U2OS-03_2_L04_s1_57,U2OS-03,2,L04,s1,DNAL1,treated,U2OS,,train
11211,U2OS-03_2_L04_s1_58,U2OS-03,2,L04,s1,DNAL1,treated,U2OS,,train
11212,U2OS-03_2_L04_s1_59,U2OS-03,2,L04,s1,DNAL1,treated,U2OS,,train
11213,U2OS-03_2_L04_s1_62,U2OS-03,2,L04,s1,DNAL1,treated,U2OS,,train
11214,U2OS-03_2_L04_s1_63,U2OS-03,2,L04,s1,DNAL1,treated,U2OS,,train
11215,U2OS-03_2_L04_s1_65,U2OS-03,2,L04,s1,DNAL1,treated,U2OS,,train
11216,U2OS-03_2_L04_s1_66,U2OS-03,2,L04,s1,DNAL1,treated,U2OS,,train
11217,U2OS-03_2_L04_s1_68,U2OS-03,2,L04,s1,DNAL1,treated,U2OS,,train
11218,U2OS-03_2_L05_s1_8,U2OS-03,2,L05,s1,SLC37A3,treated,U2OS,,train
11219,U2OS-03_2_L05_s1_12,U2OS-03,2,L05,s1,SLC37A3,treated,U2OS,,train
11220,U2OS-03_2_L05_s1_14,U2OS-03,2,L05,s1,SLC37A3,treated,U2OS,,train
11221,U2OS-03_2_L05_s1_16,U2OS-03,2,L05,s1,SLC37A3,treated,U2OS,,train
11222,U2OS-03_2_L05_s1_18,U2OS-03,2,L05,s1,SLC37A3,treated,U2OS,,train
11223,U2OS-03_2_L05_s1_19,U2OS-03,2,L05,s1,SLC37A3,treated,U2OS,,train
11224,U2OS-03_2_L05_s1_20,U2OS-03,2,L05,s1,SLC37A3,treated,U2OS,,train
11225,U2OS-03_2_L05_s1_21,U2OS-03,2,L05,s1,SLC37A3,treated,U2OS,,train
11226,U2OS-03_2_L05_s1_24,U2OS-03,2,L05,s1,SLC37A3,treated,U2OS,,train
11227,U2OS-03_2_L05_s1_25,U2OS-03,2,L05,s1,SLC37A3,treated,U2OS,,train
11228,U2OS-03_2_L05_s1_26,U2OS-03,2,L05,s1,SLC37A3,treated,U2OS,,train
11229,U2OS-03_2_L05_s1_27,U2OS-03,2,L05,s1,SLC37A3,treated,U2OS,,train
11230,U2OS-03_2_L05_s1_28,U2OS-03,2,L05,s1,SLC37A3,treated,U2OS,,train
11231,U2OS-03_2_L05_s1_29,U2OS-03,2,L05,s1,SLC37A3,treated,U2OS,,train
11232,U2OS-03_2_L05_s1_33,U2OS-03,2,L05,s1,SLC37A3,treated,U2OS,,train
11233,U2OS-03_2_L05_s1_34,U2OS-03,2,L05,s1,SLC37A3,treated,U2OS,,train
11234,U2OS-03_2_L05_s1_36,U2OS-03,2,L05,s1,SLC37A3,treated,U2OS,,train
11235,U2OS-03_2_L05_s1_37,U2OS-03,2,L05,s1,SLC37A3,treated,U2OS,,train
11236,U2OS-03_2_L05_s1_38,U2OS-03,2,L05,s1,SLC37A3,treated,U2OS,,train
11237,U2OS-03_2_L05_s1_39,U2OS-03,2,L05,s1,SLC37A3,treated,U2OS,,train
11238,U2OS-03_2_L05_s1_40,U2OS-03,2,L05,s1,SLC37A3,treated,U2OS,,train
11239,U2OS-03_2_L05_s1_42,U2OS-03,2,L05,s1,SLC37A3,treated,U2OS,,train
11240,U2OS-03_2_L05_s1_44,U2OS-03,2,L05,s1,SLC37A3,treated,U2OS,,train
11241,U2OS-03_2_L05_s1_45,U2OS-03,2,L05,s1,SLC37A3,treated,U2OS,,train
11242,U2OS-03_2_L05_s1_46,U2OS-03,2,L05,s1,SLC37A3,treated,U2OS,,train
11243,U2OS-03_2_L05_s1_47,U2OS-03,2,L05,s1,SLC37A3,treated,U2OS,,train
11244,U2OS-03_2_L05_s1_49,U2OS-03,2,L05,s1,SLC37A3,treated,U2OS,,train
11245,U2OS-03_2_L05_s1_50,U2OS-03,2,L05,s1,SLC37A3,treated,U2OS,,train
11246,U2OS-03_2_L05_s1_51,U2OS-03,2,L05,s1,SLC37A3,treated,U2OS,,train
11247,U2OS-03_2_L05_s1_52,U2OS-03,2,L05,s1,SLC37A3,treated,U2OS,,train
11248,U2OS-03_2_L05_s1_56,U2OS-03,2,L05,s1,SLC37A3,treated,U2OS,,train
11249,U2OS-03_2_L05_s1_57,U2OS-03,2,L05,s1,SLC37A3,treated,U2OS,,train
11250,U2OS-03_2_L05_s1_59,U2OS-03,2,L05,s1,SLC37A3,treated,U2OS,,train
11251,U2OS-03_2_L05_s1_61,U2OS-03,2,L05,s1,SLC37A3,treated,U2OS,,train
11252,U2OS-03_2_L05_s1_62,U2OS-03,2,L05,s1,SLC37A3,treated,U2OS,,train
11253,U2OS-03_2_L05_s1_64,U2OS-03,2,L05,s1,SLC37A3,treated,U2OS,,train
11254,U2OS-03_2_L05_s1_65,U2OS-03,2,L05,s1,SLC37A3,treated,U2OS,,train
11255,U2OS-03_2_L05_s2_6,U2OS-03,2,L05,s2,SLC37A3,treated,U2OS,,train
11256,U2OS-03_2_L05_s2_8,U2OS-03,2,L05,s2,SLC37A3,treated,U2OS,,train
11257,U2OS-03_2_L05_s2_12,U2OS-03,2,L05,s2,SLC37A3,treated,U2OS,,train
11258,U2OS-03_2_L15_s1_10,U2OS-03,2,L15,s1,MEGF10,treated,U2OS,,train
11259,U2OS-03_2_L15_s1_14,U2OS-03,2,L15,s1,MEGF10,treated,U2OS,,train
11260,U2OS-03_2_L15_s1_16,U2OS-03,2,L15,s1,MEGF10,treated,U2OS,,train
11261,U2OS-03_2_L15_s1_19,U2OS-03,2,L15,s1,MEGF10,treated,U2OS,,train
11262,U2OS-03_2_L15_s1_21,U2OS-03,2,L15,s1,MEGF10,treated,U2OS,,train
11263,U2OS-03_2_L15_s1_22,U2OS-03,2,L15,s1,MEGF10,treated,U2OS,,train
11264,U2OS-03_2_L15_s1_24,U2OS-03,2,L15,s1,MEGF10,treated,U2OS,,train
11265,U2OS-03_2_L15_s1_25,U2OS-03,2,L15,s1,MEGF10,treated,U2OS,,train
11266,U2OS-03_2_L15_s1_28,U2OS-03,2,L15,s1,MEGF10,treated,U2OS,,train
11267,U2OS-03_2_L15_s1_29,U2OS-03,2,L15,s1,MEGF10,treated,U2OS,,train
11268,U2OS-03_2_L15_s1_31,U2OS-03,2,L15,s1,MEGF10,treated,U2OS,,train
11269,U2OS-03_2_L15_s1_32,U2OS-03,2,L15,s1,MEGF10,treated,U2OS,,train
11270,U2OS-03_2_L15_s1_33,U2OS-03,2,L15,s1,MEGF10,treated,U2OS,,train
11271,U2OS-03_2_L15_s1_34,U2OS-03,2,L15,s1,MEGF10,treated,U2OS,,train
11272,U2OS-03_2_L15_s1_38,U2OS-03,2,L15,s1,MEGF10,treated,U2OS,,train
11273,U2OS-03_2_L15_s1_39,U2OS-03,2,L15,s1,MEGF10,treated,U2OS,,train
11274,U2OS-03_2_L15_s1_40,U2OS-03,2,L15,s1,MEGF10,treated,U2OS,,train
11275,U2OS-03_2_L15_s1_41,U2OS-03,2,L15,s1,MEGF10,treated,U2OS,,train
11276,U2OS-03_2_L15_s1_44,U2OS-03,2,L15,s1,MEGF10,treated,U2OS,,train
11277,U2OS-03_2_L15_s1_45,U2OS-03,2,L15,s1,MEGF10,treated,U2OS,,train
11278,U2OS-03_2_L15_s1_47,U2OS-03,2,L15,s1,MEGF10,treated,U2OS,,train
11279,U2OS-03_2_L15_s1_49,U2OS-03,2,L15,s1,MEGF10,treated,U2OS,,train
11280,U2OS-03_2_L15_s1_50,U2OS-03,2,L15,s1,MEGF10,treated,U2OS,,train
11281,U2OS-03_2_L15_s1_52,U2OS-03,2,L15,s1,MEGF10,treated,U2OS,,train
11282,U2OS-03_2_L15_s1_53,U2OS-03,2,L15,s1,MEGF10,treated,U2OS,,train
11283,U2OS-03_2_L15_s1_54,U2OS-03,2,L15,s1,MEGF10,treated,U2OS,,train
11284,U2OS-03_2_L15_s1_58,U2OS-03,2,L15,s1,MEGF10,treated,U2OS,,train
11285,U2OS-03_2_L15_s1_60,U2OS-03,2,L15,s1,MEGF10,treated,U2OS,,train
11286,U2OS-03_2_L15_s1_61,U2OS-03,2,L15,s1,MEGF10,treated,U2OS,,train
11287,U2OS-03_2_L15_s1_62,U2OS-03,2,L15,s1,MEGF10,treated,U2OS,,train
11288,U2OS-03_2_L15_s1_64,U2OS-03,2,L15,s1,MEGF10,treated,U2OS,,train
11289,U2OS-03_2_L15_s1_65,U2OS-03,2,L15,s1,MEGF10,treated,U2OS,,train
11290,U2OS-03_2_L15_s1_67,U2OS-03,2,L15,s1,MEGF10,treated,U2OS,,train
11291,U2OS-03_2_L15_s1_69,U2OS-03,2,L15,s1,MEGF10,treated,U2OS,,train
11292,U2OS-03_2_L15_s1_72,U2OS-03,2,L15,s1,MEGF10,treated,U2OS,,train
11293,U2OS-03_2_L15_s1_74,U2OS-03,2,L15,s1,MEGF10,treated,U2OS,,train
11294,U2OS-03_2_L15_s1_76,U2OS-03,2,L15,s1,MEGF10,treated,U2OS,,train
11295,U2OS-03_2_L15_s1_78,U2OS-03,2,L15,s1,MEGF10,treated,U2OS,,train
11296,U2OS-03_2_L15_s1_79,U2OS-03,2,L15,s1,MEGF10,treated,U2OS,,train
11297,U2OS-03_2_L15_s1_81,U2OS-03,2,L15,s1,MEGF10,treated,U2OS,,train
11298,U2OS-03_2_L19_s1_12,U2OS-03,2,L19,s1,LOC81691,treated,U2OS,,train
11299,U2OS-03_2_L19_s1_13,U2OS-03,2,L19,s1,LOC81691,treated,U2OS,,train
11300,U2OS-03_2_L19_s1_15,U2OS-03,2,L19,s1,LOC81691,treated,U2OS,,train
11301,U2OS-03_2_L19_s1_17,U2OS-03,2,L19,s1,LOC81691,treated,U2OS,,train
11302,U2OS-03_2_L19_s1_20,U2OS-03,2,L19,s1,LOC81691,treated,U2OS,,train
11303,U2OS-03_2_L19_s1_21,U2OS-03,2,L19,s1,LOC81691,treated,U2OS,,train
11304,U2OS-03_2_L19_s1_22,U2OS-03,2,L19,s1,LOC81691,treated,U2OS,,train
11305,U2OS-03_2_L19_s1_23,U2OS-03,2,L19,s1,LOC81691,treated,U2OS,,train
11306,U2OS-03_2_L19_s1_25,U2OS-03,2,L19,s1,LOC81691,treated,U2OS,,train
11307,U2OS-03_2_L19_s1_27,U2OS-03,2,L19,s1,LOC81691,treated,U2OS,,train
11308,U2OS-03_2_L19_s1_29,U2OS-03,2,L19,s1,LOC81691,treated,U2OS,,train
11309,U2OS-03_2_L19_s1_30,U2OS-03,2,L19,s1,LOC81691,treated,U2OS,,train
11310,U2OS-03_2_L19_s1_31,U2OS-03,2,L19,s1,LOC81691,treated,U2OS,,train
11311,U2OS-03_2_L19_s1_34,U2OS-03,2,L19,s1,LOC81691,treated,U2OS,,train
11312,U2OS-03_2_L19_s1_38,U2OS-03,2,L19,s1,LOC81691,treated,U2OS,,train
11313,U2OS-03_2_L19_s1_39,U2OS-03,2,L19,s1,LOC81691,treated,U2OS,,train
11314,U2OS-03_2_L19_s1_42,U2OS-03,2,L19,s1,LOC81691,treated,U2OS,,train
11315,U2OS-03_2_L19_s1_43,U2OS-03,2,L19,s1,LOC81691,treated,U2OS,,train
11316,U2OS-03_2_L19_s1_44,U2OS-03,2,L19,s1,LOC81691,treated,U2OS,,train
11317,U2OS-03_2_L19_s1_45,U2OS-03,2,L19,s1,LOC81691,treated,U2OS,,train
11318,U2OS-03_2_L19_s1_46,U2OS-03,2,L19,s1,LOC81691,treated,U2OS,,train
11319,U2OS-03_2_L19_s1_48,U2OS-03,2,L19,s1,LOC81691,treated,U2OS,,train
11320,U2OS-03_2_L19_s1_50,U2OS-03,2,L19,s1,LOC81691,treated,U2OS,,train
11321,U2OS-03_2_L19_s1_51,U2OS-03,2,L19,s1,LOC81691,treated,U2OS,,train
11322,U2OS-03_2_L19_s1_53,U2OS-03,2,L19,s1,LOC81691,treated,U2OS,,train
11323,U2OS-03_2_L19_s1_54,U2OS-03,2,L19,s1,LOC81691,treated,U2OS,,train
11324,U2OS-03_2_L19_s1_55,U2OS-03,2,L19,s1,LOC81691,treated,U2OS,,train
11325,U2OS-03_2_L19_s1_56,U2OS-03,2,L19,s1,LOC81691,treated,U2OS,,train
11326,U2OS-03_2_L19_s1_58,U2OS-03,2,L19,s1,LOC81691,treated,U2OS,,train
11327,U2OS-03_2_L19_s1_59,U2OS-03,2,L19,s1,LOC81691,treated,U2OS,,train
11328,U2OS-03_2_L19_s1_61,U2OS-03,2,L19,s1,LOC81691,treated,U2OS,,train
11329,U2OS-03_2_L19_s1_62,U2OS-03,2,L19,s1,LOC81691,treated,U2OS,,train
11330,U2OS-03_2_L19_s1_64,U2OS-03,2,L19,s1,LOC81691,treated,U2OS,,train
11331,U2OS-03_2_L19_s1_66,U2OS-03,2,L19,s1,LOC81691,treated,U2OS,,train
11332,U2OS-03_2_L19_s1_67,U2OS-03,2,L19,s1,LOC81691,treated,U2OS,,train
11333,U2OS-03_2_L19_s1_69,U2OS-03,2,L19,s1,LOC81691,treated,U2OS,,train
11334,U2OS-03_2_L19_s1_71,U2OS-03,2,L19,s1,LOC81691,treated,U2OS,,train
11335,U2OS-03_2_L19_s1_75,U2OS-03,2,L19,s1,LOC81691,treated,U2OS,,train
11336,U2OS-03_2_L19_s1_76,U2OS-03,2,L19,s1,LOC81691,treated,U2OS,,train
11337,U2OS-03_2_L19_s1_77,U2OS-03,2,L19,s1,LOC81691,treated,U2OS,,train
11338,U2OS-03_2_N02_s1_17,U2OS-03,2,N02,s1,ZKSCAN3,treated,U2OS,,train
11339,U2OS-03_2_N02_s1_18,U2OS-03,2,N02,s1,ZKSCAN3,treated,U2OS,,train
11340,U2OS-03_2_N02_s1_19,U2OS-03,2,N02,s1,ZKSCAN3,treated,U2OS,,train
11341,U2OS-03_2_N02_s1_21,U2OS-03,2,N02,s1,ZKSCAN3,treated,U2OS,,train
11342,U2OS-03_2_N02_s1_23,U2OS-03,2,N02,s1,ZKSCAN3,treated,U2OS,,train
11343,U2OS-03_2_N02_s1_24,U2OS-03,2,N02,s1,ZKSCAN3,treated,U2OS,,train
11344,U2OS-03_2_N02_s1_25,U2OS-03,2,N02,s1,ZKSCAN3,treated,U2OS,,train
11345,U2OS-03_2_N02_s1_27,U2OS-03,2,N02,s1,ZKSCAN3,treated,U2OS,,train
11346,U2OS-03_2_N02_s1_28,U2OS-03,2,N02,s1,ZKSCAN3,treated,U2OS,,train
11347,U2OS-03_2_N02_s1_29,U2OS-03,2,N02,s1,ZKSCAN3,treated,U2OS,,train
11348,U2OS-03_2_N02_s1_30,U2OS-03,2,N02,s1,ZKSCAN3,treated,U2OS,,train
11349,U2OS-03_2_N02_s1_31,U2OS-03,2,N02,s1,ZKSCAN3,treated,U2OS,,train
11350,U2OS-03_2_N02_s1_32,U2OS-03,2,N02,s1,ZKSCAN3,treated,U2OS,,train
11351,U2OS-03_2_N02_s1_33,U2OS-03,2,N02,s1,ZKSCAN3,treated,U2OS,,train
11352,U2OS-03_2_N02_s1_39,U2OS-03,2,N02,s1,ZKSCAN3,treated,U2OS,,train
11353,U2OS-03_2_N02_s1_40,U2OS-03,2,N02,s1,ZKSCAN3,treated,U2OS,,train
11354,U2OS-03_2_N02_s1_41,U2OS-03,2,N02,s1,ZKSCAN3,treated,U2OS,,train
11355,U2OS-03_2_N02_s1_42,U2OS-03,2,N02,s1,ZKSCAN3,treated,U2OS,,train
11356,U2OS-03_2_N02_s1_43,U2OS-03,2,N02,s1,ZKSCAN3,treated,U2OS,,train
11357,U2OS-03_2_N02_s1_44,U2OS-03,2,N02,s1,ZKSCAN3,treated,U2OS,,train
11358,U2OS-03_2_N02_s1_45,U2OS-03,2,N02,s1,ZKSCAN3,treated,U2OS,,train
11359,U2OS-03_2_N02_s1_47,U2OS-03,2,N02,s1,ZKSCAN3,treated,U2OS,,train
11360,U2OS-03_2_N02_s1_48,U2OS-03,2,N02,s1,ZKSCAN3,treated,U2OS,,train
11361,U2OS-03_2_N02_s1_49,U2OS-03,2,N02,s1,ZKSCAN3,treated,U2OS,,train
11362,U2OS-03_2_N02_s1_50,U2OS-03,2,N02,s1,ZKSCAN3,treated,U2OS,,train
11363,U2OS-03_2_N02_s1_53,U2OS-03,2,N02,s1,ZKSCAN3,treated,U2OS,,train
11364,U2OS-03_2_N02_s1_54,U2OS-03,2,N02,s1,ZKSCAN3,treated,U2OS,,train
11365,U2OS-03_2_N02_s1_56,U2OS-03,2,N02,s1,ZKSCAN3,treated,U2OS,,train
11366,U2OS-03_2_N02_s1_57,U2OS-03,2,N02,s1,ZKSCAN3,treated,U2OS,,train
11367,U2OS-03_2_N02_s1_58,U2OS-03,2,N02,s1,ZKSCAN3,treated,U2OS,,train
11368,U2OS-03_2_N02_s1_61,U2OS-03,2,N02,s1,ZKSCAN3,treated,U2OS,,train
11369,U2OS-03_2_N02_s1_62,U2OS-03,2,N02,s1,ZKSCAN3,treated,U2OS,,train
11370,U2OS-03_2_N02_s1_64,U2OS-03,2,N02,s1,ZKSCAN3,treated,U2OS,,train
11371,U2OS-03_2_N02_s1_65,U2OS-03,2,N02,s1,ZKSCAN3,treated,U2OS,,train
11372,U2OS-03_2_N02_s1_66,U2OS-03,2,N02,s1,ZKSCAN3,treated,U2OS,,train
11373,U2OS-03_2_N02_s1_70,U2OS-03,2,N02,s1,ZKSCAN3,treated,U2OS,,train
11374,U2OS-03_2_N02_s1_71,U2OS-03,2,N02,s1,ZKSCAN3,treated,U2OS,,train
11375,U2OS-03_2_N02_s1_74,U2OS-03,2,N02,s1,ZKSCAN3,treated,U2OS,,train
11376,U2OS-03_2_N02_s1_76,U2OS-03,2,N02,s1,ZKSCAN3,treated,U2OS,,train
11377,U2OS-03_2_N02_s1_77,U2OS-03,2,N02,s1,ZKSCAN3,treated,U2OS,,train
11378,U2OS-03_2_O02_s1_11,U2OS-03,2,O02,s1,TMTC1,treated,U2OS,,train
11379,U2OS-03_2_O02_s1_13,U2OS-03,2,O02,s1,TMTC1,treated,U2OS,,train
11380,U2OS-03_2_O02_s1_15,U2OS-03,2,O02,s1,TMTC1,treated,U2OS,,train
11381,U2OS-03_2_O02_s1_17,U2OS-03,2,O02,s1,TMTC1,treated,U2OS,,train
11382,U2OS-03_2_O02_s1_19,U2OS-03,2,O02,s1,TMTC1,treated,U2OS,,train
11383,U2OS-03_2_O02_s1_21,U2OS-03,2,O02,s1,TMTC1,treated,U2OS,,train
11384,U2OS-03_2_O02_s1_22,U2OS-03,2,O02,s1,TMTC1,treated,U2OS,,train
11385,U2OS-03_2_O02_s1_23,U2OS-03,2,O02,s1,TMTC1,treated,U2OS,,train
11386,U2OS-03_2_O02_s1_24,U2OS-03,2,O02,s1,TMTC1,treated,U2OS,,train
11387,U2OS-03_2_O02_s1_25,U2OS-03,2,O02,s1,TMTC1,treated,U2OS,,train
11388,U2OS-03_2_O02_s1_26,U2OS-03,2,O02,s1,TMTC1,treated,U2OS,,train
11389,U2OS-03_2_O02_s1_27,U2OS-03,2,O02,s1,TMTC1,treated,U2OS,,train
11390,U2OS-03_2_O02_s1_28,U2OS-03,2,O02,s1,TMTC1,treated,U2OS,,train
11391,U2OS-03_2_O02_s1_29,U2OS-03,2,O02,s1,TMTC1,treated,U2OS,,train
11392,U2OS-03_2_O02_s1_35,U2OS-03,2,O02,s1,TMTC1,treated,U2OS,,train
11393,U2OS-03_2_O02_s1_36,U2OS-03,2,O02,s1,TMTC1,treated,U2OS,,train
11394,U2OS-03_2_O02_s1_37,U2OS-03,2,O02,s1,TMTC1,treated,U2OS,,train
11395,U2OS-03_2_O02_s1_38,U2OS-03,2,O02,s1,TMTC1,treated,U2OS,,train
11396,U2OS-03_2_O02_s1_39,U2OS-03,2,O02,s1,TMTC1,treated,U2OS,,train
11397,U2OS-03_2_O02_s1_40,U2OS-03,2,O02,s1,TMTC1,treated,U2OS,,train
11398,U2OS-03_2_O02_s1_42,U2OS-03,2,O02,s1,TMTC1,treated,U2OS,,train
11399,U2OS-03_2_O02_s1_45,U2OS-03,2,O02,s1,TMTC1,treated,U2OS,,train
11400,U2OS-03_2_O02_s1_46,U2OS-03,2,O02,s1,TMTC1,treated,U2OS,,train
11401,U2OS-03_2_O02_s1_47,U2OS-03,2,O02,s1,TMTC1,treated,U2OS,,train
11402,U2OS-03_2_O02_s1_48,U2OS-03,2,O02,s1,TMTC1,treated,U2OS,,train
11403,U2OS-03_2_O02_s1_49,U2OS-03,2,O02,s1,TMTC1,treated,U2OS,,train
11404,U2OS-03_2_O02_s1_50,U2OS-03,2,O02,s1,TMTC1,treated,U2OS,,train
11405,U2OS-03_2_O02_s1_52,U2OS-03,2,O02,s1,TMTC1,treated,U2OS,,train
11406,U2OS-03_2_O02_s1_53,U2OS-03,2,O02,s1,TMTC1,treated,U2OS,,train
11407,U2OS-03_2_O02_s1_54,U2OS-03,2,O02,s1,TMTC1,treated,U2OS,,train
11408,U2OS-03_2_O02_s1_58,U2OS-03,2,O02,s1,TMTC1,treated,U2OS,,train
11409,U2OS-03_2_O02_s1_59,U2OS-03,2,O02,s1,TMTC1,treated,U2OS,,train
11410,U2OS-03_2_O02_s1_61,U2OS-03,2,O02,s1,TMTC1,treated,U2OS,,train
11411,U2OS-03_2_O02_s1_62,U2OS-03,2,O02,s1,TMTC1,treated,U2OS,,train
11412,U2OS-03_2_O02_s1_64,U2OS-03,2,O02,s1,TMTC1,treated,U2OS,,train
11413,U2OS-03_2_O02_s1_66,U2OS-03,2,O02,s1,TMTC1,treated,U2OS,,train
11414,U2OS-03_2_O02_s1_68,U2OS-03,2,O02,s1,TMTC1,treated,U2OS,,train
11415,U2OS-03_2_O02_s2_16,U2OS-03,2,O02,s2,TMTC1,treated,U2OS,,train
11416,U2OS-03_2_O02_s2_17,U2OS-03,2,O02,s2,TMTC1,treated,U2OS,,train
11417,U2OS-03_2_O02_s2_19,U2OS-03,2,O02,s2,TMTC1,treated,U2OS,,train
11418,U2OS-03_2_O08_s1_1,U2OS-03,2,O08,s1,ABHD11,treated,U2OS,,train
11419,U2OS-03_2_O08_s1_3,U2OS-03,2,O08,s1,ABHD11,treated,U2OS,,train
11420,U2OS-03_2_O08_s1_4,U2OS-03,2,O08,s1,ABHD11,treated,U2OS,,train
11421,U2OS-03_2_O08_s1_8,U2OS-03,2,O08,s1,ABHD11,treated,U2OS,,train
11422,U2OS-03_2_O08_s1_9,U2OS-03,2,O08,s1,ABHD11,treated,U2OS,,train
11423,U2OS-03_2_O08_s2_1,U2OS-03,2,O08,s2,ABHD11,treated,U2OS,,train
11424,U2OS-03_2_O08_s2_2,U2OS-03,2,O08,s2,ABHD11,treated,U2OS,,train
11425,U2OS-03_2_O08_s2_4,U2OS-03,2,O08,s2,ABHD11,treated,U2OS,,train
11426,U2OS-03_2_O08_s2_6,U2OS-03,2,O08,s2,ABHD11,treated,U2OS,,train
11427,U2OS-03_2_O08_s2_8,U2OS-03,2,O08,s2,ABHD11,treated,U2OS,,train
11428,U2OS-03_2_O08_s2_10,U2OS-03,2,O08,s2,ABHD11,treated,U2OS,,train
11429,U2OS-03_2_O08_s2_11,U2OS-03,2,O08,s2,ABHD11,treated,U2OS,,train
11430,U2OS-03_3_B02_s1_18,U2OS-03,3,B02,s1,UNTREATED,negative_control,U2OS,,train
11431,U2OS-03_3_B02_s1_22,U2OS-03,3,B02,s1,UNTREATED,negative_control,U2OS,,train
11432,U2OS-03_3_B02_s1_23,U2OS-03,3,B02,s1,UNTREATED,negative_control,U2OS,,train
11433,U2OS-03_3_B02_s1_25,U2OS-03,3,B02,s1,UNTREATED,negative_control,U2OS,,train
11434,U2OS-03_3_B02_s1_27,U2OS-03,3,B02,s1,UNTREATED,negative_control,U2OS,,train
11435,U2OS-03_3_B02_s1_29,U2OS-03,3,B02,s1,UNTREATED,negative_control,U2OS,,train
11436,U2OS-03_3_B02_s1_30,U2OS-03,3,B02,s1,UNTREATED,negative_control,U2OS,,train
11437,U2OS-03_3_B02_s1_31,U2OS-03,3,B02,s1,UNTREATED,negative_control,U2OS,,train
11438,U2OS-03_3_B02_s1_32,U2OS-03,3,B02,s1,UNTREATED,negative_control,U2OS,,train
11439,U2OS-03_3_B02_s1_34,U2OS-03,3,B02,s1,UNTREATED,negative_control,U2OS,,train
11440,U2OS-03_3_B02_s1_35,U2OS-03,3,B02,s1,UNTREATED,negative_control,U2OS,,train
11441,U2OS-03_3_B02_s1_36,U2OS-03,3,B02,s1,UNTREATED,negative_control,U2OS,,train
11442,U2OS-03_3_B02_s1_39,U2OS-03,3,B02,s1,UNTREATED,negative_control,U2OS,,train
11443,U2OS-03_3_B02_s1_41,U2OS-03,3,B02,s1,UNTREATED,negative_control,U2OS,,train
11444,U2OS-03_3_B02_s1_45,U2OS-03,3,B02,s1,UNTREATED,negative_control,U2OS,,train
11445,U2OS-03_3_B02_s1_46,U2OS-03,3,B02,s1,UNTREATED,negative_control,U2OS,,train
11446,U2OS-03_3_B02_s1_47,U2OS-03,3,B02,s1,UNTREATED,negative_control,U2OS,,train
11447,U2OS-03_3_B02_s1_50,U2OS-03,3,B02,s1,UNTREATED,negative_control,U2OS,,train
11448,U2OS-03_3_B02_s1_51,U2OS-03,3,B02,s1,UNTREATED,negative_control,U2OS,,train
11449,U2OS-03_3_B02_s1_55,U2OS-03,3,B02,s1,UNTREATED,negative_control,U2OS,,train
11450,U2OS-03_3_B02_s1_57,U2OS-03,3,B02,s1,UNTREATED,negative_control,U2OS,,train
11451,U2OS-03_3_B02_s1_59,U2OS-03,3,B02,s1,UNTREATED,negative_control,U2OS,,train
11452,U2OS-03_3_B02_s1_60,U2OS-03,3,B02,s1,UNTREATED,negative_control,U2OS,,train
11453,U2OS-03_3_B02_s1_61,U2OS-03,3,B02,s1,UNTREATED,negative_control,U2OS,,train
11454,U2OS-03_3_B02_s1_62,U2OS-03,3,B02,s1,UNTREATED,negative_control,U2OS,,train
11455,U2OS-03_3_B02_s1_63,U2OS-03,3,B02,s1,UNTREATED,negative_control,U2OS,,train
11456,U2OS-03_3_B02_s1_64,U2OS-03,3,B02,s1,UNTREATED,negative_control,U2OS,,train
11457,U2OS-03_3_B02_s1_65,U2OS-03,3,B02,s1,UNTREATED,negative_control,U2OS,,train
11458,U2OS-03_3_B02_s1_66,U2OS-03,3,B02,s1,UNTREATED,negative_control,U2OS,,train
11459,U2OS-03_3_B02_s1_67,U2OS-03,3,B02,s1,UNTREATED,negative_control,U2OS,,train
11460,U2OS-03_3_B02_s1_70,U2OS-03,3,B02,s1,UNTREATED,negative_control,U2OS,,train
11461,U2OS-03_3_B02_s1_71,U2OS-03,3,B02,s1,UNTREATED,negative_control,U2OS,,train
11462,U2OS-03_3_B02_s1_75,U2OS-03,3,B02,s1,UNTREATED,negative_control,U2OS,,train
11463,U2OS-03_3_B02_s1_76,U2OS-03,3,B02,s1,UNTREATED,negative_control,U2OS,,train
11464,U2OS-03_3_B02_s1_77,U2OS-03,3,B02,s1,UNTREATED,negative_control,U2OS,,train
11465,U2OS-03_3_B02_s1_80,U2OS-03,3,B02,s1,UNTREATED,negative_control,U2OS,,train
11466,U2OS-03_3_B02_s1_81,U2OS-03,3,B02,s1,UNTREATED,negative_control,U2OS,,train
11467,U2OS-03_3_B02_s1_84,U2OS-03,3,B02,s1,UNTREATED,negative_control,U2OS,,train
11468,U2OS-03_3_B02_s1_85,U2OS-03,3,B02,s1,UNTREATED,negative_control,U2OS,,train
11469,U2OS-03_3_B02_s1_86,U2OS-03,3,B02,s1,UNTREATED,negative_control,U2OS,,train
11470,U2OS-03_3_C04_s1_5,U2OS-03,3,C04,s1,FAM13A,treated,U2OS,,train
11471,U2OS-03_3_C04_s1_15,U2OS-03,3,C04,s1,FAM13A,treated,U2OS,,train
11472,U2OS-03_3_C04_s1_16,U2OS-03,3,C04,s1,FAM13A,treated,U2OS,,train
11473,U2OS-03_3_C04_s1_19,U2OS-03,3,C04,s1,FAM13A,treated,U2OS,,train
11474,U2OS-03_3_C04_s1_21,U2OS-03,3,C04,s1,FAM13A,treated,U2OS,,train
11475,U2OS-03_3_C04_s1_23,U2OS-03,3,C04,s1,FAM13A,treated,U2OS,,train
11476,U2OS-03_3_C04_s1_24,U2OS-03,3,C04,s1,FAM13A,treated,U2OS,,train
11477,U2OS-03_3_C04_s1_25,U2OS-03,3,C04,s1,FAM13A,treated,U2OS,,train
11478,U2OS-03_3_C04_s1_26,U2OS-03,3,C04,s1,FAM13A,treated,U2OS,,train
11479,U2OS-03_3_C04_s1_28,U2OS-03,3,C04,s1,FAM13A,treated,U2OS,,train
11480,U2OS-03_3_C04_s1_29,U2OS-03,3,C04,s1,FAM13A,treated,U2OS,,train
11481,U2OS-03_3_C04_s1_31,U2OS-03,3,C04,s1,FAM13A,treated,U2OS,,train
11482,U2OS-03_3_C04_s1_32,U2OS-03,3,C04,s1,FAM13A,treated,U2OS,,train
11483,U2OS-03_3_C04_s1_33,U2OS-03,3,C04,s1,FAM13A,treated,U2OS,,train
11484,U2OS-03_3_C04_s1_37,U2OS-03,3,C04,s1,FAM13A,treated,U2OS,,train
11485,U2OS-03_3_C04_s1_38,U2OS-03,3,C04,s1,FAM13A,treated,U2OS,,train
11486,U2OS-03_3_C04_s1_39,U2OS-03,3,C04,s1,FAM13A,treated,U2OS,,train
11487,U2OS-03_3_C04_s1_41,U2OS-03,3,C04,s1,FAM13A,treated,U2OS,,train
11488,U2OS-03_3_C04_s1_42,U2OS-03,3,C04,s1,FAM13A,treated,U2OS,,train
11489,U2OS-03_3_C04_s1_43,U2OS-03,3,C04,s1,FAM13A,treated,U2OS,,train
11490,U2OS-03_3_C04_s1_45,U2OS-03,3,C04,s1,FAM13A,treated,U2OS,,train
11491,U2OS-03_3_C04_s1_47,U2OS-03,3,C04,s1,FAM13A,treated,U2OS,,train
11492,U2OS-03_3_C04_s1_48,U2OS-03,3,C04,s1,FAM13A,treated,U2OS,,train
11493,U2OS-03_3_C04_s1_50,U2OS-03,3,C04,s1,FAM13A,treated,U2OS,,train
11494,U2OS-03_3_C04_s1_51,U2OS-03,3,C04,s1,FAM13A,treated,U2OS,,train
11495,U2OS-03_3_C04_s1_52,U2OS-03,3,C04,s1,FAM13A,treated,U2OS,,train
11496,U2OS-03_3_C04_s1_53,U2OS-03,3,C04,s1,FAM13A,treated,U2OS,,train
11497,U2OS-03_3_C04_s1_56,U2OS-03,3,C04,s1,FAM13A,treated,U2OS,,train
11498,U2OS-03_3_C04_s1_57,U2OS-03,3,C04,s1,FAM13A,treated,U2OS,,train
11499,U2OS-03_3_C04_s1_58,U2OS-03,3,C04,s1,FAM13A,treated,U2OS,,train
11500,U2OS-03_3_C04_s1_61,U2OS-03,3,C04,s1,FAM13A,treated,U2OS,,train
11501,U2OS-03_3_C04_s1_62,U2OS-03,3,C04,s1,FAM13A,treated,U2OS,,train
11502,U2OS-03_3_C04_s1_65,U2OS-03,3,C04,s1,FAM13A,treated,U2OS,,train
11503,U2OS-03_3_C04_s1_66,U2OS-03,3,C04,s1,FAM13A,treated,U2OS,,train
11504,U2OS-03_3_C04_s1_68,U2OS-03,3,C04,s1,FAM13A,treated,U2OS,,train
11505,U2OS-03_3_C04_s1_70,U2OS-03,3,C04,s1,FAM13A,treated,U2OS,,train
11506,U2OS-03_3_C04_s1_71,U2OS-03,3,C04,s1,FAM13A,treated,U2OS,,train
11507,U2OS-03_3_C04_s1_73,U2OS-03,3,C04,s1,FAM13A,treated,U2OS,,train
11508,U2OS-03_3_C04_s1_75,U2OS-03,3,C04,s1,FAM13A,treated,U2OS,,train
11509,U2OS-03_3_C04_s1_76,U2OS-03,3,C04,s1,FAM13A,treated,U2OS,,train
11510,U2OS-03_3_D02_s1_10,U2OS-03,3,D02,s1,TSPAN32,treated,U2OS,,train
11511,U2OS-03_3_D02_s1_11,U2OS-03,3,D02,s1,TSPAN32,treated,U2OS,,train
11512,U2OS-03_3_D02_s1_12,U2OS-03,3,D02,s1,TSPAN32,treated,U2OS,,train
11513,U2OS-03_3_D02_s1_15,U2OS-03,3,D02,s1,TSPAN32,treated,U2OS,,train
11514,U2OS-03_3_D02_s1_18,U2OS-03,3,D02,s1,TSPAN32,treated,U2OS,,train
11515,U2OS-03_3_D02_s1_19,U2OS-03,3,D02,s1,TSPAN32,treated,U2OS,,train
11516,U2OS-03_3_D02_s1_20,U2OS-03,3,D02,s1,TSPAN32,treated,U2OS,,train
11517,U2OS-03_3_D02_s1_22,U2OS-03,3,D02,s1,TSPAN32,treated,U2OS,,train
11518,U2OS-03_3_D02_s1_23,U2OS-03,3,D02,s1,TSPAN32,treated,U2OS,,train
11519,U2OS-03_3_D02_s1_24,U2OS-03,3,D02,s1,TSPAN32,treated,U2OS,,train
11520,U2OS-03_3_D02_s1_26,U2OS-03,3,D02,s1,TSPAN32,treated,U2OS,,train
11521,U2OS-03_3_D02_s1_27,U2OS-03,3,D02,s1,TSPAN32,treated,U2OS,,train
11522,U2OS-03_3_D02_s1_28,U2OS-03,3,D02,s1,TSPAN32,treated,U2OS,,train
11523,U2OS-03_3_D02_s1_29,U2OS-03,3,D02,s1,TSPAN32,treated,U2OS,,train
11524,U2OS-03_3_D02_s1_35,U2OS-03,3,D02,s1,TSPAN32,treated,U2OS,,train
11525,U2OS-03_3_D02_s1_36,U2OS-03,3,D02,s1,TSPAN32,treated,U2OS,,train
11526,U2OS-03_3_D02_s1_37,U2OS-03,3,D02,s1,TSPAN32,treated,U2OS,,train
11527,U2OS-03_3_D02_s1_39,U2OS-03,3,D02,s1,TSPAN32,treated,U2OS,,train
11528,U2OS-03_3_D02_s1_40,U2OS-03,3,D02,s1,TSPAN32,treated,U2OS,,train
11529,U2OS-03_3_D02_s1_42,U2OS-03,3,D02,s1,TSPAN32,treated,U2OS,,train
11530,U2OS-03_3_D02_s1_44,U2OS-03,3,D02,s1,TSPAN32,treated,U2OS,,train
11531,U2OS-03_3_D02_s1_46,U2OS-03,3,D02,s1,TSPAN32,treated,U2OS,,train
11532,U2OS-03_3_D02_s1_47,U2OS-03,3,D02,s1,TSPAN32,treated,U2OS,,train
11533,U2OS-03_3_D02_s1_48,U2OS-03,3,D02,s1,TSPAN32,treated,U2OS,,train
11534,U2OS-03_3_D02_s1_49,U2OS-03,3,D02,s1,TSPAN32,treated,U2OS,,train
11535,U2OS-03_3_D02_s1_50,U2OS-03,3,D02,s1,TSPAN32,treated,U2OS,,train
11536,U2OS-03_3_D02_s1_51,U2OS-03,3,D02,s1,TSPAN32,treated,U2OS,,train
11537,U2OS-03_3_D02_s1_52,U2OS-03,3,D02,s1,TSPAN32,treated,U2OS,,train
11538,U2OS-03_3_D02_s1_54,U2OS-03,3,D02,s1,TSPAN32,treated,U2OS,,train
11539,U2OS-03_3_D02_s1_55,U2OS-03,3,D02,s1,TSPAN32,treated,U2OS,,train
11540,U2OS-03_3_D02_s1_57,U2OS-03,3,D02,s1,TSPAN32,treated,U2OS,,train
11541,U2OS-03_3_D02_s1_59,U2OS-03,3,D02,s1,TSPAN32,treated,U2OS,,train
11542,U2OS-03_3_D02_s1_63,U2OS-03,3,D02,s1,TSPAN32,treated,U2OS,,train
11543,U2OS-03_3_D02_s1_64,U2OS-03,3,D02,s1,TSPAN32,treated,U2OS,,train
11544,U2OS-03_3_D02_s1_65,U2OS-03,3,D02,s1,TSPAN32,treated,U2OS,,train
11545,U2OS-03_3_D02_s2_11,U2OS-03,3,D02,s2,TSPAN32,treated,U2OS,,train
11546,U2OS-03_3_D02_s2_12,U2OS-03,3,D02,s2,TSPAN32,treated,U2OS,,train
11547,U2OS-03_3_D02_s2_14,U2OS-03,3,D02,s2,TSPAN32,treated,U2OS,,train
11548,U2OS-03_3_D02_s2_15,U2OS-03,3,D02,s2,TSPAN32,treated,U2OS,,train
11549,U2OS-03_3_D02_s2_16,U2OS-03,3,D02,s2,TSPAN32,treated,U2OS,,train
11550,U2OS-03_3_D04_s1_8,U2OS-03,3,D04,s1,USP6NL,treated,U2OS,,train
11551,U2OS-03_3_D04_s1_10,U2OS-03,3,D04,s1,USP6NL,treated,U2OS,,train
11552,U2OS-03_3_D04_s1_12,U2OS-03,3,D04,s1,USP6NL,treated,U2OS,,train
11553,U2OS-03_3_D04_s1_16,U2OS-03,3,D04,s1,USP6NL,treated,U2OS,,train
11554,U2OS-03_3_D04_s1_19,U2OS-03,3,D04,s1,USP6NL,treated,U2OS,,train
11555,U2OS-03_3_D04_s1_22,U2OS-03,3,D04,s1,USP6NL,treated,U2OS,,train
11556,U2OS-03_3_D04_s1_23,U2OS-03,3,D04,s1,USP6NL,treated,U2OS,,train
11557,U2OS-03_3_D04_s1_25,U2OS-03,3,D04,s1,USP6NL,treated,U2OS,,train
11558,U2OS-03_3_D04_s1_26,U2OS-03,3,D04,s1,USP6NL,treated,U2OS,,train
11559,U2OS-03_3_D04_s1_27,U2OS-03,3,D04,s1,USP6NL,treated,U2OS,,train
11560,U2OS-03_3_D04_s1_28,U2OS-03,3,D04,s1,USP6NL,treated,U2OS,,train
11561,U2OS-03_3_D04_s1_29,U2OS-03,3,D04,s1,USP6NL,treated,U2OS,,train
11562,U2OS-03_3_D04_s1_30,U2OS-03,3,D04,s1,USP6NL,treated,U2OS,,train
11563,U2OS-03_3_D04_s1_31,U2OS-03,3,D04,s1,USP6NL,treated,U2OS,,train
11564,U2OS-03_3_D04_s1_37,U2OS-03,3,D04,s1,USP6NL,treated,U2OS,,train
11565,U2OS-03_3_D04_s1_38,U2OS-03,3,D04,s1,USP6NL,treated,U2OS,,train
11566,U2OS-03_3_D04_s1_39,U2OS-03,3,D04,s1,USP6NL,treated,U2OS,,train
11567,U2OS-03_3_D04_s1_40,U2OS-03,3,D04,s1,USP6NL,treated,U2OS,,train
11568,U2OS-03_3_D04_s1_41,U2OS-03,3,D04,s1,USP6NL,treated,U2OS,,train
11569,U2OS-03_3_D04_s1_42,U2OS-03,3,D04,s1,USP6NL,treated,U2OS,,train
11570,U2OS-03_3_D04_s1_43,U2OS-03,3,D04,s1,USP6NL,treated,U2OS,,train
11571,U2OS-03_3_D04_s1_49,U2OS-03,3,D04,s1,USP6NL,treated,U2OS,,train
11572,U2OS-03_3_D04_s1_51,U2OS-03,3,D04,s1,USP6NL,treated,U2OS,,train
11573,U2OS-03_3_D04_s1_52,U2OS-03,3,D04,s1,USP6NL,treated,U2OS,,train
11574,U2OS-03_3_D04_s1_54,U2OS-03,3,D04,s1,USP6NL,treated,U2OS,,train
11575,U2OS-03_3_D04_s1_55,U2OS-03,3,D04,s1,USP6NL,treated,U2OS,,train
11576,U2OS-03_3_D04_s1_56,U2OS-03,3,D04,s1,USP6NL,treated,U2OS,,train
11577,U2OS-03_3_D04_s1_57,U2OS-03,3,D04,s1,USP6NL,treated,U2OS,,train
11578,U2OS-03_3_D04_s1_58,U2OS-03,3,D04,s1,USP6NL,treated,U2OS,,train
11579,U2OS-03_3_D04_s1_59,U2OS-03,3,D04,s1,USP6NL,treated,U2OS,,train
11580,U2OS-03_3_D04_s1_61,U2OS-03,3,D04,s1,USP6NL,treated,U2OS,,train
11581,U2OS-03_3_D04_s1_63,U2OS-03,3,D04,s1,USP6NL,treated,U2OS,,train
11582,U2OS-03_3_D04_s1_65,U2OS-03,3,D04,s1,USP6NL,treated,U2OS,,train
11583,U2OS-03_3_D04_s1_67,U2OS-03,3,D04,s1,USP6NL,treated,U2OS,,train
11584,U2OS-03_3_D04_s1_69,U2OS-03,3,D04,s1,USP6NL,treated,U2OS,,train
11585,U2OS-03_3_D04_s1_72,U2OS-03,3,D04,s1,USP6NL,treated,U2OS,,train
11586,U2OS-03_3_D04_s1_74,U2OS-03,3,D04,s1,USP6NL,treated,U2OS,,train
11587,U2OS-03_3_D04_s1_76,U2OS-03,3,D04,s1,USP6NL,treated,U2OS,,train
11588,U2OS-03_3_D04_s1_77,U2OS-03,3,D04,s1,USP6NL,treated,U2OS,,train
11589,U2OS-03_3_D04_s1_78,U2OS-03,3,D04,s1,USP6NL,treated,U2OS,,train
11590,U2OS-03_3_D09_s1_16,U2OS-03,3,D09,s1,RBM12,treated,U2OS,,train
11591,U2OS-03_3_D09_s1_22,U2OS-03,3,D09,s1,RBM12,treated,U2OS,,train
11592,U2OS-03_3_D09_s1_23,U2OS-03,3,D09,s1,RBM12,treated,U2OS,,train
11593,U2OS-03_3_D09_s1_26,U2OS-03,3,D09,s1,RBM12,treated,U2OS,,train
11594,U2OS-03_3_D09_s1_29,U2OS-03,3,D09,s1,RBM12,treated,U2OS,,train
11595,U2OS-03_3_D09_s1_30,U2OS-03,3,D09,s1,RBM12,treated,U2OS,,train
11596,U2OS-03_3_D09_s1_31,U2OS-03,3,D09,s1,RBM12,treated,U2OS,,train
11597,U2OS-03_3_D09_s1_33,U2OS-03,3,D09,s1,RBM12,treated,U2OS,,train
11598,U2OS-03_3_D09_s1_34,U2OS-03,3,D09,s1,RBM12,treated,U2OS,,train
11599,U2OS-03_3_D09_s1_35,U2OS-03,3,D09,s1,RBM12,treated,U2OS,,train
11600,U2OS-03_3_D09_s1_36,U2OS-03,3,D09,s1,RBM12,treated,U2OS,,train
11601,U2OS-03_3_D09_s1_38,U2OS-03,3,D09,s1,RBM12,treated,U2OS,,train
11602,U2OS-03_3_D09_s1_39,U2OS-03,3,D09,s1,RBM12,treated,U2OS,,train
11603,U2OS-03_3_D09_s1_40,U2OS-03,3,D09,s1,RBM12,treated,U2OS,,train
11604,U2OS-03_3_D09_s1_45,U2OS-03,3,D09,s1,RBM12,treated,U2OS,,train
11605,U2OS-03_3_D09_s1_49,U2OS-03,3,D09,s1,RBM12,treated,U2OS,,train
11606,U2OS-03_3_D09_s1_50,U2OS-03,3,D09,s1,RBM12,treated,U2OS,,train
11607,U2OS-03_3_D09_s1_51,U2OS-03,3,D09,s1,RBM12,treated,U2OS,,train
11608,U2OS-03_3_D09_s1_52,U2OS-03,3,D09,s1,RBM12,treated,U2OS,,train
11609,U2OS-03_3_D09_s1_54,U2OS-03,3,D09,s1,RBM12,treated,U2OS,,train
11610,U2OS-03_3_D09_s1_56,U2OS-03,3,D09,s1,RBM12,treated,U2OS,,train
11611,U2OS-03_3_D09_s1_58,U2OS-03,3,D09,s1,RBM12,treated,U2OS,,train
11612,U2OS-03_3_D09_s1_59,U2OS-03,3,D09,s1,RBM12,treated,U2OS,,train
11613,U2OS-03_3_D09_s1_61,U2OS-03,3,D09,s1,RBM12,treated,U2OS,,train
11614,U2OS-03_3_D09_s1_63,U2OS-03,3,D09,s1,RBM12,treated,U2OS,,train
11615,U2OS-03_3_D09_s1_64,U2OS-03,3,D09,s1,RBM12,treated,U2OS,,train
11616,U2OS-03_3_D09_s1_66,U2OS-03,3,D09,s1,RBM12,treated,U2OS,,train
11617,U2OS-03_3_D09_s1_67,U2OS-03,3,D09,s1,RBM12,treated,U2OS,,train
11618,U2OS-03_3_D09_s1_68,U2OS-03,3,D09,s1,RBM12,treated,U2OS,,train
11619,U2OS-03_3_D09_s1_69,U2OS-03,3,D09,s1,RBM12,treated,U2OS,,train
11620,U2OS-03_3_D09_s1_71,U2OS-03,3,D09,s1,RBM12,treated,U2OS,,train
11621,U2OS-03_3_D09_s1_72,U2OS-03,3,D09,s1,RBM12,treated,U2OS,,train
11622,U2OS-03_3_D09_s1_74,U2OS-03,3,D09,s1,RBM12,treated,U2OS,,train
11623,U2OS-03_3_D09_s1_75,U2OS-03,3,D09,s1,RBM12,treated,U2OS,,train
11624,U2OS-03_3_D09_s1_76,U2OS-03,3,D09,s1,RBM12,treated,U2OS,,train
11625,U2OS-03_3_D09_s1_79,U2OS-03,3,D09,s1,RBM12,treated,U2OS,,train
11626,U2OS-03_3_D09_s1_80,U2OS-03,3,D09,s1,RBM12,treated,U2OS,,train
11627,U2OS-03_3_D09_s1_82,U2OS-03,3,D09,s1,RBM12,treated,U2OS,,train
11628,U2OS-03_3_D09_s1_83,U2OS-03,3,D09,s1,RBM12,treated,U2OS,,train
11629,U2OS-03_3_D09_s1_84,U2OS-03,3,D09,s1,RBM12,treated,U2OS,,train
11630,U2OS-03_3_H02_s1_9,U2OS-03,3,H02,s1,SPATA2,treated,U2OS,,train
11631,U2OS-03_3_H02_s1_11,U2OS-03,3,H02,s1,SPATA2,treated,U2OS,,train
11632,U2OS-03_3_H02_s1_13,U2OS-03,3,H02,s1,SPATA2,treated,U2OS,,train
11633,U2OS-03_3_H02_s1_15,U2OS-03,3,H02,s1,SPATA2,treated,U2OS,,train
11634,U2OS-03_3_H02_s1_18,U2OS-03,3,H02,s1,SPATA2,treated,U2OS,,train
11635,U2OS-03_3_H02_s1_19,U2OS-03,3,H02,s1,SPATA2,treated,U2OS,,train
11636,U2OS-03_3_H02_s1_20,U2OS-03,3,H02,s1,SPATA2,treated,U2OS,,train
11637,U2OS-03_3_H02_s1_21,U2OS-03,3,H02,s1,SPATA2,treated,U2OS,,train
11638,U2OS-03_3_H02_s1_22,U2OS-03,3,H02,s1,SPATA2,treated,U2OS,,train
11639,U2OS-03_3_H02_s1_23,U2OS-03,3,H02,s1,SPATA2,treated,U2OS,,train
11640,U2OS-03_3_H02_s1_24,U2OS-03,3,H02,s1,SPATA2,treated,U2OS,,train
11641,U2OS-03_3_H02_s1_25,U2OS-03,3,H02,s1,SPATA2,treated,U2OS,,train
11642,U2OS-03_3_H02_s1_26,U2OS-03,3,H02,s1,SPATA2,treated,U2OS,,train
11643,U2OS-03_3_H02_s1_27,U2OS-03,3,H02,s1,SPATA2,treated,U2OS,,train
11644,U2OS-03_3_H02_s1_33,U2OS-03,3,H02,s1,SPATA2,treated,U2OS,,train
11645,U2OS-03_3_H02_s1_34,U2OS-03,3,H02,s1,SPATA2,treated,U2OS,,train
11646,U2OS-03_3_H02_s1_35,U2OS-03,3,H02,s1,SPATA2,treated,U2OS,,train
11647,U2OS-03_3_H02_s1_36,U2OS-03,3,H02,s1,SPATA2,treated,U2OS,,train
11648,U2OS-03_3_H02_s1_38,U2OS-03,3,H02,s1,SPATA2,treated,U2OS,,train
11649,U2OS-03_3_H02_s1_39,U2OS-03,3,H02,s1,SPATA2,treated,U2OS,,train
11650,U2OS-03_3_H02_s1_41,U2OS-03,3,H02,s1,SPATA2,treated,U2OS,,train
11651,U2OS-03_3_H02_s1_43,U2OS-03,3,H02,s1,SPATA2,treated,U2OS,,train
11652,U2OS-03_3_H02_s1_47,U2OS-03,3,H02,s1,SPATA2,treated,U2OS,,train
11653,U2OS-03_3_H02_s1_48,U2OS-03,3,H02,s1,SPATA2,treated,U2OS,,train
11654,U2OS-03_3_H02_s1_49,U2OS-03,3,H02,s1,SPATA2,treated,U2OS,,train
11655,U2OS-03_3_H02_s1_50,U2OS-03,3,H02,s1,SPATA2,treated,U2OS,,train
11656,U2OS-03_3_H02_s1_51,U2OS-03,3,H02,s1,SPATA2,treated,U2OS,,train
11657,U2OS-03_3_H02_s1_52,U2OS-03,3,H02,s1,SPATA2,treated,U2OS,,train
11658,U2OS-03_3_H02_s1_53,U2OS-03,3,H02,s1,SPATA2,treated,U2OS,,train
11659,U2OS-03_3_H02_s1_54,U2OS-03,3,H02,s1,SPATA2,treated,U2OS,,train
11660,U2OS-03_3_H02_s1_56,U2OS-03,3,H02,s1,SPATA2,treated,U2OS,,train
11661,U2OS-03_3_H02_s1_57,U2OS-03,3,H02,s1,SPATA2,treated,U2OS,,train
11662,U2OS-03_3_H02_s1_59,U2OS-03,3,H02,s1,SPATA2,treated,U2OS,,train
11663,U2OS-03_3_H02_s1_61,U2OS-03,3,H02,s1,SPATA2,treated,U2OS,,train
11664,U2OS-03_3_H02_s1_62,U2OS-03,3,H02,s1,SPATA2,treated,U2OS,,train
11665,U2OS-03_3_H02_s1_64,U2OS-03,3,H02,s1,SPATA2,treated,U2OS,,train
11666,U2OS-03_3_H02_s1_65,U2OS-03,3,H02,s1,SPATA2,treated,U2OS,,train
11667,U2OS-03_3_H02_s1_68,U2OS-03,3,H02,s1,SPATA2,treated,U2OS,,train
11668,U2OS-03_3_H02_s1_69,U2OS-03,3,H02,s1,SPATA2,treated,U2OS,,train
11669,U2OS-03_3_H02_s1_72,U2OS-03,3,H02,s1,SPATA2,treated,U2OS,,train
11670,U2OS-03_3_H04_s1_8,U2OS-03,3,H04,s1,TIMM17A,treated,U2OS,,train
11671,U2OS-03_3_H04_s1_9,U2OS-03,3,H04,s1,TIMM17A,treated,U2OS,,train
11672,U2OS-03_3_H04_s1_11,U2OS-03,3,H04,s1,TIMM17A,treated,U2OS,,train
11673,U2OS-03_3_H04_s1_13,U2OS-03,3,H04,s1,TIMM17A,treated,U2OS,,train
11674,U2OS-03_3_H04_s1_17,U2OS-03,3,H04,s1,TIMM17A,treated,U2OS,,train
11675,U2OS-03_3_H04_s1_18,U2OS-03,3,H04,s1,TIMM17A,treated,U2OS,,train
11676,U2OS-03_3_H04_s1_19,U2OS-03,3,H04,s1,TIMM17A,treated,U2OS,,train
11677,U2OS-03_3_H04_s1_20,U2OS-03,3,H04,s1,TIMM17A,treated,U2OS,,train
11678,U2OS-03_3_H04_s1_21,U2OS-03,3,H04,s1,TIMM17A,treated,U2OS,,train
11679,U2OS-03_3_H04_s1_23,U2OS-03,3,H04,s1,TIMM17A,treated,U2OS,,train
11680,U2OS-03_3_H04_s1_24,U2OS-03,3,H04,s1,TIMM17A,treated,U2OS,,train
11681,U2OS-03_3_H04_s1_25,U2OS-03,3,H04,s1,TIMM17A,treated,U2OS,,train
11682,U2OS-03_3_H04_s1_27,U2OS-03,3,H04,s1,TIMM17A,treated,U2OS,,train
11683,U2OS-03_3_H04_s1_28,U2OS-03,3,H04,s1,TIMM17A,treated,U2OS,,train
11684,U2OS-03_3_H04_s1_32,U2OS-03,3,H04,s1,TIMM17A,treated,U2OS,,train
11685,U2OS-03_3_H04_s1_34,U2OS-03,3,H04,s1,TIMM17A,treated,U2OS,,train
11686,U2OS-03_3_H04_s1_35,U2OS-03,3,H04,s1,TIMM17A,treated,U2OS,,train
11687,U2OS-03_3_H04_s1_36,U2OS-03,3,H04,s1,TIMM17A,treated,U2OS,,train
11688,U2OS-03_3_H04_s1_38,U2OS-03,3,H04,s1,TIMM17A,treated,U2OS,,train
11689,U2OS-03_3_H04_s1_39,U2OS-03,3,H04,s1,TIMM17A,treated,U2OS,,train
11690,U2OS-03_3_H04_s1_40,U2OS-03,3,H04,s1,TIMM17A,treated,U2OS,,train
11691,U2OS-03_3_H04_s1_44,U2OS-03,3,H04,s1,TIMM17A,treated,U2OS,,train
11692,U2OS-03_3_H04_s1_45,U2OS-03,3,H04,s1,TIMM17A,treated,U2OS,,train
11693,U2OS-03_3_H04_s1_46,U2OS-03,3,H04,s1,TIMM17A,treated,U2OS,,train
11694,U2OS-03_3_H04_s1_47,U2OS-03,3,H04,s1,TIMM17A,treated,U2OS,,train
11695,U2OS-03_3_H04_s1_49,U2OS-03,3,H04,s1,TIMM17A,treated,U2OS,,train
11696,U2OS-03_3_H04_s1_50,U2OS-03,3,H04,s1,TIMM17A,treated,U2OS,,train
11697,U2OS-03_3_H04_s1_51,U2OS-03,3,H04,s1,TIMM17A,treated,U2OS,,train
11698,U2OS-03_3_H04_s1_53,U2OS-03,3,H04,s1,TIMM17A,treated,U2OS,,train
11699,U2OS-03_3_H04_s1_54,U2OS-03,3,H04,s1,TIMM17A,treated,U2OS,,train
11700,U2OS-03_3_H04_s1_57,U2OS-03,3,H04,s1,TIMM17A,treated,U2OS,,train
11701,U2OS-03_3_H04_s1_59,U2OS-03,3,H04,s1,TIMM17A,treated,U2OS,,train
11702,U2OS-03_3_H04_s2_10,U2OS-03,3,H04,s2,TIMM17A,treated,U2OS,,train
11703,U2OS-03_3_H04_s2_12,U2OS-03,3,H04,s2,TIMM17A,treated,U2OS,,train
11704,U2OS-03_3_H04_s2_13,U2OS-03,3,H04,s2,TIMM17A,treated,U2OS,,train
11705,U2OS-03_3_H04_s2_16,U2OS-03,3,H04,s2,TIMM17A,treated,U2OS,,train
11706,U2OS-03_3_H04_s2_17,U2OS-03,3,H04,s2,TIMM17A,treated,U2OS,,train
11707,U2OS-03_3_H04_s2_19,U2OS-03,3,H04,s2,TIMM17A,treated,U2OS,,train
11708,U2OS-03_3_H04_s2_21,U2OS-03,3,H04,s2,TIMM17A,treated,U2OS,,train
11709,U2OS-03_3_H04_s2_23,U2OS-03,3,H04,s2,TIMM17A,treated,U2OS,,train
11710,U2OS-03_3_H10_s1_8,U2OS-03,3,H10,s1,TTI1,treated,U2OS,,train
11711,U2OS-03_3_H10_s1_10,U2OS-03,3,H10,s1,TTI1,treated,U2OS,,train
11712,U2OS-03_3_H10_s1_11,U2OS-03,3,H10,s1,TTI1,treated,U2OS,,train
11713,U2OS-03_3_H10_s1_13,U2OS-03,3,H10,s1,TTI1,treated,U2OS,,train
11714,U2OS-03_3_H10_s1_15,U2OS-03,3,H10,s1,TTI1,treated,U2OS,,train
11715,U2OS-03_3_H10_s1_16,U2OS-03,3,H10,s1,TTI1,treated,U2OS,,train
11716,U2OS-03_3_H10_s1_18,U2OS-03,3,H10,s1,TTI1,treated,U2OS,,train
11717,U2OS-03_3_H10_s1_19,U2OS-03,3,H10,s1,TTI1,treated,U2OS,,train
11718,U2OS-03_3_H10_s1_20,U2OS-03,3,H10,s1,TTI1,treated,U2OS,,train
11719,U2OS-03_3_H10_s1_21,U2OS-03,3,H10,s1,TTI1,treated,U2OS,,train
11720,U2OS-03_3_H10_s1_22,U2OS-03,3,H10,s1,TTI1,treated,U2OS,,train
11721,U2OS-03_3_H10_s1_23,U2OS-03,3,H10,s1,TTI1,treated,U2OS,,train
11722,U2OS-03_3_H10_s1_24,U2OS-03,3,H10,s1,TTI1,treated,U2OS,,train
11723,U2OS-03_3_H10_s1_25,U2OS-03,3,H10,s1,TTI1,treated,U2OS,,train
11724,U2OS-03_3_H10_s1_29,U2OS-03,3,H10,s1,TTI1,treated,U2OS,,train
11725,U2OS-03_3_H10_s1_30,U2OS-03,3,H10,s1,TTI1,treated,U2OS,,train
11726,U2OS-03_3_H10_s1_31,U2OS-03,3,H10,s1,TTI1,treated,U2OS,,train
11727,U2OS-03_3_H10_s1_32,U2OS-03,3,H10,s1,TTI1,treated,U2OS,,train
11728,U2OS-03_3_H10_s1_33,U2OS-03,3,H10,s1,TTI1,treated,U2OS,,train
11729,U2OS-03_3_H10_s1_34,U2OS-03,3,H10,s1,TTI1,treated,U2OS,,train
11730,U2OS-03_3_H10_s1_35,U2OS-03,3,H10,s1,TTI1,treated,U2OS,,train
11731,U2OS-03_3_H10_s1_38,U2OS-03,3,H10,s1,TTI1,treated,U2OS,,train
11732,U2OS-03_3_H10_s1_39,U2OS-03,3,H10,s1,TTI1,treated,U2OS,,train
11733,U2OS-03_3_H10_s1_40,U2OS-03,3,H10,s1,TTI1,treated,U2OS,,train
11734,U2OS-03_3_H10_s1_41,U2OS-03,3,H10,s1,TTI1,treated,U2OS,,train
11735,U2OS-03_3_H10_s1_42,U2OS-03,3,H10,s1,TTI1,treated,U2OS,,train
11736,U2OS-03_3_H10_s1_43,U2OS-03,3,H10,s1,TTI1,treated,U2OS,,train
11737,U2OS-03_3_H10_s1_45,U2OS-03,3,H10,s1,TTI1,treated,U2OS,,train
11738,U2OS-03_3_H10_s1_46,U2OS-03,3,H10,s1,TTI1,treated,U2OS,,train
11739,U2OS-03_3_H10_s1_47,U2OS-03,3,H10,s1,TTI1,treated,U2OS,,train
11740,U2OS-03_3_H10_s1_49,U2OS-03,3,H10,s1,TTI1,treated,U2OS,,train
11741,U2OS-03_3_H10_s1_50,U2OS-03,3,H10,s1,TTI1,treated,U2OS,,train
11742,U2OS-03_3_H10_s1_52,U2OS-03,3,H10,s1,TTI1,treated,U2OS,,train
11743,U2OS-03_3_H10_s2_10,U2OS-03,3,H10,s2,TTI1,treated,U2OS,,train
11744,U2OS-03_3_H10_s2_11,U2OS-03,3,H10,s2,TTI1,treated,U2OS,,train
11745,U2OS-03_3_H10_s2_15,U2OS-03,3,H10,s2,TTI1,treated,U2OS,,train
11746,U2OS-03_3_H10_s2_16,U2OS-03,3,H10,s2,TTI1,treated,U2OS,,train
11747,U2OS-03_3_H10_s2_18,U2OS-03,3,H10,s2,TTI1,treated,U2OS,,train
11748,U2OS-03_3_H10_s2_19,U2OS-03,3,H10,s2,TTI1,treated,U2OS,,train
11749,U2OS-03_3_H10_s2_20,U2OS-03,3,H10,s2,TTI1,treated,U2OS,,train
11750,U2OS-03_3_K06_s1_5,U2OS-03,3,K06,s1,IST1,treated,U2OS,,train
11751,U2OS-03_3_K06_s1_7,U2OS-03,3,K06,s1,IST1,treated,U2OS,,train
11752,U2OS-03_3_K06_s1_8,U2OS-03,3,K06,s1,IST1,treated,U2OS,,train
11753,U2OS-03_3_K06_s1_10,U2OS-03,3,K06,s1,IST1,treated,U2OS,,train
11754,U2OS-03_3_K06_s1_12,U2OS-03,3,K06,s1,IST1,treated,U2OS,,train
11755,U2OS-03_3_K06_s1_13,U2OS-03,3,K06,s1,IST1,treated,U2OS,,train
11756,U2OS-03_3_K06_s1_15,U2OS-03,3,K06,s1,IST1,treated,U2OS,,train
11757,U2OS-03_3_K06_s1_16,U2OS-03,3,K06,s1,IST1,treated,U2OS,,train
11758,U2OS-03_3_K06_s1_17,U2OS-03,3,K06,s1,IST1,treated,U2OS,,train
11759,U2OS-03_3_K06_s1_18,U2OS-03,3,K06,s1,IST1,treated,U2OS,,train
11760,U2OS-03_3_K06_s1_19,U2OS-03,3,K06,s1,IST1,treated,U2OS,,train
11761,U2OS-03_3_K06_s1_21,U2OS-03,3,K06,s1,IST1,treated,U2OS,,train
11762,U2OS-03_3_K06_s1_22,U2OS-03,3,K06,s1,IST1,treated,U2OS,,train
11763,U2OS-03_3_K06_s1_23,U2OS-03,3,K06,s1,IST1,treated,U2OS,,train
11764,U2OS-03_3_K06_s1_27,U2OS-03,3,K06,s1,IST1,treated,U2OS,,train
11765,U2OS-03_3_K06_s2_6,U2OS-03,3,K06,s2,IST1,treated,U2OS,,train
11766,U2OS-03_3_K06_s2_9,U2OS-03,3,K06,s2,IST1,treated,U2OS,,train
11767,U2OS-03_3_K06_s2_10,U2OS-03,3,K06,s2,IST1,treated,U2OS,,train
11768,U2OS-03_3_K06_s2_11,U2OS-03,3,K06,s2,IST1,treated,U2OS,,train
11769,U2OS-03_3_K06_s2_14,U2OS-03,3,K06,s2,IST1,treated,U2OS,,train
11770,U2OS-03_3_K06_s2_15,U2OS-03,3,K06,s2,IST1,treated,U2OS,,train
11771,U2OS-03_3_K06_s2_16,U2OS-03,3,K06,s2,IST1,treated,U2OS,,train
11772,U2OS-03_3_K07_s1_8,U2OS-03,3,K07,s1,ITM2A,treated,U2OS,,train
11773,U2OS-03_3_K07_s1_10,U2OS-03,3,K07,s1,ITM2A,treated,U2OS,,train
11774,U2OS-03_3_K07_s1_11,U2OS-03,3,K07,s1,ITM2A,treated,U2OS,,train
11775,U2OS-03_3_K07_s1_13,U2OS-03,3,K07,s1,ITM2A,treated,U2OS,,train
11776,U2OS-03_3_K07_s1_15,U2OS-03,3,K07,s1,ITM2A,treated,U2OS,,train
11777,U2OS-03_3_K07_s1_17,U2OS-03,3,K07,s1,ITM2A,treated,U2OS,,train
11778,U2OS-03_3_K07_s1_18,U2OS-03,3,K07,s1,ITM2A,treated,U2OS,,train
11779,U2OS-03_3_K07_s1_19,U2OS-03,3,K07,s1,ITM2A,treated,U2OS,,train
11780,U2OS-03_3_K07_s1_20,U2OS-03,3,K07,s1,ITM2A,treated,U2OS,,train
11781,U2OS-03_3_K07_s1_21,U2OS-03,3,K07,s1,ITM2A,treated,U2OS,,train
11782,U2OS-03_3_K07_s1_22,U2OS-03,3,K07,s1,ITM2A,treated,U2OS,,train
11783,U2OS-03_3_K07_s1_24,U2OS-03,3,K07,s1,ITM2A,treated,U2OS,,train
11784,U2OS-03_3_K07_s1_25,U2OS-03,3,K07,s1,ITM2A,treated,U2OS,,train
11785,U2OS-03_3_K07_s1_26,U2OS-03,3,K07,s1,ITM2A,treated,U2OS,,train
11786,U2OS-03_3_K07_s1_31,U2OS-03,3,K07,s1,ITM2A,treated,U2OS,,train
11787,U2OS-03_3_K07_s1_32,U2OS-03,3,K07,s1,ITM2A,treated,U2OS,,train
11788,U2OS-03_3_K07_s1_33,U2OS-03,3,K07,s1,ITM2A,treated,U2OS,,train
11789,U2OS-03_3_K07_s1_34,U2OS-03,3,K07,s1,ITM2A,treated,U2OS,,train
11790,U2OS-03_3_K07_s1_35,U2OS-03,3,K07,s1,ITM2A,treated,U2OS,,train
11791,U2OS-03_3_K07_s1_36,U2OS-03,3,K07,s1,ITM2A,treated,U2OS,,train
11792,U2OS-03_3_K07_s1_37,U2OS-03,3,K07,s1,ITM2A,treated,U2OS,,train
11793,U2OS-03_3_K07_s1_39,U2OS-03,3,K07,s1,ITM2A,treated,U2OS,,train
11794,U2OS-03_3_K07_s1_40,U2OS-03,3,K07,s1,ITM2A,treated,U2OS,,train
11795,U2OS-03_3_K07_s1_41,U2OS-03,3,K07,s1,ITM2A,treated,U2OS,,train
11796,U2OS-03_3_K07_s1_43,U2OS-03,3,K07,s1,ITM2A,treated,U2OS,,train
11797,U2OS-03_3_K07_s1_44,U2OS-03,3,K07,s1,ITM2A,treated,U2OS,,train
11798,U2OS-03_3_K07_s1_45,U2OS-03,3,K07,s1,ITM2A,treated,U2OS,,train
11799,U2OS-03_3_K07_s1_46,U2OS-03,3,K07,s1,ITM2A,treated,U2OS,,train
11800,U2OS-03_3_K07_s1_47,U2OS-03,3,K07,s1,ITM2A,treated,U2OS,,train
11801,U2OS-03_3_K07_s1_48,U2OS-03,3,K07,s1,ITM2A,treated,U2OS,,train
11802,U2OS-03_3_K07_s1_50,U2OS-03,3,K07,s1,ITM2A,treated,U2OS,,train
11803,U2OS-03_3_K07_s1_51,U2OS-03,3,K07,s1,ITM2A,treated,U2OS,,train
11804,U2OS-03_3_K07_s1_53,U2OS-03,3,K07,s1,ITM2A,treated,U2OS,,train
11805,U2OS-03_3_K07_s1_55,U2OS-03,3,K07,s1,ITM2A,treated,U2OS,,train
11806,U2OS-03_3_K07_s1_56,U2OS-03,3,K07,s1,ITM2A,treated,U2OS,,train
11807,U2OS-03_3_K07_s2_6,U2OS-03,3,K07,s2,ITM2A,treated,U2OS,,train
11808,U2OS-03_3_K07_s2_7,U2OS-03,3,K07,s2,ITM2A,treated,U2OS,,train
11809,U2OS-03_3_K07_s2_9,U2OS-03,3,K07,s2,ITM2A,treated,U2OS,,train
11810,U2OS-03_3_K07_s2_10,U2OS-03,3,K07,s2,ITM2A,treated,U2OS,,train
11811,U2OS-03_3_K07_s2_11,U2OS-03,3,K07,s2,ITM2A,treated,U2OS,,train
11812,U2OS-03_3_M10_s1_9,U2OS-03,3,M10,s1,VGLL4,treated,U2OS,,train
11813,U2OS-03_3_M10_s1_15,U2OS-03,3,M10,s1,VGLL4,treated,U2OS,,train
11814,U2OS-03_3_M10_s1_17,U2OS-03,3,M10,s1,VGLL4,treated,U2OS,,train
11815,U2OS-03_3_M10_s1_21,U2OS-03,3,M10,s1,VGLL4,treated,U2OS,,train
11816,U2OS-03_3_M10_s1_23,U2OS-03,3,M10,s1,VGLL4,treated,U2OS,,train
11817,U2OS-03_3_M10_s1_25,U2OS-03,3,M10,s1,VGLL4,treated,U2OS,,train
11818,U2OS-03_3_M10_s1_26,U2OS-03,3,M10,s1,VGLL4,treated,U2OS,,train
11819,U2OS-03_3_M10_s1_28,U2OS-03,3,M10,s1,VGLL4,treated,U2OS,,train
11820,U2OS-03_3_M10_s1_29,U2OS-03,3,M10,s1,VGLL4,treated,U2OS,,train
11821,U2OS-03_3_M10_s1_30,U2OS-03,3,M10,s1,VGLL4,treated,U2OS,,train
11822,U2OS-03_3_M10_s1_31,U2OS-03,3,M10,s1,VGLL4,treated,U2OS,,train
11823,U2OS-03_3_M10_s1_32,U2OS-03,3,M10,s1,VGLL4,treated,U2OS,,train
11824,U2OS-03_3_M10_s1_33,U2OS-03,3,M10,s1,VGLL4,treated,U2OS,,train
11825,U2OS-03_3_M10_s1_34,U2OS-03,3,M10,s1,VGLL4,treated,U2OS,,train
11826,U2OS-03_3_M10_s1_39,U2OS-03,3,M10,s1,VGLL4,treated,U2OS,,train
11827,U2OS-03_3_M10_s1_40,U2OS-03,3,M10,s1,VGLL4,treated,U2OS,,train
11828,U2OS-03_3_M10_s1_41,U2OS-03,3,M10,s1,VGLL4,treated,U2OS,,train
11829,U2OS-03_3_M10_s1_43,U2OS-03,3,M10,s1,VGLL4,treated,U2OS,,train
11830,U2OS-03_3_M10_s1_44,U2OS-03,3,M10,s1,VGLL4,treated,U2OS,,train
11831,U2OS-03_3_M10_s1_45,U2OS-03,3,M10,s1,VGLL4,treated,U2OS,,train
11832,U2OS-03_3_M10_s1_46,U2OS-03,3,M10,s1,VGLL4,treated,U2OS,,train
11833,U2OS-03_3_M10_s1_50,U2OS-03,3,M10,s1,VGLL4,treated,U2OS,,train
11834,U2OS-03_3_M10_s1_51,U2OS-03,3,M10,s1,VGLL4,treated,U2OS,,train
11835,U2OS-03_3_M10_s1_53,U2OS-03,3,M10,s1,VGLL4,treated,U2OS,,train
11836,U2OS-03_3_M10_s1_54,U2OS-03,3,M10,s1,VGLL4,treated,U2OS,,train
11837,U2OS-03_3_M10_s1_55,U2OS-03,3,M10,s1,VGLL4,treated,U2OS,,train
11838,U2OS-03_3_M10_s1_56,U2OS-03,3,M10,s1,VGLL4,treated,U2OS,,train
11839,U2OS-03_3_M10_s1_59,U2OS-03,3,M10,s1,VGLL4,treated,U2OS,,train
11840,U2OS-03_3_M10_s1_60,U2OS-03,3,M10,s1,VGLL4,treated,U2OS,,train
11841,U2OS-03_3_M10_s1_62,U2OS-03,3,M10,s1,VGLL4,treated,U2OS,,train
11842,U2OS-03_3_M10_s1_64,U2OS-03,3,M10,s1,VGLL4,treated,U2OS,,train
11843,U2OS-03_3_M10_s1_66,U2OS-03,3,M10,s1,VGLL4,treated,U2OS,,train
11844,U2OS-03_3_M10_s1_68,U2OS-03,3,M10,s1,VGLL4,treated,U2OS,,train
11845,U2OS-03_3_M10_s1_69,U2OS-03,3,M10,s1,VGLL4,treated,U2OS,,train
11846,U2OS-03_3_M10_s1_71,U2OS-03,3,M10,s1,VGLL4,treated,U2OS,,train
11847,U2OS-03_3_M10_s1_75,U2OS-03,3,M10,s1,VGLL4,treated,U2OS,,train
11848,U2OS-03_3_M10_s1_76,U2OS-03,3,M10,s1,VGLL4,treated,U2OS,,train
11849,U2OS-03_3_M10_s1_78,U2OS-03,3,M10,s1,VGLL4,treated,U2OS,,train
11850,U2OS-03_3_M10_s1_79,U2OS-03,3,M10,s1,VGLL4,treated,U2OS,,train
11851,U2OS-03_3_M10_s1_80,U2OS-03,3,M10,s1,VGLL4,treated,U2OS,,train
11852,U2OS-03_3_M13_s1_15,U2OS-03,3,M13,s1,DOCK4,treated,U2OS,,train
11853,U2OS-03_3_M13_s1_16,U2OS-03,3,M13,s1,DOCK4,treated,U2OS,,train
11854,U2OS-03_3_M13_s1_17,U2OS-03,3,M13,s1,DOCK4,treated,U2OS,,train
11855,U2OS-03_3_M13_s1_19,U2OS-03,3,M13,s1,DOCK4,treated,U2OS,,train
11856,U2OS-03_3_M13_s1_21,U2OS-03,3,M13,s1,DOCK4,treated,U2OS,,train
11857,U2OS-03_3_M13_s1_22,U2OS-03,3,M13,s1,DOCK4,treated,U2OS,,train
11858,U2OS-03_3_M13_s1_23,U2OS-03,3,M13,s1,DOCK4,treated,U2OS,,train
11859,U2OS-03_3_M13_s1_24,U2OS-03,3,M13,s1,DOCK4,treated,U2OS,,train
11860,U2OS-03_3_M13_s1_25,U2OS-03,3,M13,s1,DOCK4,treated,U2OS,,train
11861,U2OS-03_3_M13_s1_27,U2OS-03,3,M13,s1,DOCK4,treated,U2OS,,train
11862,U2OS-03_3_M13_s1_28,U2OS-03,3,M13,s1,DOCK4,treated,U2OS,,train
11863,U2OS-03_3_M13_s1_29,U2OS-03,3,M13,s1,DOCK4,treated,U2OS,,train
11864,U2OS-03_3_M13_s1_31,U2OS-03,3,M13,s1,DOCK4,treated,U2OS,,train
11865,U2OS-03_3_M13_s1_33,U2OS-03,3,M13,s1,DOCK4,treated,U2OS,,train
11866,U2OS-03_3_M13_s1_39,U2OS-03,3,M13,s1,DOCK4,treated,U2OS,,train
11867,U2OS-03_3_M13_s1_41,U2OS-03,3,M13,s1,DOCK4,treated,U2OS,,train
11868,U2OS-03_3_M13_s1_42,U2OS-03,3,M13,s1,DOCK4,treated,U2OS,,train
11869,U2OS-03_3_M13_s1_43,U2OS-03,3,M13,s1,DOCK4,treated,U2OS,,train
11870,U2OS-03_3_M13_s1_44,U2OS-03,3,M13,s1,DOCK4,treated,U2OS,,train
11871,U2OS-03_3_M13_s1_45,U2OS-03,3,M13,s1,DOCK4,treated,U2OS,,train
11872,U2OS-03_3_M13_s1_46,U2OS-03,3,M13,s1,DOCK4,treated,U2OS,,train
11873,U2OS-03_3_M13_s1_52,U2OS-03,3,M13,s1,DOCK4,treated,U2OS,,train
11874,U2OS-03_3_M13_s1_53,U2OS-03,3,M13,s1,DOCK4,treated,U2OS,,train
11875,U2OS-03_3_M13_s1_54,U2OS-03,3,M13,s1,DOCK4,treated,U2OS,,train
11876,U2OS-03_3_M13_s1_55,U2OS-03,3,M13,s1,DOCK4,treated,U2OS,,train
11877,U2OS-03_3_M13_s1_56,U2OS-03,3,M13,s1,DOCK4,treated,U2OS,,train
11878,U2OS-03_3_M13_s1_57,U2OS-03,3,M13,s1,DOCK4,treated,U2OS,,train
11879,U2OS-03_3_M13_s1_59,U2OS-03,3,M13,s1,DOCK4,treated,U2OS,,train
11880,U2OS-03_3_M13_s1_61,U2OS-03,3,M13,s1,DOCK4,treated,U2OS,,train
11881,U2OS-03_3_M13_s1_64,U2OS-03,3,M13,s1,DOCK4,treated,U2OS,,train
11882,U2OS-03_3_M13_s1_66,U2OS-03,3,M13,s1,DOCK4,treated,U2OS,,train
11883,U2OS-03_3_M13_s1_68,U2OS-03,3,M13,s1,DOCK4,treated,U2OS,,train
11884,U2OS-03_3_M13_s1_70,U2OS-03,3,M13,s1,DOCK4,treated,U2OS,,train
11885,U2OS-03_3_M13_s1_71,U2OS-03,3,M13,s1,DOCK4,treated,U2OS,,train
11886,U2OS-03_3_M13_s1_75,U2OS-03,3,M13,s1,DOCK4,treated,U2OS,,train
11887,U2OS-03_3_M13_s1_78,U2OS-03,3,M13,s1,DOCK4,treated,U2OS,,train
11888,U2OS-03_3_M13_s1_79,U2OS-03,3,M13,s1,DOCK4,treated,U2OS,,train
11889,U2OS-03_3_M13_s1_81,U2OS-03,3,M13,s1,DOCK4,treated,U2OS,,train
11890,U2OS-03_3_M13_s1_82,U2OS-03,3,M13,s1,DOCK4,treated,U2OS,,train
11891,U2OS-03_3_M13_s1_83,U2OS-03,3,M13,s1,DOCK4,treated,U2OS,,train
11892,U2OS-03_3_M17_s1_20,U2OS-03,3,M17,s1,STAG1,treated,U2OS,,train
11893,U2OS-03_3_M17_s1_21,U2OS-03,3,M17,s1,STAG1,treated,U2OS,,train
11894,U2OS-03_3_M17_s1_22,U2OS-03,3,M17,s1,STAG1,treated,U2OS,,train
11895,U2OS-03_3_M17_s1_25,U2OS-03,3,M17,s1,STAG1,treated,U2OS,,train
11896,U2OS-03_3_M17_s1_27,U2OS-03,3,M17,s1,STAG1,treated,U2OS,,train
11897,U2OS-03_3_M17_s1_28,U2OS-03,3,M17,s1,STAG1,treated,U2OS,,train
11898,U2OS-03_3_M17_s1_29,U2OS-03,3,M17,s1,STAG1,treated,U2OS,,train
11899,U2OS-03_3_M17_s1_30,U2OS-03,3,M17,s1,STAG1,treated,U2OS,,train
11900,U2OS-03_3_M17_s1_31,U2OS-03,3,M17,s1,STAG1,treated,U2OS,,train
11901,U2OS-03_3_M17_s1_32,U2OS-03,3,M17,s1,STAG1,treated,U2OS,,train
11902,U2OS-03_3_M17_s1_33,U2OS-03,3,M17,s1,STAG1,treated,U2OS,,train
11903,U2OS-03_3_M17_s1_34,U2OS-03,3,M17,s1,STAG1,treated,U2OS,,train
11904,U2OS-03_3_M17_s1_35,U2OS-03,3,M17,s1,STAG1,treated,U2OS,,train
11905,U2OS-03_3_M17_s1_36,U2OS-03,3,M17,s1,STAG1,treated,U2OS,,train
11906,U2OS-03_3_M17_s1_41,U2OS-03,3,M17,s1,STAG1,treated,U2OS,,train
11907,U2OS-03_3_M17_s1_42,U2OS-03,3,M17,s1,STAG1,treated,U2OS,,train
11908,U2OS-03_3_M17_s1_43,U2OS-03,3,M17,s1,STAG1,treated,U2OS,,train
11909,U2OS-03_3_M17_s1_44,U2OS-03,3,M17,s1,STAG1,treated,U2OS,,train
11910,U2OS-03_3_M17_s1_45,U2OS-03,3,M17,s1,STAG1,treated,U2OS,,train
11911,U2OS-03_3_M17_s1_46,U2OS-03,3,M17,s1,STAG1,treated,U2OS,,train
11912,U2OS-03_3_M17_s1_48,U2OS-03,3,M17,s1,STAG1,treated,U2OS,,train
11913,U2OS-03_3_M17_s1_52,U2OS-03,3,M17,s1,STAG1,treated,U2OS,,train
11914,U2OS-03_3_M17_s1_54,U2OS-03,3,M17,s1,STAG1,treated,U2OS,,train
11915,U2OS-03_3_M17_s1_55,U2OS-03,3,M17,s1,STAG1,treated,U2OS,,train
11916,U2OS-03_3_M17_s1_56,U2OS-03,3,M17,s1,STAG1,treated,U2OS,,train
11917,U2OS-03_3_M17_s1_57,U2OS-03,3,M17,s1,STAG1,treated,U2OS,,train
11918,U2OS-03_3_M17_s1_58,U2OS-03,3,M17,s1,STAG1,treated,U2OS,,train
11919,U2OS-03_3_M17_s1_59,U2OS-03,3,M17,s1,STAG1,treated,U2OS,,train
11920,U2OS-03_3_M17_s1_62,U2OS-03,3,M17,s1,STAG1,treated,U2OS,,train
11921,U2OS-03_3_M17_s1_64,U2OS-03,3,M17,s1,STAG1,treated,U2OS,,train
11922,U2OS-03_3_M17_s1_66,U2OS-03,3,M17,s1,STAG1,treated,U2OS,,train
11923,U2OS-03_3_M17_s1_67,U2OS-03,3,M17,s1,STAG1,treated,U2OS,,train
11924,U2OS-03_3_M17_s1_69,U2OS-03,3,M17,s1,STAG1,treated,U2OS,,train
11925,U2OS-03_3_M17_s1_70,U2OS-03,3,M17,s1,STAG1,treated,U2OS,,train
11926,U2OS-03_3_M17_s1_71,U2OS-03,3,M17,s1,STAG1,treated,U2OS,,train
11927,U2OS-03_3_M17_s1_74,U2OS-03,3,M17,s1,STAG1,treated,U2OS,,train
11928,U2OS-03_3_M17_s1_76,U2OS-03,3,M17,s1,STAG1,treated,U2OS,,train
11929,U2OS-03_3_M17_s1_78,U2OS-03,3,M17,s1,STAG1,treated,U2OS,,train
11930,U2OS-03_3_M17_s1_79,U2OS-03,3,M17,s1,STAG1,treated,U2OS,,train
11931,U2OS-03_3_M17_s1_80,U2OS-03,3,M17,s1,STAG1,treated,U2OS,,train
11932,U2OS-03_3_M23_s1_6,U2OS-03,3,M23,s1,NSA2,treated,U2OS,,train
11933,U2OS-03_3_M23_s1_8,U2OS-03,3,M23,s1,NSA2,treated,U2OS,,train
11934,U2OS-03_3_M23_s1_9,U2OS-03,3,M23,s1,NSA2,treated,U2OS,,train
11935,U2OS-03_3_M23_s1_11,U2OS-03,3,M23,s1,NSA2,treated,U2OS,,train
11936,U2OS-03_3_M23_s1_14,U2OS-03,3,M23,s1,NSA2,treated,U2OS,,train
11937,U2OS-03_3_M23_s1_17,U2OS-03,3,M23,s1,NSA2,treated,U2OS,,train
11938,U2OS-03_3_M23_s2_0,U2OS-03,3,M23,s2,NSA2,treated,U2OS,,train
11939,U2OS-03_3_M23_s2_2,U2OS-03,3,M23,s2,NSA2,treated,U2OS,,train
11940,U2OS-03_3_M23_s2_3,U2OS-03,3,M23,s2,NSA2,treated,U2OS,,train
11941,U2OS-03_3_M23_s2_4,U2OS-03,3,M23,s2,NSA2,treated,U2OS,,train
11942,U2OS-03_3_M23_s2_6,U2OS-03,3,M23,s2,NSA2,treated,U2OS,,train
11943,U2OS-03_3_M23_s2_7,U2OS-03,3,M23,s2,NSA2,treated,U2OS,,train
11944,U2OS-03_3_M23_s2_8,U2OS-03,3,M23,s2,NSA2,treated,U2OS,,train
11945,U2OS-03_3_N02_s1_2,U2OS-03,3,N02,s1,CHAF1A,treated,U2OS,,train
11946,U2OS-03_3_N02_s1_3,U2OS-03,3,N02,s1,CHAF1A,treated,U2OS,,train
11947,U2OS-03_3_N02_s1_5,U2OS-03,3,N02,s1,CHAF1A,treated,U2OS,,train
11948,U2OS-03_3_N02_s1_7,U2OS-03,3,N02,s1,CHAF1A,treated,U2OS,,train
11949,U2OS-03_3_N02_s1_10,U2OS-03,3,N02,s1,CHAF1A,treated,U2OS,,train
11950,U2OS-03_3_N02_s1_11,U2OS-03,3,N02,s1,CHAF1A,treated,U2OS,,train
11951,U2OS-03_3_N02_s1_12,U2OS-03,3,N02,s1,CHAF1A,treated,U2OS,,train
11952,U2OS-03_3_N02_s1_13,U2OS-03,3,N02,s1,CHAF1A,treated,U2OS,,train
11953,U2OS-03_3_N02_s1_15,U2OS-03,3,N02,s1,CHAF1A,treated,U2OS,,train
11954,U2OS-03_3_N02_s1_17,U2OS-03,3,N02,s1,CHAF1A,treated,U2OS,,train
11955,U2OS-03_3_N02_s1_18,U2OS-03,3,N02,s1,CHAF1A,treated,U2OS,,train
11956,U2OS-03_3_N02_s1_19,U2OS-03,3,N02,s1,CHAF1A,treated,U2OS,,train
11957,U2OS-03_3_N02_s1_20,U2OS-03,3,N02,s1,CHAF1A,treated,U2OS,,train
11958,U2OS-03_3_N02_s1_21,U2OS-03,3,N02,s1,CHAF1A,treated,U2OS,,train
11959,U2OS-03_3_N02_s1_25,U2OS-03,3,N02,s1,CHAF1A,treated,U2OS,,train
11960,U2OS-03_3_N02_s1_26,U2OS-03,3,N02,s1,CHAF1A,treated,U2OS,,train
11961,U2OS-03_3_N02_s1_27,U2OS-03,3,N02,s1,CHAF1A,treated,U2OS,,train
11962,U2OS-03_3_N02_s1_28,U2OS-03,3,N02,s1,CHAF1A,treated,U2OS,,train
11963,U2OS-03_3_N02_s1_29,U2OS-03,3,N02,s1,CHAF1A,treated,U2OS,,train
11964,U2OS-03_3_N02_s1_30,U2OS-03,3,N02,s1,CHAF1A,treated,U2OS,,train
11965,U2OS-03_3_N02_s1_31,U2OS-03,3,N02,s1,CHAF1A,treated,U2OS,,train
11966,U2OS-03_3_N02_s1_33,U2OS-03,3,N02,s1,CHAF1A,treated,U2OS,,train
11967,U2OS-03_3_N02_s1_34,U2OS-03,3,N02,s1,CHAF1A,treated,U2OS,,train
11968,U2OS-03_3_N02_s1_35,U2OS-03,3,N02,s1,CHAF1A,treated,U2OS,,train
11969,U2OS-03_3_N02_s1_36,U2OS-03,3,N02,s1,CHAF1A,treated,U2OS,,train
11970,U2OS-03_3_N02_s1_37,U2OS-03,3,N02,s1,CHAF1A,treated,U2OS,,train
11971,U2OS-03_3_N02_s1_38,U2OS-03,3,N02,s1,CHAF1A,treated,U2OS,,train
11972,U2OS-03_3_N02_s1_39,U2OS-03,3,N02,s1,CHAF1A,treated,U2OS,,train
11973,U2OS-03_3_N02_s1_41,U2OS-03,3,N02,s1,CHAF1A,treated,U2OS,,train
11974,U2OS-03_3_N02_s1_43,U2OS-03,3,N02,s1,CHAF1A,treated,U2OS,,train
11975,U2OS-03_3_N02_s2_5,U2OS-03,3,N02,s2,CHAF1A,treated,U2OS,,train
11976,U2OS-03_3_N02_s2_6,U2OS-03,3,N02,s2,CHAF1A,treated,U2OS,,train
11977,U2OS-03_3_N02_s2_8,U2OS-03,3,N02,s2,CHAF1A,treated,U2OS,,train
11978,U2OS-03_3_N02_s2_9,U2OS-03,3,N02,s2,CHAF1A,treated,U2OS,,train
11979,U2OS-03_3_N02_s2_10,U2OS-03,3,N02,s2,CHAF1A,treated,U2OS,,train
11980,U2OS-03_3_N02_s2_13,U2OS-03,3,N02,s2,CHAF1A,treated,U2OS,,train
11981,U2OS-03_3_N02_s2_14,U2OS-03,3,N02,s2,CHAF1A,treated,U2OS,,train
11982,U2OS-03_3_N02_s2_16,U2OS-03,3,N02,s2,CHAF1A,treated,U2OS,,train
11983,U2OS-03_3_N02_s2_17,U2OS-03,3,N02,s2,CHAF1A,treated,U2OS,,train
11984,U2OS-03_3_N02_s2_18,U2OS-03,3,N02,s2,CHAF1A,treated,U2OS,,train
11985,U2OS-03_3_N03_s1_13,U2OS-03,3,N03,s1,CLEC10A,treated,U2OS,,train
11986,U2OS-03_3_N03_s1_14,U2OS-03,3,N03,s1,CLEC10A,treated,U2OS,,train
11987,U2OS-03_3_N03_s1_15,U2OS-03,3,N03,s1,CLEC10A,treated,U2OS,,train
11988,U2OS-03_3_N03_s1_19,U2OS-03,3,N03,s1,CLEC10A,treated,U2OS,,train
11989,U2OS-03_3_N03_s1_21,U2OS-03,3,N03,s1,CLEC10A,treated,U2OS,,train
11990,U2OS-03_3_N03_s1_22,U2OS-03,3,N03,s1,CLEC10A,treated,U2OS,,train
11991,U2OS-03_3_N03_s1_23,U2OS-03,3,N03,s1,CLEC10A,treated,U2OS,,train
11992,U2OS-03_3_N03_s1_25,U2OS-03,3,N03,s1,CLEC10A,treated,U2OS,,train
11993,U2OS-03_3_N03_s1_26,U2OS-03,3,N03,s1,CLEC10A,treated,U2OS,,train
11994,U2OS-03_3_N03_s1_28,U2OS-03,3,N03,s1,CLEC10A,treated,U2OS,,train
11995,U2OS-03_3_N03_s1_29,U2OS-03,3,N03,s1,CLEC10A,treated,U2OS,,train
11996,U2OS-03_3_N03_s1_30,U2OS-03,3,N03,s1,CLEC10A,treated,U2OS,,train
11997,U2OS-03_3_N03_s1_32,U2OS-03,3,N03,s1,CLEC10A,treated,U2OS,,train
11998,U2OS-03_3_N03_s1_33,U2OS-03,3,N03,s1,CLEC10A,treated,U2OS,,train
11999,U2OS-03_3_N03_s1_38,U2OS-03,3,N03,s1,CLEC10A,treated,U2OS,,train
12000,U2OS-03_3_N03_s1_40,U2OS-03,3,N03,s1,CLEC10A,treated,U2OS,,train
12001,U2OS-03_3_N03_s1_41,U2OS-03,3,N03,s1,CLEC10A,treated,U2OS,,train
12002,U2OS-03_3_N03_s1_42,U2OS-03,3,N03,s1,CLEC10A,treated,U2OS,,train
12003,U2OS-03_3_N03_s1_44,U2OS-03,3,N03,s1,CLEC10A,treated,U2OS,,train
12004,U2OS-03_3_N03_s1_46,U2OS-03,3,N03,s1,CLEC10A,treated,U2OS,,train
12005,U2OS-03_3_N03_s1_47,U2OS-03,3,N03,s1,CLEC10A,treated,U2OS,,train
12006,U2OS-03_3_N03_s1_49,U2OS-03,3,N03,s1,CLEC10A,treated,U2OS,,train
12007,U2OS-03_3_N03_s1_50,U2OS-03,3,N03,s1,CLEC10A,treated,U2OS,,train
12008,U2OS-03_3_N03_s1_51,U2OS-03,3,N03,s1,CLEC10A,treated,U2OS,,train
12009,U2OS-03_3_N03_s1_54,U2OS-03,3,N03,s1,CLEC10A,treated,U2OS,,train
12010,U2OS-03_3_N03_s1_55,U2OS-03,3,N03,s1,CLEC10A,treated,U2OS,,train
12011,U2OS-03_3_N03_s1_56,U2OS-03,3,N03,s1,CLEC10A,treated,U2OS,,train
12012,U2OS-03_3_N03_s1_58,U2OS-03,3,N03,s1,CLEC10A,treated,U2OS,,train
12013,U2OS-03_3_N03_s1_59,U2OS-03,3,N03,s1,CLEC10A,treated,U2OS,,train
12014,U2OS-03_3_N03_s1_60,U2OS-03,3,N03,s1,CLEC10A,treated,U2OS,,train
12015,U2OS-03_3_N03_s1_63,U2OS-03,3,N03,s1,CLEC10A,treated,U2OS,,train
12016,U2OS-03_3_N03_s1_64,U2OS-03,3,N03,s1,CLEC10A,treated,U2OS,,train
12017,U2OS-03_3_N03_s1_66,U2OS-03,3,N03,s1,CLEC10A,treated,U2OS,,train
12018,U2OS-03_3_N03_s1_67,U2OS-03,3,N03,s1,CLEC10A,treated,U2OS,,train
12019,U2OS-03_3_N03_s1_68,U2OS-03,3,N03,s1,CLEC10A,treated,U2OS,,train
12020,U2OS-03_3_N03_s1_71,U2OS-03,3,N03,s1,CLEC10A,treated,U2OS,,train
12021,U2OS-03_3_N03_s1_72,U2OS-03,3,N03,s1,CLEC10A,treated,U2OS,,train
12022,U2OS-03_3_N03_s1_77,U2OS-03,3,N03,s1,CLEC10A,treated,U2OS,,train
12023,U2OS-03_3_N03_s1_78,U2OS-03,3,N03,s1,CLEC10A,treated,U2OS,,train
12024,U2OS-03_3_N03_s1_79,U2OS-03,3,N03,s1,CLEC10A,treated,U2OS,,train
12025,U2OS-03_3_N10_s1_16,U2OS-03,3,N10,s1,REC8,treated,U2OS,,train
12026,U2OS-03_3_N10_s1_17,U2OS-03,3,N10,s1,REC8,treated,U2OS,,train
12027,U2OS-03_3_N10_s1_18,U2OS-03,3,N10,s1,REC8,treated,U2OS,,train
12028,U2OS-03_3_N10_s1_21,U2OS-03,3,N10,s1,REC8,treated,U2OS,,train
12029,U2OS-03_3_N10_s1_23,U2OS-03,3,N10,s1,REC8,treated,U2OS,,train
12030,U2OS-03_3_N10_s1_24,U2OS-03,3,N10,s1,REC8,treated,U2OS,,train
12031,U2OS-03_3_N10_s1_25,U2OS-03,3,N10,s1,REC8,treated,U2OS,,train
12032,U2OS-03_3_N10_s1_27,U2OS-03,3,N10,s1,REC8,treated,U2OS,,train
12033,U2OS-03_3_N10_s1_28,U2OS-03,3,N10,s1,REC8,treated,U2OS,,train
12034,U2OS-03_3_N10_s1_29,U2OS-03,3,N10,s1,REC8,treated,U2OS,,train
12035,U2OS-03_3_N10_s1_30,U2OS-03,3,N10,s1,REC8,treated,U2OS,,train
12036,U2OS-03_3_N10_s1_31,U2OS-03,3,N10,s1,REC8,treated,U2OS,,train
12037,U2OS-03_3_N10_s1_33,U2OS-03,3,N10,s1,REC8,treated,U2OS,,train
12038,U2OS-03_3_N10_s1_34,U2OS-03,3,N10,s1,REC8,treated,U2OS,,train
12039,U2OS-03_3_N10_s1_43,U2OS-03,3,N10,s1,REC8,treated,U2OS,,train
12040,U2OS-03_3_N10_s1_44,U2OS-03,3,N10,s1,REC8,treated,U2OS,,train
12041,U2OS-03_3_N10_s1_45,U2OS-03,3,N10,s1,REC8,treated,U2OS,,train
12042,U2OS-03_3_N10_s1_46,U2OS-03,3,N10,s1,REC8,treated,U2OS,,train
12043,U2OS-03_3_N10_s1_47,U2OS-03,3,N10,s1,REC8,treated,U2OS,,train
12044,U2OS-03_3_N10_s1_48,U2OS-03,3,N10,s1,REC8,treated,U2OS,,train
12045,U2OS-03_3_N10_s1_49,U2OS-03,3,N10,s1,REC8,treated,U2OS,,train
12046,U2OS-03_3_N10_s1_51,U2OS-03,3,N10,s1,REC8,treated,U2OS,,train
12047,U2OS-03_3_N10_s1_55,U2OS-03,3,N10,s1,REC8,treated,U2OS,,train
12048,U2OS-03_3_N10_s1_56,U2OS-03,3,N10,s1,REC8,treated,U2OS,,train
12049,U2OS-03_3_N10_s1_57,U2OS-03,3,N10,s1,REC8,treated,U2OS,,train
12050,U2OS-03_3_N10_s1_58,U2OS-03,3,N10,s1,REC8,treated,U2OS,,train
12051,U2OS-03_3_N10_s1_59,U2OS-03,3,N10,s1,REC8,treated,U2OS,,train
12052,U2OS-03_3_N10_s1_61,U2OS-03,3,N10,s1,REC8,treated,U2OS,,train
12053,U2OS-03_3_N10_s1_64,U2OS-03,3,N10,s1,REC8,treated,U2OS,,train
12054,U2OS-03_3_N10_s1_65,U2OS-03,3,N10,s1,REC8,treated,U2OS,,train
12055,U2OS-03_3_N10_s1_68,U2OS-03,3,N10,s1,REC8,treated,U2OS,,train
12056,U2OS-03_3_N10_s1_69,U2OS-03,3,N10,s1,REC8,treated,U2OS,,train
12057,U2OS-03_3_N10_s1_72,U2OS-03,3,N10,s1,REC8,treated,U2OS,,train
12058,U2OS-03_3_N10_s1_73,U2OS-03,3,N10,s1,REC8,treated,U2OS,,train
12059,U2OS-03_3_N10_s1_74,U2OS-03,3,N10,s1,REC8,treated,U2OS,,train
12060,U2OS-03_3_N10_s1_77,U2OS-03,3,N10,s1,REC8,treated,U2OS,,train
12061,U2OS-03_3_N10_s1_78,U2OS-03,3,N10,s1,REC8,treated,U2OS,,train
12062,U2OS-03_3_N10_s1_80,U2OS-03,3,N10,s1,REC8,treated,U2OS,,train
12063,U2OS-03_3_N10_s1_81,U2OS-03,3,N10,s1,REC8,treated,U2OS,,train
12064,U2OS-03_3_N10_s1_82,U2OS-03,3,N10,s1,REC8,treated,U2OS,,train
12065,U2OS-03_3_N13_s1_18,U2OS-03,3,N13,s1,EI24,treated,U2OS,,train
12066,U2OS-03_3_N13_s1_20,U2OS-03,3,N13,s1,EI24,treated,U2OS,,train
12067,U2OS-03_3_N13_s1_23,U2OS-03,3,N13,s1,EI24,treated,U2OS,,train
12068,U2OS-03_3_N13_s1_25,U2OS-03,3,N13,s1,EI24,treated,U2OS,,train
12069,U2OS-03_3_N13_s1_28,U2OS-03,3,N13,s1,EI24,treated,U2OS,,train
12070,U2OS-03_3_N13_s1_29,U2OS-03,3,N13,s1,EI24,treated,U2OS,,train
12071,U2OS-03_3_N13_s1_30,U2OS-03,3,N13,s1,EI24,treated,U2OS,,train
12072,U2OS-03_3_N13_s1_32,U2OS-03,3,N13,s1,EI24,treated,U2OS,,train
12073,U2OS-03_3_N13_s1_33,U2OS-03,3,N13,s1,EI24,treated,U2OS,,train
12074,U2OS-03_3_N13_s1_36,U2OS-03,3,N13,s1,EI24,treated,U2OS,,train
12075,U2OS-03_3_N13_s1_37,U2OS-03,3,N13,s1,EI24,treated,U2OS,,train
12076,U2OS-03_3_N13_s1_38,U2OS-03,3,N13,s1,EI24,treated,U2OS,,train
12077,U2OS-03_3_N13_s1_39,U2OS-03,3,N13,s1,EI24,treated,U2OS,,train
12078,U2OS-03_3_N13_s1_41,U2OS-03,3,N13,s1,EI24,treated,U2OS,,train
12079,U2OS-03_3_N13_s1_48,U2OS-03,3,N13,s1,EI24,treated,U2OS,,train
12080,U2OS-03_3_N13_s1_49,U2OS-03,3,N13,s1,EI24,treated,U2OS,,train
12081,U2OS-03_3_N13_s1_51,U2OS-03,3,N13,s1,EI24,treated,U2OS,,train
12082,U2OS-03_3_N13_s1_52,U2OS-03,3,N13,s1,EI24,treated,U2OS,,train
12083,U2OS-03_3_N13_s1_53,U2OS-03,3,N13,s1,EI24,treated,U2OS,,train
12084,U2OS-03_3_N13_s1_54,U2OS-03,3,N13,s1,EI24,treated,U2OS,,train
12085,U2OS-03_3_N13_s1_55,U2OS-03,3,N13,s1,EI24,treated,U2OS,,train
12086,U2OS-03_3_N13_s1_58,U2OS-03,3,N13,s1,EI24,treated,U2OS,,train
12087,U2OS-03_3_N13_s1_60,U2OS-03,3,N13,s1,EI24,treated,U2OS,,train
12088,U2OS-03_3_N13_s1_63,U2OS-03,3,N13,s1,EI24,treated,U2OS,,train
12089,U2OS-03_3_N13_s1_64,U2OS-03,3,N13,s1,EI24,treated,U2OS,,train
12090,U2OS-03_3_N13_s1_65,U2OS-03,3,N13,s1,EI24,treated,U2OS,,train
12091,U2OS-03_3_N13_s1_66,U2OS-03,3,N13,s1,EI24,treated,U2OS,,train
12092,U2OS-03_3_N13_s1_67,U2OS-03,3,N13,s1,EI24,treated,U2OS,,train
12093,U2OS-03_3_N13_s1_68,U2OS-03,3,N13,s1,EI24,treated,U2OS,,train
12094,U2OS-03_3_N13_s1_70,U2OS-03,3,N13,s1,EI24,treated,U2OS,,train
12095,U2OS-03_3_N13_s1_73,U2OS-03,3,N13,s1,EI24,treated,U2OS,,train
12096,U2OS-03_3_N13_s1_74,U2OS-03,3,N13,s1,EI24,treated,U2OS,,train
12097,U2OS-03_3_N13_s1_76,U2OS-03,3,N13,s1,EI24,treated,U2OS,,train
12098,U2OS-03_3_N13_s1_77,U2OS-03,3,N13,s1,EI24,treated,U2OS,,train
12099,U2OS-03_3_N13_s1_78,U2OS-03,3,N13,s1,EI24,treated,U2OS,,train
12100,U2OS-03_3_N13_s1_80,U2OS-03,3,N13,s1,EI24,treated,U2OS,,train
12101,U2OS-03_3_N13_s1_81,U2OS-03,3,N13,s1,EI24,treated,U2OS,,train
12102,U2OS-03_3_N13_s1_84,U2OS-03,3,N13,s1,EI24,treated,U2OS,,train
12103,U2OS-03_3_N13_s1_85,U2OS-03,3,N13,s1,EI24,treated,U2OS,,train
12104,U2OS-03_3_N13_s1_87,U2OS-03,3,N13,s1,EI24,treated,U2OS,,train
12105,U2OS-03_3_N15_s1_18,U2OS-03,3,N15,s1,CRISP3,treated,U2OS,,train
12106,U2OS-03_3_N15_s1_20,U2OS-03,3,N15,s1,CRISP3,treated,U2OS,,train
12107,U2OS-03_3_N15_s1_22,U2OS-03,3,N15,s1,CRISP3,treated,U2OS,,train
12108,U2OS-03_3_N15_s1_24,U2OS-03,3,N15,s1,CRISP3,treated,U2OS,,train
12109,U2OS-03_3_N15_s1_27,U2OS-03,3,N15,s1,CRISP3,treated,U2OS,,train
12110,U2OS-03_3_N15_s1_29,U2OS-03,3,N15,s1,CRISP3,treated,U2OS,,train
12111,U2OS-03_3_N15_s1_30,U2OS-03,3,N15,s1,CRISP3,treated,U2OS,,train
12112,U2OS-03_3_N15_s1_31,U2OS-03,3,N15,s1,CRISP3,treated,U2OS,,train
12113,U2OS-03_3_N15_s1_32,U2OS-03,3,N15,s1,CRISP3,treated,U2OS,,train
12114,U2OS-03_3_N15_s1_33,U2OS-03,3,N15,s1,CRISP3,treated,U2OS,,train
12115,U2OS-03_3_N15_s1_34,U2OS-03,3,N15,s1,CRISP3,treated,U2OS,,train
12116,U2OS-03_3_N15_s1_35,U2OS-03,3,N15,s1,CRISP3,treated,U2OS,,train
12117,U2OS-03_3_N15_s1_37,U2OS-03,3,N15,s1,CRISP3,treated,U2OS,,train
12118,U2OS-03_3_N15_s1_38,U2OS-03,3,N15,s1,CRISP3,treated,U2OS,,train
12119,U2OS-03_3_N15_s1_43,U2OS-03,3,N15,s1,CRISP3,treated,U2OS,,train
12120,U2OS-03_3_N15_s1_44,U2OS-03,3,N15,s1,CRISP3,treated,U2OS,,train
12121,U2OS-03_3_N15_s1_46,U2OS-03,3,N15,s1,CRISP3,treated,U2OS,,train
12122,U2OS-03_3_N15_s1_47,U2OS-03,3,N15,s1,CRISP3,treated,U2OS,,train
12123,U2OS-03_3_N15_s1_48,U2OS-03,3,N15,s1,CRISP3,treated,U2OS,,train
12124,U2OS-03_3_N15_s1_49,U2OS-03,3,N15,s1,CRISP3,treated,U2OS,,train
12125,U2OS-03_3_N15_s1_50,U2OS-03,3,N15,s1,CRISP3,treated,U2OS,,train
12126,U2OS-03_3_N15_s1_52,U2OS-03,3,N15,s1,CRISP3,treated,U2OS,,train
12127,U2OS-03_3_N15_s1_53,U2OS-03,3,N15,s1,CRISP3,treated,U2OS,,train
12128,U2OS-03_3_N15_s1_54,U2OS-03,3,N15,s1,CRISP3,treated,U2OS,,train
12129,U2OS-03_3_N15_s1_55,U2OS-03,3,N15,s1,CRISP3,treated,U2OS,,train
12130,U2OS-03_3_N15_s1_56,U2OS-03,3,N15,s1,CRISP3,treated,U2OS,,train
12131,U2OS-03_3_N15_s1_57,U2OS-03,3,N15,s1,CRISP3,treated,U2OS,,train
12132,U2OS-03_3_N15_s1_58,U2OS-03,3,N15,s1,CRISP3,treated,U2OS,,train
12133,U2OS-03_3_N15_s1_59,U2OS-03,3,N15,s1,CRISP3,treated,U2OS,,train
12134,U2OS-03_3_N15_s1_60,U2OS-03,3,N15,s1,CRISP3,treated,U2OS,,train
12135,U2OS-03_3_N15_s1_62,U2OS-03,3,N15,s1,CRISP3,treated,U2OS,,train
12136,U2OS-03_3_N15_s1_64,U2OS-03,3,N15,s1,CRISP3,treated,U2OS,,train
12137,U2OS-03_3_N15_s1_67,U2OS-03,3,N15,s1,CRISP3,treated,U2OS,,train
12138,U2OS-03_3_N15_s1_68,U2OS-03,3,N15,s1,CRISP3,treated,U2OS,,train
12139,U2OS-03_3_N15_s1_69,U2OS-03,3,N15,s1,CRISP3,treated,U2OS,,train
12140,U2OS-03_3_N15_s1_71,U2OS-03,3,N15,s1,CRISP3,treated,U2OS,,train
12141,U2OS-03_3_N15_s1_73,U2OS-03,3,N15,s1,CRISP3,treated,U2OS,,train
12142,U2OS-03_3_N15_s1_76,U2OS-03,3,N15,s1,CRISP3,treated,U2OS,,train
12143,U2OS-03_3_N15_s1_77,U2OS-03,3,N15,s1,CRISP3,treated,U2OS,,train
12144,U2OS-03_3_N15_s1_78,U2OS-03,3,N15,s1,CRISP3,treated,U2OS,,train
12145,U2OS-03_3_N16_s1_1,U2OS-03,3,N16,s1,CDC42EP2,treated,U2OS,,train
12146,U2OS-03_3_N16_s1_2,U2OS-03,3,N16,s1,CDC42EP2,treated,U2OS,,train
12147,U2OS-03_3_N16_s1_3,U2OS-03,3,N16,s1,CDC42EP2,treated,U2OS,,train
12148,U2OS-03_3_N16_s1_5,U2OS-03,3,N16,s1,CDC42EP2,treated,U2OS,,train
12149,U2OS-03_3_N16_s1_7,U2OS-03,3,N16,s1,CDC42EP2,treated,U2OS,,train
12150,U2OS-03_3_N16_s1_8,U2OS-03,3,N16,s1,CDC42EP2,treated,U2OS,,train
12151,U2OS-03_3_N16_s1_10,U2OS-03,3,N16,s1,CDC42EP2,treated,U2OS,,train
12152,U2OS-03_3_N16_s1_12,U2OS-03,3,N16,s1,CDC42EP2,treated,U2OS,,train
12153,U2OS-03_3_N16_s1_13,U2OS-03,3,N16,s1,CDC42EP2,treated,U2OS,,train
12154,U2OS-03_3_N16_s1_14,U2OS-03,3,N16,s1,CDC42EP2,treated,U2OS,,train
12155,U2OS-03_3_N16_s1_15,U2OS-03,3,N16,s1,CDC42EP2,treated,U2OS,,train
12156,U2OS-03_3_N16_s1_16,U2OS-03,3,N16,s1,CDC42EP2,treated,U2OS,,train
12157,U2OS-03_3_N16_s1_17,U2OS-03,3,N16,s1,CDC42EP2,treated,U2OS,,train
12158,U2OS-03_3_N16_s1_18,U2OS-03,3,N16,s1,CDC42EP2,treated,U2OS,,train
12159,U2OS-03_3_N16_s1_23,U2OS-03,3,N16,s1,CDC42EP2,treated,U2OS,,train
12160,U2OS-03_3_N16_s1_24,U2OS-03,3,N16,s1,CDC42EP2,treated,U2OS,,train
12161,U2OS-03_3_N16_s1_25,U2OS-03,3,N16,s1,CDC42EP2,treated,U2OS,,train
12162,U2OS-03_3_N16_s1_26,U2OS-03,3,N16,s1,CDC42EP2,treated,U2OS,,train
12163,U2OS-03_3_N16_s1_27,U2OS-03,3,N16,s1,CDC42EP2,treated,U2OS,,train
12164,U2OS-03_3_N16_s1_28,U2OS-03,3,N16,s1,CDC42EP2,treated,U2OS,,train
12165,U2OS-03_3_N16_s1_29,U2OS-03,3,N16,s1,CDC42EP2,treated,U2OS,,train
12166,U2OS-03_3_N16_s2_11,U2OS-03,3,N16,s2,CDC42EP2,treated,U2OS,,train
12167,U2OS-03_3_N16_s2_13,U2OS-03,3,N16,s2,CDC42EP2,treated,U2OS,,train
12168,U2OS-03_3_N16_s2_14,U2OS-03,3,N16,s2,CDC42EP2,treated,U2OS,,train
12169,U2OS-03_3_N16_s2_15,U2OS-03,3,N16,s2,CDC42EP2,treated,U2OS,,train
12170,U2OS-03_3_N16_s2_17,U2OS-03,3,N16,s2,CDC42EP2,treated,U2OS,,train
12171,U2OS-03_3_N16_s2_18,U2OS-03,3,N16,s2,CDC42EP2,treated,U2OS,,train
12172,U2OS-03_3_N16_s2_19,U2OS-03,3,N16,s2,CDC42EP2,treated,U2OS,,train
12173,U2OS-03_3_N16_s2_20,U2OS-03,3,N16,s2,CDC42EP2,treated,U2OS,,train
12174,U2OS-03_3_N16_s2_23,U2OS-03,3,N16,s2,CDC42EP2,treated,U2OS,,train
12175,U2OS-03_3_N16_s2_25,U2OS-03,3,N16,s2,CDC42EP2,treated,U2OS,,train
12176,U2OS-03_3_N16_s2_27,U2OS-03,3,N16,s2,CDC42EP2,treated,U2OS,,train
12177,U2OS-03_3_N16_s2_29,U2OS-03,3,N16,s2,CDC42EP2,treated,U2OS,,train
12178,U2OS-03_3_N16_s2_31,U2OS-03,3,N16,s2,CDC42EP2,treated,U2OS,,train
12179,U2OS-03_3_N16_s2_32,U2OS-03,3,N16,s2,CDC42EP2,treated,U2OS,,train
12180,U2OS-03_3_N16_s2_34,U2OS-03,3,N16,s2,CDC42EP2,treated,U2OS,,train
12181,U2OS-03_3_N16_s2_35,U2OS-03,3,N16,s2,CDC42EP2,treated,U2OS,,train
12182,U2OS-03_3_N16_s2_40,U2OS-03,3,N16,s2,CDC42EP2,treated,U2OS,,train
12183,U2OS-03_3_N16_s2_41,U2OS-03,3,N16,s2,CDC42EP2,treated,U2OS,,train
12184,U2OS-03_3_N16_s2_43,U2OS-03,3,N16,s2,CDC42EP2,treated,U2OS,,train
12185,U2OS-03_3_O19_s1_7,U2OS-03,3,O19,s1,RGP1,treated,U2OS,,train
12186,U2OS-03_3_O19_s1_8,U2OS-03,3,O19,s1,RGP1,treated,U2OS,,train
12187,U2OS-03_3_O19_s1_9,U2OS-03,3,O19,s1,RGP1,treated,U2OS,,train
12188,U2OS-03_3_O19_s1_11,U2OS-03,3,O19,s1,RGP1,treated,U2OS,,train
12189,U2OS-03_3_O19_s1_12,U2OS-03,3,O19,s1,RGP1,treated,U2OS,,train
12190,U2OS-03_3_O19_s1_18,U2OS-03,3,O19,s1,RGP1,treated,U2OS,,train
12191,U2OS-03_3_O19_s1_19,U2OS-03,3,O19,s1,RGP1,treated,U2OS,,train
12192,U2OS-03_3_O19_s1_20,U2OS-03,3,O19,s1,RGP1,treated,U2OS,,train
12193,U2OS-03_3_O19_s1_24,U2OS-03,3,O19,s1,RGP1,treated,U2OS,,train
12194,U2OS-03_3_O19_s1_28,U2OS-03,3,O19,s1,RGP1,treated,U2OS,,train
12195,U2OS-03_3_O19_s1_29,U2OS-03,3,O19,s1,RGP1,treated,U2OS,,train
12196,U2OS-03_3_O19_s1_30,U2OS-03,3,O19,s1,RGP1,treated,U2OS,,train
12197,U2OS-03_3_O19_s1_31,U2OS-03,3,O19,s1,RGP1,treated,U2OS,,train
12198,U2OS-03_3_O19_s1_32,U2OS-03,3,O19,s1,RGP1,treated,U2OS,,train
12199,U2OS-03_3_O19_s1_33,U2OS-03,3,O19,s1,RGP1,treated,U2OS,,train
12200,U2OS-03_3_O19_s2_6,U2OS-03,3,O19,s2,RGP1,treated,U2OS,,train
12201,U2OS-03_3_O19_s2_7,U2OS-03,3,O19,s2,RGP1,treated,U2OS,,train
12202,U2OS-03_3_O19_s2_9,U2OS-03,3,O19,s2,RGP1,treated,U2OS,,train
12203,U2OS-03_3_O19_s2_10,U2OS-03,3,O19,s2,RGP1,treated,U2OS,,train
12204,U2OS-03_3_O19_s2_12,U2OS-03,3,O19,s2,RGP1,treated,U2OS,,train
12205,U2OS-03_3_O19_s2_13,U2OS-03,3,O19,s2,RGP1,treated,U2OS,,train
12206,U2OS-03_3_O19_s2_14,U2OS-03,3,O19,s2,RGP1,treated,U2OS,,train
12207,U2OS-03_3_O19_s2_15,U2OS-03,3,O19,s2,RGP1,treated,U2OS,,train
12208,U2OS-03_3_O19_s2_17,U2OS-03,3,O19,s2,RGP1,treated,U2OS,,train
12209,U2OS-03_3_O19_s2_18,U2OS-03,3,O19,s2,RGP1,treated,U2OS,,train
